start,end,observations,total_return,annual_return,annual_volatility,sharpe,sortino,max_drawdown,calmar,win_rate,profit_factor
2005-02-23,2005-05-24,60,0.0,0.0,0.0,,,0.0,,0.0,
2005-05-25,2005-08-16,60,0.0,0.0,0.0,,,0.0,,0.0,
2005-08-17,2005-11-15,60,0.0,0.0,0.0,,,0.0,,0.0,
2005-11-16,2006-02-20,60,0.0,0.0,0.0,,,0.0,,0.0,
2006-02-21,2006-05-22,60,0.0,0.0,0.0,,,0.0,,0.0,
2006-05-23,2006-08-14,60,0.0,0.0,0.0,,,0.0,,0.0,
2006-08-15,2006-11-13,60,0.0,0.0,0.0,,,0.0,,0.0,
2006-11-14,2007-02-08,60,0.0,0.0,0.0,,,0.0,,0.0,
2007-02-09,2007-05-17,60,0.0,0.0,0.0,,,0.0,,0.0,
2007-05-18,2007-08-09,60,0.0,0.0,0.0,,,0.0,,0.0,
2007-08-10,2007-11-08,60,0.0,0.0,0.0,,,0.0,,0.0,
2007-11-09,2008-02-04,60,0.0,0.0,0.0,,,0.0,,0.0,
2008-02-05,2008-05-08,60,0.0,0.0,0.0,,,0.0,,0.0,
2008-05-09,2008-08-01,60,0.0,0.0,0.0,,,0.0,,0.0,
2008-08-04,2008-11-03,60,0.0,0.0,0.0,,,0.0,,0.0,
2008-11-04,2009-02-04,60,0.0,0.0,0.0,,,0.0,,0.0,
2009-02-05,2009-04-30,60,0.0,0.0,0.0,,,0.0,,0.0,
2009-05-04,2009-07-28,60,0.0,0.0,0.0,,,0.0,,0.0,
2009-07-29,2009-10-28,60,0.0,0.0,0.0,,,0.0,,0.0,
2009-10-29,2010-01-21,60,0.0,0.0,0.0,,,0.0,,0.0,
2010-01-22,2010-04-23,60,0.0,0.0,0.0,,,0.0,,0.0,
2010-04-26,2010-07-22,60,0.0,0.0,0.0,,,0.0,,0.0,
2010-07-23,2010-10-26,60,0.0,0.0,0.0,,,0.0,,0.0,
2010-10-27,2011-01-19,60,0.0,0.0,0.0,,,0.0,,0.0,
2011-01-20,2011-04-22,60,0.0,0.0,0.0,,,0.0,,0.0,
2011-04-25,2011-07-19,60,0.0,0.0,0.0,,,0.0,,0.0,
2011-07-20,2011-10-19,60,0.0,0.0,0.0,,,0.0,,0.0,
2011-10-20,2012-01-13,60,-0.0025467473599999346,-0.01065283485392543,0.025569991083266616,-0.4166147269756697,,-0.009900368452312458,-1.0760038785664807,0.016666666666666666,0.7501895182764904
2012-01-16,2012-04-18,60,0.05881979916824731,0.27131340274474725,0.21448633172882545,1.2649449527057421,2.7804211946570865,-0.08189179481357589,3.313071881772572,0.5333333333333333,1.2278783481455535
2012-04-19,2012-07-16,60,-0.059440884236830915,-0.226925039386916,0.16057125789353419,-1.4132357332429772,-2.1101544378702486,-0.10232713044676156,-2.2176429495888175,0.45,0.7771902094667587
2012-07-17,2012-10-15,60,-0.025397083235824236,-0.10241338323397431,0.16933805653548922,-0.6047865750278698,-1.148792999805636,-0.07903482387970162,-1.295800739555731,0.43333333333333335,0.900210147857617
2012-10-16,2013-01-10,60,0.12059818073011286,0.6132052803254227,0.2064483686478087,2.9702597523137726,5.277417901317874,-0.08912085074459619,6.8806039799009,0.5,1.5737942536226255
2013-01-11,2013-04-15,60,-0.04704971743040787,-0.1832389452447145,0.279217219222357,-0.6562594733772155,-0.9215603968745593,-0.14960611526732592,-1.2248091925740554,0.5,0.8964385863233884
2013-04-16,2013-07-16,60,-0.02650618865130483,-0.1066957114407775,0.2541907616933516,-0.41974661364559,-0.5198609463592397,-0.17123853887700236,-0.6230823513240507,0.5,0.9447421785437204
2013-07-17,2013-10-17,60,0.0011095989641465298,0.004668596114307366,0.1710465374371361,0.027294303551880974,0.046552988110735515,-0.04748026110954684,0.09832709435897885,0.5166666666666667,1.0181923718714683
2013-10-18,2014-01-10,60,-0.06187521595636836,-0.2352938897202631,0.15313470557342637,-1.5365157678606194,-2.1753185280285527,-0.10258408533492758,-2.2936685447070104,0.43333333333333335,0.7514150184015729
2014-01-13,2014-04-14,60,0.02100798319977404,0.09124528152130762,0.13285639546852374,0.686796305134783,0.9365260793291513,-0.07644656756126422,1.19358245153628,0.48333333333333334,1.1280607337206132
2014-04-15,2014-07-10,60,-0.01759220439966691,-0.071834204037453,0.09328283228630489,-0.7700688570108861,-0.9566898477965048,-0.031690248078972916,-2.2667605459711235,0.4666666666666667,0.880291471590816
2014-07-11,2014-10-10,60,0.11067666455607261,0.5540612050328502,0.10506388604154421,5.273564741492278,7.82289749018752,-0.023193205369053116,23.888944896428097,0.65,1.9419137273745488
2014-10-13,2015-01-06,60,0.2736520540942018,1.761934414213719,0.22872490519232275,7.703290609005613,11.525086967730228,-0.04216730818409786,41.78437016945226,0.6333333333333333,2.3836767758762942
2015-01-07,2015-04-08,60,0.1919590929556272,1.0907286681645298,0.2471058377986877,4.414014164461485,4.664955522932063,-0.07418953291771002,14.701921218109712,0.5833333333333334,1.7704261462802333
2015-04-09,2015-07-03,60,1.3388750031270056,34.46740808420455,4.007743164058649,8.60020382376483,30.023831816616518,-0.3560130002602371,96.81502658332614,0.6166666666666667,3.5253791401789187
2015-07-06,2015-09-29,60,-0.05103809008590954,-0.19750029908459044,0.23027127064913602,-0.8576853661676334,-1.0094241280502598,-0.13637800317532967,-1.4481829509608013,0.48333333333333334,0.8403999260976769
2015-09-30,2015-12-29,60,0.2128816102375688,1.2492479198649007,0.3240730704793081,3.8548340904020426,5.702451824646899,-0.07504618925341366,16.646387142276854,0.5333333333333333,1.6495699972399067
2015-12-30,2016-03-30,60,0.017248880928838695,0.07447008169316716,0.15750514648560945,0.4728104659105292,0.6522170773698625,-0.05603665140964109,1.3289531015829863,0.5833333333333334,1.1164193204166228
2016-03-31,2016-06-28,60,-0.02498295088208613,-0.10081038747981153,0.20665879428587483,-0.48781077925171046,-0.5598397390729721,-0.10325139512864867,-0.9763585988761149,0.48333333333333334,0.9198582705912743
2016-06-29,2016-09-22,60,-0.022813068223292654,-0.0923756648864239,0.08562474658894399,-1.0788430747700641,-1.1417084764243155,-0.039149303352444154,-2.3595736571556833,0.4666666666666667,0.7937560138528049
2016-09-23,2016-12-22,60,-0.014392356421650376,-0.0590705447982125,0.06223299553247142,-0.9491836973746693,-1.1023651396475496,-0.036473515582351124,-1.6195462338923992,0.5333333333333333,0.840695392128939
2016-12-23,2017-03-24,60,0.009901643951206074,0.04225054878322587,0.0780929313267452,0.5410291055210517,0.5896536235516717,-0.023105021457881736,1.8286305797311038,0.5833333333333334,1.1473049122481178
2017-03-27,2017-06-23,60,0.010018288144748366,0.04275624036721837,0.05518306760872844,0.7748072410613054,1.2043745889577244,-0.02677318849482091,1.5969797686028047,0.5333333333333333,1.1661629315453959
2017-06-26,2017-09-15,60,0.042994258040805367,0.19339455945150608,0.10150886070362264,1.905198798518327,3.752659524158488,-0.03281862134364111,5.892830092601618,0.5166666666666667,1.3445409191157403
2017-09-18,2017-12-15,60,-0.0005264725754164923,-0.0022093229306857642,0.08145217202908406,-0.02712417453885555,-0.035061297125694904,-0.04299272140326904,-0.051388301521144784,0.6,1.0022056491836193
2017-12-18,2018-03-19,60,0.0049110299377901345,0.020788984702311497,0.12786408675782446,0.162586581028698,0.2219329541380759,-0.08884576039313696,0.23398960862422172,0.6,1.0404461704914774
2018-03-20,2018-06-15,60,0.03424345314694888,0.15190238612837081,0.18015907371009796,0.8431570111911418,1.3206739824402864,-0.049580161169365033,3.0637735446134333,0.48333333333333334,1.1568156423449865
2018-06-19,2018-09-10,60,-0.06298180319799085,-0.23907525980288058,0.1722917533304512,-1.3876187059536176,-1.9275694171902393,-0.11093574268912332,-2.155078733035973,0.4666666666666667,0.7444975367957344
2018-09-11,2018-12-11,60,0.020193908505176328,0.08759561890424528,0.1633604926146299,0.536210545782846,0.7594707744076186,-0.06468355967467188,1.3542176612544263,0.5166666666666667,1.1013848261666597
2018-12-12,2019-03-14,60,0.09360180749633407,0.4561587402491809,0.18084811031069303,2.5223306976529107,4.317704755984565,-0.042647670726019715,10.695982511675004,0.4666666666666667,1.4900877877881298
2019-03-15,2019-06-13,60,0.06468426315672815,0.3011504211496352,0.19253745259145727,1.5641134599855873,2.4260650441177583,-0.0655255634199714,4.59592265112593,0.5666666666666667,1.319902763224053
2019-06-14,2019-09-05,60,0.054966923713626104,0.25199657985204715,0.10927312734934594,2.306116663490509,2.9455705884895163,-0.03504674339577163,7.19029945254344,0.65,1.4093018468285456
2019-09-06,2019-12-06,60,-0.03173693354420215,-0.1266825483439582,0.12669446775875967,-0.9999059200057246,-1.2755312677061625,-0.07146204544609425,-1.7727249136678893,0.5666666666666667,0.8439343999205439
2019-12-09,2020-03-10,60,0.24906229197109075,1.5447973857896495,0.3343077326339305,4.620884397792899,6.003145802358599,-0.09593917547182262,16.10184138223449,0.6166666666666667,1.6863794197161373
2020-03-11,2020-06-08,60,-0.0035832866707434796,-0.014963746087338747,0.18621226317830694,-0.08035854262192314,-0.10311037152164486,-0.08901495799733372,-0.16810372575569782,0.6166666666666667,1.0018713056356756
2020-06-09,2020-09-02,60,-0.058938964828115004,-0.2251908776976328,0.28485718741152266,-0.7905395673668147,-0.8912996166673446,-0.14480684987812675,-1.555112053657402,0.5666666666666667,0.8735532015395133
2020-09-03,2020-12-03,60,-0.046131426480811366,-0.17992821399706405,0.1875680206848049,-0.9592691405504618,-1.6753589218438192,-0.13345624375284904,-1.3482187789600735,0.43333333333333335,0.8589911672129594
2020-12-04,2021-03-05,60,-0.14134383173717302,-0.4727203199290493,0.26548779011116247,-1.7805727326711198,-2.065285326250931,-0.2170906836471892,-2.1775246730407996,0.5,0.6773283976814204
2021-03-08,2021-06-03,60,-0.08085735556749285,-0.2982082679576341,0.21965850413509772,-1.3575994661887778,-1.6195351724195268,-0.11147824903036874,-2.6750354490802657,0.43333333333333335,0.7673877195749969
2021-06-04,2021-08-27,60,0.24622513832376636,1.5206081208456204,0.2898488816486639,5.246210067109396,8.743483914784626,-0.049010742813130115,31.026016615243897,0.5666666666666667,1.7579264953829907
2021-08-30,2021-11-30,60,-0.008200333614481248,-0.03399222240318356,0.313336046217974,-0.10848487690285297,-0.1491276778858767,-0.16712563826443505,-0.2033932241407465,0.5333333333333333,1.007429254879402
2021-12-01,2022-03-02,60,-0.03395134880562167,-0.13504045888945237,0.16954840150598047,-0.7964714364156898,-1.2106935628806479,-0.08336019598480271,-1.6199633085564173,0.5,0.8823674094476951
2022-03-03,2022-06-01,60,-0.20567830524267572,-0.6198237504512026,0.254338772446771,-2.437000636939544,-3.2697297544798634,-0.24858228733404508,-2.49343489875561,0.4666666666666667,0.5441611734325683
2022-06-02,2022-08-25,60,0.09799098898556591,0.4808629208056763,0.24033984145140186,2.000762411682416,3.4575269459426132,-0.07364263077387967,6.529681459672048,0.5833333333333334,1.3498867003511095
2022-08-26,2022-11-25,60,-0.013064819872077749,-0.053736156426364645,0.22809258770585306,-0.23558922701890908,-0.44775391765075917,-0.07029390039260852,-0.7644497762428197,0.4166666666666667,0.9784948148467078
2022-11-28,2023-02-27,60,0.07863809628618501,0.3742893186964438,0.2549676362424918,1.4679875619212661,3.0390412758563463,-0.04761635988849866,7.860519358743554,0.48333333333333334,1.283265760999272
2023-02-28,2023-05-26,60,0.04588501894561592,0.20734825186326034,0.31482117499800977,0.658622317461877,1.2305854873202204,-0.11396066824346107,1.8194720604857257,0.4666666666666667,1.1343471923412174
2023-05-29,2023-08-22,60,0.004429956271536417,0.01873812205366243,0.21397688455659827,0.08757077706076273,0.09543659270261438,-0.10811898411330512,0.17331019346265314,0.55,1.0365892217085588
2023-08-23,2023-11-22,60,0.04609134976010898,0.2083489407570327,0.13024519296655596,1.5996670280993175,3.184236809712066,-0.039251628195441035,5.308033076223621,0.5833333333333334,1.3079995980842631
2023-11-23,2024-02-23,60,-0.025397302607044314,-0.10241423178399112,0.17967466529807297,-0.5699981776178076,-0.7907638890257292,-0.09051923337555767,-1.1314085191053482,0.5,0.91469572926307
2024-02-26,2024-05-24,60,0.003998690166038932,0.01690226375252246,0.20756989707982026,0.08142926305938648,0.12500254427483562,-0.07118548711432604,0.23743974281410643,0.5333333333333333,1.0316138038393343
2024-05-27,2024-08-19,60,-0.14996235999315788,-0.4945941565639047,0.1855145842907724,-2.6660661664674636,-3.245795862319604,-0.15604133474641924,-3.1696355159205942,0.5,0.5369865336110271
2024-08-20,2024-11-20,60,0.3133064154376273,2.1415029817297477,0.49022985474123215,4.368365086333104,8.029312503918378,-0.14082818382366036,15.206494350670996,0.5,1.6872675531281638
2024-11-21,2025-02-21,60,0.043165659029720915,0.19421846787027497,0.2659624008779117,0.7302478366460141,1.2201627929686572,-0.08997812643561032,2.1585075791643717,0.5166666666666667,1.1478723337642227
2025-02-24,2025-05-22,60,-0.046262029082343004,-0.18039970054512688,0.2515192269503137,-0.717240199616087,-0.9003581027473397,-0.10501753143026726,-1.717805571014723,0.5,0.8899137268948423
2025-05-23,2025-08-15,60,0.07089652196898788,0.33333578120070073,0.1928377333745747,1.7285817218833297,3.459475147649228,-0.05218953408388116,6.387023510594093,0.45,1.2915864743959415
2025-08-18,2025-11-17,60,0.13963796923263727,0.7314941265024595,0.33427530418205964,2.188298439492433,3.1132563125403543,-0.11312401138282024,6.466302932160245,0.5833333333333334,1.3602745893925139
2025-11-18,2026-02-11,60,-0.013456614952218615,-0.05531288169006687,0.33398688247248737,-0.16561393453715462,-0.20355050598214963,-0.1354788823114924,-0.4082767789808876,0.5166666666666667,0.9992493646780591
2026-02-12,2026-05-20,60,0.2890805763006863,1.9052015764533659,0.24754227501176412,7.69646952773147,17.47472976697491,-0.06823834084088365,27.91981095929434,0.5333333333333333,2.035648425898605
