signal_date,execution_date,action,code,rank_benefit
2012-01-11,2012-01-12,initial_buy,510050,
2012-12-27,2012-12-28,buy,159915,
2013-06-14,2013-06-17,sell,510050,0.16666666666666669
2013-06-14,2013-06-17,buy,510300,0.16666666666666669
2013-08-16,2013-08-19,sell,159915,0.5
2013-08-16,2013-08-19,buy,510050,0.5
2013-09-06,2013-09-09,sell,510300,0.625
2013-09-06,2013-09-09,buy,159915,0.625
2013-10-08,2013-10-09,sell,510050,0.25
2013-10-08,2013-10-09,buy,510300,0.25
2013-10-29,2013-10-30,sell,159915,0.3333333333333333
2013-10-29,2013-10-30,buy,510050,0.3333333333333333
2013-11-26,2013-11-27,sell,510050,0.5555555555555556
2013-11-26,2013-11-27,buy,159915,0.5555555555555556
2014-01-22,2014-01-23,sell,510300,0.1111111111111111
2014-01-22,2014-01-23,buy,510050,0.1111111111111111
2014-02-26,2014-02-27,sell,510050,0.1
2014-02-26,2014-02-27,buy,510300,0.1
2014-03-12,2014-03-13,sell,159915,0.19999999999999998
2014-03-12,2014-03-13,buy,510050,0.19999999999999998
2014-03-19,2014-03-20,sell,510300,0.30000000000000004
2014-03-19,2014-03-20,buy,159915,0.30000000000000004
2014-04-10,2014-04-11,sell,159915,0.6000000000000001
2014-04-10,2014-04-11,buy,510300,0.6000000000000001
2014-05-05,2014-05-06,sell,510300,0.4
2014-05-05,2014-05-06,buy,511010,0.4
2014-05-26,2014-05-27,sell,510050,0.3
2014-05-26,2014-05-27,buy,159915,0.3
2014-06-17,2014-06-18,sell,511010,0.5
2014-06-17,2014-06-18,buy,510500,0.5
2014-07-15,2014-07-16,sell,159915,0.30000000000000004
2014-07-15,2014-07-16,buy,510300,0.30000000000000004
2014-07-29,2014-07-30,sell,510500,0.30000000000000004
2014-07-29,2014-07-30,buy,510050,0.30000000000000004
2014-08-19,2014-08-20,sell,510050,0.30000000000000004
2014-08-19,2014-08-20,buy,510500,0.30000000000000004
2014-08-26,2014-08-27,sell,510300,0.7
2014-08-26,2014-08-27,buy,159915,0.7
2014-11-05,2014-11-06,sell,159915,0.5
2014-11-05,2014-11-06,buy,511010,0.5
2014-11-12,2014-11-13,sell,510500,0.4
2014-11-12,2014-11-13,buy,510050,0.4
2014-11-26,2014-11-27,sell,511010,0.7
2014-11-26,2014-11-27,buy,510300,0.7
2015-01-23,2015-01-26,sell,510300,0.20000000000000007
2015-01-23,2015-01-26,buy,159915,0.20000000000000007
2015-01-30,2015-02-02,sell,510050,0.8
2015-01-30,2015-02-02,buy,510500,0.8
2015-04-13,2015-04-14,buy,510300,
2015-04-20,2015-04-21,sell,159915,0.4
2015-04-20,2015-04-21,buy,510500,0.4
2015-05-05,2015-05-06,sell,510300,0.20000000000000007
2015-05-05,2015-05-06,buy,159915,0.20000000000000007
2015-06-16,2015-06-17,sell,159915,0.20000000000000007
2015-06-16,2015-06-17,buy,159928,0.20000000000000007
2015-06-24,2015-06-25,sell,510500,0.30000000000000004
2015-06-24,2015-06-25,buy,511010,0.30000000000000004
2015-07-08,2015-07-09,sell,159928,0.39999999999999997
2015-07-08,2015-07-09,buy,518880,0.39999999999999997
2015-07-29,2015-07-30,sell,518880,0.49999999999999994
2015-07-29,2015-07-30,buy,159915,0.49999999999999994
2015-08-05,2015-08-06,sell,511010,0.7
2015-08-05,2015-08-06,buy,510500,0.7
2015-08-19,2015-08-20,sell,159915,0.9
2015-08-19,2015-08-20,buy,518880,0.9
2015-08-26,2015-08-27,sell,510500,0.7
2015-08-26,2015-08-27,buy,511010,0.7
2015-09-25,2015-09-28,sell,511010,0.6363636363636364
2015-09-25,2015-09-28,buy,510050,0.6363636363636364
2015-10-09,2015-10-12,sell,518880,0.5454545454545454
2015-10-09,2015-10-12,buy,510500,0.5454545454545454
2015-10-23,2015-10-26,sell,510050,0.4545454545454546
2015-10-23,2015-10-26,buy,159915,0.4545454545454546
2015-12-04,2015-12-07,sell,159915,0.4545454545454546
2015-12-04,2015-12-07,buy,159928,0.4545454545454546
2015-12-11,2015-12-14,sell,510500,0.5454545454545454
2015-12-11,2015-12-14,buy,511010,0.5454545454545454
2016-01-04,2016-01-05,sell,511010,0.36363636363636365
2016-01-04,2016-01-05,buy,518880,0.36363636363636365
2016-01-18,2016-01-19,sell,159928,0.2727272727272727
2016-01-18,2016-01-19,buy,511010,0.2727272727272727
2016-02-15,2016-02-16,sell,511010,0.18181818181818177
2016-02-15,2016-02-16,buy,159915,0.18181818181818177
2016-03-07,2016-03-08,sell,159915,0.8181818181818181
2016-03-07,2016-03-08,buy,510050,0.8181818181818181
2016-03-14,2016-03-15,sell,518880,0.2727272727272728
2016-03-14,2016-03-15,buy,159928,0.2727272727272728
2016-03-28,2016-03-29,sell,510050,0.36363636363636365
2016-03-28,2016-03-29,buy,159915,0.36363636363636365
2016-04-12,2016-04-13,sell,159928,0.18181818181818177
2016-04-12,2016-04-13,buy,510500,0.18181818181818177
2016-04-26,2016-04-27,sell,159915,0.5454545454545455
2016-04-26,2016-04-27,buy,510050,0.5454545454545455
2016-05-04,2016-05-05,sell,510500,0.7272727272727273
2016-05-04,2016-05-05,buy,518880,0.7272727272727273
2016-05-18,2016-05-19,sell,510050,0.45454545454545453
2016-05-18,2016-05-19,buy,159928,0.45454545454545453
2016-05-25,2016-05-26,sell,518880,0.18181818181818177
2016-05-25,2016-05-26,buy,511010,0.18181818181818177
2016-06-08,2016-06-13,sell,159928,0.4545454545454546
2016-06-08,2016-06-13,buy,510500,0.4545454545454546
2016-06-17,2016-06-20,sell,511010,0.8181818181818181
2016-06-17,2016-06-20,buy,159915,0.8181818181818181
2016-07-01,2016-07-04,sell,510500,0.18181818181818177
2016-07-01,2016-07-04,buy,159928,0.18181818181818177
2016-07-08,2016-07-11,sell,159915,0.36363636363636365
2016-07-08,2016-07-11,buy,518880,0.36363636363636365
2016-07-29,2016-08-01,sell,518880,0.3636363636363636
2016-07-29,2016-08-01,buy,510300,0.3636363636363636
2016-08-12,2016-08-15,sell,159928,0.36363636363636365
2016-08-12,2016-08-15,buy,510050,0.36363636363636365
2016-08-19,2016-08-22,sell,510300,0.25
2016-08-19,2016-08-22,buy,512010,0.25
2016-09-09,2016-09-12,sell,510050,0.5714285714285714
2016-09-09,2016-09-12,buy,159915,0.5714285714285714
2016-10-11,2016-10-12,sell,159915,0.1428571428571428
2016-10-11,2016-10-12,buy,510500,0.1428571428571428
2016-10-25,2016-10-26,sell,512010,0.2857142857142857
2016-10-25,2016-10-26,buy,510050,0.2857142857142857
2016-11-01,2016-11-02,sell,510500,0.2857142857142857
2016-11-01,2016-11-02,buy,159928,0.2857142857142857
2016-11-22,2016-11-23,sell,159928,0.1428571428571428
2016-11-22,2016-11-23,buy,510300,0.1428571428571428
2016-12-13,2016-12-14,sell,510300,0.20000000000000007
2016-12-13,2016-12-14,buy,159928,0.20000000000000007
2016-12-20,2016-12-21,sell,510050,0.4666666666666667
2016-12-20,2016-12-21,buy,512010,0.4666666666666667
2017-01-18,2017-01-19,sell,512010,0.5333333333333333
2017-01-18,2017-01-19,buy,518880,0.5333333333333333
2017-02-15,2017-02-16,sell,159928,0.33333333333333337
2017-02-15,2017-02-16,buy,510050,0.33333333333333337
2017-02-22,2017-02-23,sell,518880,0.8125
2017-02-22,2017-02-23,buy,159928,0.8125
2017-03-08,2017-03-09,sell,510050,0.4375
2017-03-08,2017-03-09,buy,159915,0.4375
2017-03-29,2017-03-30,sell,159915,0.75
2017-03-29,2017-03-30,buy,512010,0.75
2017-04-14,2017-04-17,sell,159928,0.1875
2017-04-14,2017-04-17,buy,518880,0.1875
2017-04-21,2017-04-24,sell,512010,0.125
2017-04-21,2017-04-24,buy,159928,0.125
2017-05-08,2017-05-09,sell,518880,0.1875
2017-05-08,2017-05-09,buy,511010,0.1875
2017-05-15,2017-05-16,sell,159928,0.1875
2017-05-15,2017-05-16,buy,512010,0.1875
2017-05-31,2017-06-01,sell,511010,0.4375
2017-05-31,2017-06-01,buy,510050,0.4375
2017-06-07,2017-06-08,sell,512010,0.25
2017-06-07,2017-06-08,buy,510300,0.25
2017-06-21,2017-06-22,sell,510050,0.1875
2017-06-21,2017-06-22,buy,159928,0.1875
2017-07-12,2017-07-13,sell,159928,0.4666666666666667
2017-07-12,2017-07-13,buy,510050,0.4666666666666667
2017-08-09,2017-08-10,sell,510300,0.3125
2017-08-09,2017-08-10,buy,159928,0.3125
2017-08-16,2017-08-17,sell,510050,0.875
2017-08-16,2017-08-17,buy,159949,0.875
2017-08-30,2017-08-31,sell,159928,0.125
2017-08-30,2017-08-31,buy,159915,0.125
2017-09-13,2017-09-14,sell,159949,0.11764705882352944
2017-09-13,2017-09-14,buy,510500,0.11764705882352944
2017-09-20,2017-09-21,sell,159915,0.17647058823529416
2017-09-20,2017-09-21,buy,512880,0.17647058823529416
2017-10-11,2017-10-12,sell,510500,0.368421052631579
2017-10-11,2017-10-12,buy,512010,0.368421052631579
2017-10-18,2017-10-19,sell,512880,0.8947368421052632
2017-10-18,2017-10-19,buy,159928,0.8947368421052632
2017-11-15,2017-11-16,sell,512010,0.1499999999999999
2017-11-15,2017-11-16,buy,510050,0.1499999999999999
2017-11-29,2017-11-30,sell,159928,0.29999999999999993
2017-11-29,2017-11-30,buy,510300,0.29999999999999993
2017-12-13,2017-12-14,sell,510050,0.35
2017-12-13,2017-12-14,buy,159928,0.35
2017-12-20,2017-12-21,sell,510300,0.7
2017-12-20,2017-12-21,buy,511010,0.7
2018-01-11,2018-01-12,sell,511010,0.5
2018-01-11,2018-01-12,buy,510050,0.5
2018-01-25,2018-01-26,sell,159928,0.19999999999999996
2018-01-25,2018-01-26,buy,512880,0.19999999999999996
2018-02-22,2018-02-23,sell,512880,0.8999999999999999
2018-02-22,2018-02-23,buy,511010,0.8999999999999999
2018-03-01,2018-03-02,sell,510050,0.7619047619047619
2018-03-01,2018-03-02,buy,159949,0.7619047619047619
2018-03-15,2018-03-16,sell,511010,0.7142857142857142
2018-03-15,2018-03-16,buy,159915,0.7142857142857142
2018-03-29,2018-03-30,sell,159949,0.1428571428571429
2018-03-29,2018-03-30,buy,512010,0.1428571428571429
2018-04-16,2018-04-17,sell,159915,0.23809523809523814
2018-04-16,2018-04-17,buy,512660,0.23809523809523814
2018-04-23,2018-04-24,sell,512010,0.23809523809523814
2018-04-23,2018-04-24,buy,511010,0.23809523809523814
2018-05-09,2018-05-10,sell,512660,0.9047619047619047
2018-05-09,2018-05-10,buy,512010,0.9047619047619047
2018-05-16,2018-05-17,sell,511010,0.5714285714285714
2018-05-16,2018-05-17,buy,159928,0.5714285714285714
2018-06-13,2018-06-14,sell,512010,0.19047619047619047
2018-06-13,2018-06-14,buy,518880,0.19047619047619047
2018-06-28,2018-06-29,sell,159928,0.1428571428571429
2018-06-28,2018-06-29,buy,511010,0.1428571428571429
2018-07-19,2018-07-20,sell,518880,0.47619047619047616
2018-07-19,2018-07-20,buy,512660,0.47619047619047616
2018-07-26,2018-07-27,sell,511010,0.6666666666666667
2018-07-26,2018-07-27,buy,159949,0.6666666666666667
2018-08-09,2018-08-10,sell,512660,0.47619047619047616
2018-08-09,2018-08-10,buy,511010,0.47619047619047616
2018-08-16,2018-08-17,sell,159949,0.6666666666666667
2018-08-16,2018-08-17,buy,512800,0.6666666666666667
2018-08-30,2018-08-31,sell,511010,0.38095238095238093
2018-08-30,2018-08-31,buy,512660,0.38095238095238093
2018-09-06,2018-09-07,sell,512800,0.19047619047619047
2018-09-06,2018-09-07,buy,511010,0.19047619047619047
2018-09-28,2018-10-08,sell,511010,0.33333333333333337
2018-09-28,2018-10-08,buy,512800,0.33333333333333337
2018-10-12,2018-10-15,sell,512660,0.8571428571428572
2018-10-12,2018-10-15,buy,518880,0.8571428571428572
2018-11-02,2018-11-05,sell,512800,0.1428571428571429
2018-11-02,2018-11-05,buy,512880,0.1428571428571429
2018-11-09,2018-11-12,sell,518880,0.47619047619047616
2018-11-09,2018-11-12,buy,512200,0.47619047619047616
2018-11-30,2018-12-03,sell,512880,0.4285714285714285
2018-11-30,2018-12-03,buy,512100,0.4285714285714285
2018-12-07,2018-12-10,sell,512200,0.19047619047619047
2018-12-07,2018-12-10,buy,159928,0.19047619047619047
2018-12-21,2018-12-24,sell,512100,0.38095238095238093
2018-12-21,2018-12-24,buy,518880,0.38095238095238093
2019-01-08,2019-01-09,sell,159928,0.38095238095238093
2019-01-08,2019-01-09,buy,512880,0.38095238095238093
2019-01-22,2019-01-23,sell,518880,0.8095238095238095
2019-01-22,2019-01-23,buy,159928,0.8095238095238095
2019-02-12,2019-02-13,sell,512880,0.4761904761904762
2019-02-12,2019-02-13,buy,512010,0.4761904761904762
2019-02-26,2019-02-27,sell,159928,0.5238095238095238
2019-02-26,2019-02-27,buy,512880,0.5238095238095238
2019-03-05,2019-03-06,sell,512010,0.4285714285714286
2019-03-05,2019-03-06,buy,159949,0.4285714285714286
2019-03-19,2019-03-20,sell,512880,0.19047619047619047
2019-03-19,2019-03-20,buy,512980,0.19047619047619047
2019-03-26,2019-03-27,sell,159949,0.4285714285714286
2019-03-26,2019-03-27,buy,512200,0.4285714285714286
2019-04-10,2019-04-11,sell,512980,0.9523809523809523
2019-04-10,2019-04-11,buy,159928,0.9523809523809523
2019-04-17,2019-04-18,sell,512200,0.19047619047619047
2019-04-17,2019-04-18,buy,510050,0.19047619047619047
2019-05-13,2019-05-14,sell,510050,0.33333333333333337
2019-05-13,2019-05-14,buy,511010,0.33333333333333337
2019-05-27,2019-05-28,sell,159928,0.19047619047619047
2019-05-27,2019-05-28,buy,518880,0.19047619047619047
2019-06-03,2019-06-04,sell,511010,0.31818181818181823
2019-06-03,2019-06-04,buy,512400,0.31818181818181823
2019-07-02,2019-07-03,sell,518880,0.6363636363636365
2019-07-02,2019-07-03,buy,512880,0.6363636363636365
2019-07-09,2019-07-10,sell,512400,0.8636363636363636
2019-07-09,2019-07-10,buy,512010,0.8636363636363636
2019-07-23,2019-07-24,sell,512880,0.7916666666666666
2019-07-23,2019-07-24,buy,512660,0.7916666666666666
2019-07-30,2019-07-31,sell,512010,0.8333333333333334
2019-07-30,2019-07-31,buy,518880,0.8333333333333334
2019-08-13,2019-08-14,sell,512660,0.6666666666666667
2019-08-13,2019-08-14,buy,512400,0.6666666666666667
2019-09-03,2019-09-04,sell,512400,0.45833333333333337
2019-09-03,2019-09-04,buy,512660,0.45833333333333337
2019-09-10,2019-09-11,sell,518880,0.9166666666666667
2019-09-10,2019-09-11,buy,512980,0.9166666666666667
2019-09-25,2019-09-26,sell,512660,0.5599999999999999
2019-09-25,2019-09-26,buy,159949,0.5599999999999999
2019-10-09,2019-10-10,sell,512980,0.8
2019-10-09,2019-10-10,buy,512200,0.8
2019-10-23,2019-10-24,sell,159949,0.56
2019-10-23,2019-10-24,buy,512800,0.56
2019-10-30,2019-10-31,sell,512200,0.2799999999999999
2019-10-30,2019-10-31,buy,512010,0.2799999999999999
2019-11-13,2019-11-14,sell,512800,0.39999999999999997
2019-11-13,2019-11-14,buy,159928,0.39999999999999997
2019-12-04,2019-12-05,sell,512010,0.8
2019-12-04,2019-12-05,buy,512400,0.8
2019-12-11,2019-12-12,sell,159928,0.8461538461538463
2019-12-11,2019-12-12,buy,512980,0.8461538461538463
2019-12-25,2019-12-26,sell,512400,0.11538461538461542
2019-12-25,2019-12-26,buy,512880,0.11538461538461542
2020-01-16,2020-01-17,sell,512880,0.5925925925925926
2020-01-16,2020-01-17,buy,512400,0.5925925925925926
2020-01-23,2020-02-03,sell,512980,0.1071428571428571
2020-01-23,2020-02-03,buy,159915,0.1071428571428571
2020-02-14,2020-02-17,sell,512400,0.3214285714285715
2020-02-14,2020-02-17,buy,159949,0.3214285714285715
2020-03-06,2020-03-09,sell,159949,0.2857142857142857
2020-03-06,2020-03-09,buy,512880,0.2857142857142857
2020-03-13,2020-03-16,sell,159915,0.4482758620689655
2020-03-13,2020-03-16,buy,512660,0.4482758620689655
2020-03-27,2020-03-30,sell,512880,0.4
2020-03-27,2020-03-30,buy,159928,0.4
2020-04-03,2020-04-07,sell,512660,0.6666666666666667
2020-04-03,2020-04-07,buy,511010,0.6666666666666667
2020-04-27,2020-04-28,sell,511010,0.4242424242424242
2020-04-27,2020-04-28,buy,512010,0.4242424242424242
2020-05-07,2020-05-08,sell,159928,0.12121212121212122
2020-05-07,2020-05-08,buy,159915,0.12121212121212122
2020-05-28,2020-05-29,sell,512010,0.7222222222222222
2020-05-28,2020-05-29,buy,512690,0.7222222222222222
2020-06-04,2020-06-05,sell,159915,0.25
2020-06-04,2020-06-05,buy,512100,0.25
2020-06-18,2020-06-19,sell,512690,0.2777777777777778
2020-06-18,2020-06-19,buy,159949,0.2777777777777778
2020-06-29,2020-06-30,sell,512100,0.36111111111111105
2020-06-29,2020-06-30,buy,512010,0.36111111111111105
2020-07-20,2020-07-21,sell,512010,0.5135135135135135
2020-07-20,2020-07-21,buy,512660,0.5135135135135135
2020-07-27,2020-07-28,sell,159949,0.16216216216216217
2020-07-27,2020-07-28,buy,512400,0.16216216216216217
2020-08-17,2020-08-18,sell,512400,0.43243243243243246
2020-08-17,2020-08-18,buy,159928,0.43243243243243246
2020-08-31,2020-09-01,sell,512660,0.6486486486486487
2020-08-31,2020-09-01,buy,512690,0.6486486486486487
2020-09-21,2020-09-22,sell,159928,0.5945945945945946
2020-09-21,2020-09-22,buy,512800,0.5945945945945946
2020-09-28,2020-09-29,sell,512690,0.7567567567567568
2020-09-28,2020-09-29,buy,511260,0.7567567567567568
2020-10-20,2020-10-21,sell,512800,0.21621621621621623
2020-10-20,2020-10-21,buy,159915,0.21621621621621623
2020-10-27,2020-10-28,sell,511260,0.45945945945945943
2020-10-27,2020-10-28,buy,512690,0.45945945945945943
2020-11-10,2020-11-11,sell,159915,0.5263157894736842
2020-11-10,2020-11-11,buy,512400,0.5263157894736842
2020-12-01,2020-12-02,sell,512690,0.26315789473684204
2020-12-01,2020-12-02,buy,512800,0.26315789473684204
2020-12-15,2020-12-16,sell,512400,0.3076923076923077
2020-12-15,2020-12-16,buy,512690,0.3076923076923077
2020-12-22,2020-12-23,sell,512800,0.7692307692307692
2020-12-22,2020-12-23,buy,512010,0.7692307692307692
2021-01-13,2021-01-14,sell,512010,0.33333333333333337
2021-01-13,2021-01-14,buy,512660,0.33333333333333337
2021-01-20,2021-01-21,sell,512690,0.75
2021-01-20,2021-01-21,buy,159949,0.75
2021-02-03,2021-02-04,sell,512660,0.95
2021-02-03,2021-02-04,buy,512800,0.95
2021-02-24,2021-02-25,sell,159949,0.725
2021-02-24,2021-02-25,buy,512400,0.725
2021-03-10,2021-03-11,sell,512800,0.17500000000000004
2021-03-10,2021-03-11,buy,512200,0.17500000000000004
2021-03-17,2021-03-18,sell,512400,0.30487804878048774
2021-03-17,2021-03-18,buy,515220,0.30487804878048774
2021-03-31,2021-04-01,sell,512200,0.36904761904761907
2021-03-31,2021-04-01,buy,511260,0.36904761904761907
2021-04-08,2021-04-09,sell,515220,0.49999999999999994
2021-04-08,2021-04-09,buy,515210,0.49999999999999994
2021-04-22,2021-04-23,sell,511260,0.8255813953488371
2021-04-22,2021-04-23,buy,512690,0.8255813953488371
2021-04-29,2021-04-30,sell,515210,0.15116279069767435
2021-04-29,2021-04-30,buy,159949,0.15116279069767435
2021-05-18,2021-05-19,sell,512690,0.9534883720930233
2021-05-18,2021-05-19,buy,159992,0.9534883720930233
2021-06-08,2021-06-09,sell,159992,0.5795454545454546
2021-06-08,2021-06-09,buy,512480,0.5795454545454546
2021-06-16,2021-06-17,sell,159949,0.3977272727272727
2021-06-16,2021-06-17,buy,159995,0.3977272727272727
2021-07-14,2021-07-15,sell,159995,0.14130434782608692
2021-07-14,2021-07-15,buy,515030,0.14130434782608692
2021-07-21,2021-07-22,sell,512480,0.1847826086956521
2021-07-21,2021-07-22,buy,512400,0.1847826086956521
2021-08-11,2021-08-12,sell,515030,0.2021276595744681
2021-08-11,2021-08-12,buy,512660,0.2021276595744681
2021-08-18,2021-08-19,sell,512400,0.13829787234042556
2021-08-18,2021-08-19,buy,515220,0.13829787234042556
2021-09-01,2021-09-02,sell,512660,0.15957446808510645
2021-09-01,2021-09-02,buy,515210,0.15957446808510645
2021-10-08,2021-10-11,sell,515210,0.9574468085106383
2021-10-08,2021-10-11,buy,159928,0.9574468085106383
2021-10-15,2021-10-18,sell,515220,0.9255319148936171
2021-10-15,2021-10-18,buy,512690,0.9255319148936171
2021-11-05,2021-11-08,sell,512690,0.6276595744680851
2021-11-05,2021-11-08,buy,512660,0.6276595744680851
2021-11-12,2021-11-15,sell,159928,0.6382978723404256
2021-11-12,2021-11-15,buy,159995,0.6382978723404256
2021-12-03,2021-12-06,sell,159995,0.45744680851063835
2021-12-03,2021-12-06,buy,512400,0.45744680851063835
2021-12-10,2021-12-13,sell,512660,0.7765957446808511
2021-12-10,2021-12-13,buy,512690,0.7765957446808511
2021-12-24,2021-12-27,sell,512400,0.8829787234042553
2021-12-24,2021-12-27,buy,512980,0.8829787234042553
2021-12-31,2022-01-04,sell,512690,0.9255319148936171
2021-12-31,2022-01-04,buy,512200,0.9255319148936171
2022-01-24,2022-01-25,sell,512980,0.4042553191489362
2022-01-24,2022-01-25,buy,512800,0.4042553191489362
2022-02-14,2022-02-15,sell,512200,0.4148936170212766
2022-02-14,2022-02-15,buy,159985,0.4148936170212766
2022-02-28,2022-03-01,sell,512800,0.43617021276595747
2022-02-28,2022-03-01,buy,512400,0.43617021276595747
2022-03-21,2022-03-22,sell,512400,0.5851063829787235
2022-03-21,2022-03-22,buy,515790,0.5851063829787235
2022-04-06,2022-04-07,sell,159985,0.5106382978723405
2022-04-06,2022-04-07,buy,159992,0.5106382978723405
2022-04-13,2022-04-14,sell,515790,0.9042553191489362
2022-04-13,2022-04-14,buy,515220,0.9042553191489362
2022-04-27,2022-04-28,sell,159992,0.6489361702127661
2022-04-27,2022-04-28,buy,515650,0.6489361702127661
2022-05-09,2022-05-10,sell,515220,0.24468085106382986
2022-05-09,2022-05-10,buy,518850,0.24468085106382986
2022-05-23,2022-05-24,sell,515650,0.7553191489361702
2022-05-23,2022-05-24,buy,515790,0.7553191489361702
2022-05-30,2022-05-31,sell,518850,0.8191489361702128
2022-05-30,2022-05-31,buy,515030,0.8191489361702128
2022-06-21,2022-06-22,sell,515790,0.18085106382978733
2022-06-21,2022-06-22,buy,516160,0.18085106382978733
2022-07-12,2022-07-13,sell,515030,0.2872340425531915
2022-07-12,2022-07-13,buy,512010,0.2872340425531915
2022-07-26,2022-07-27,sell,516160,0.4893617021276596
2022-07-26,2022-07-27,buy,511380,0.4893617021276596
2022-08-02,2022-08-03,sell,512010,0.9255319148936171
2022-08-02,2022-08-03,buy,516520,0.9255319148936171
2022-08-16,2022-08-17,sell,511380,0.23404255319148937
2022-08-16,2022-08-17,buy,159801,0.23404255319148937
2022-08-23,2022-08-24,sell,516520,0.24468085106382986
2022-08-23,2022-08-24,buy,159985,0.24468085106382986
2022-09-06,2022-09-07,sell,159801,0.8404255319148937
2022-09-06,2022-09-07,buy,515220,0.8404255319148937
2022-09-28,2022-09-29,sell,515220,0.26595744680851063
2022-09-28,2022-09-29,buy,512100,0.26595744680851063
2022-10-19,2022-10-20,sell,159985,0.15957446808510645
2022-10-19,2022-10-20,buy,159992,0.15957446808510645
2022-10-26,2022-10-27,sell,512100,0.35106382978723405
2022-10-26,2022-10-27,buy,159883,0.35106382978723405
2022-11-16,2022-11-17,sell,159883,0.7872340425531915
2022-11-16,2022-11-17,buy,512480,0.7872340425531915
2022-11-23,2022-11-24,sell,159992,0.5416666666666666
2022-11-23,2022-11-24,buy,512980,0.5416666666666666
2022-12-07,2022-12-08,sell,512480,0.3125
2022-12-07,2022-12-08,buy,515650,0.3125
2022-12-14,2022-12-15,sell,512980,0.23958333333333337
2022-12-14,2022-12-15,buy,512690,0.23958333333333337
2023-01-12,2023-01-13,sell,515650,0.26041666666666674
2023-01-12,2023-01-13,buy,515790,0.26041666666666674
2023-01-19,2023-01-20,sell,512690,0.23958333333333337
2023-01-19,2023-01-20,buy,159859,0.23958333333333337
2023-02-09,2023-02-10,sell,515790,0.36458333333333337
2023-02-09,2023-02-10,buy,159998,0.36458333333333337
2023-02-16,2023-02-17,sell,159859,0.9270833333333334
2023-02-16,2023-02-17,buy,159819,0.9270833333333334
2023-03-09,2023-03-10,sell,159819,0.11458333333333337
2023-03-09,2023-03-10,buy,515210,0.11458333333333337
2023-03-30,2023-03-31,sell,515210,0.9583333333333334
2023-03-30,2023-03-31,buy,512980,0.9583333333333334
2023-04-07,2023-04-10,sell,159998,0.10416666666666674
2023-04-07,2023-04-10,buy,512480,0.10416666666666674
2023-04-28,2023-05-04,sell,512480,0.35416666666666674
2023-04-28,2023-05-04,buy,515180,0.35416666666666674
2023-05-17,2023-05-18,sell,512980,0.40625
2023-05-17,2023-05-18,buy,512800,0.40625
2023-05-24,2023-05-25,sell,515180,0.22916666666666663
2023-05-24,2023-05-25,buy,518880,0.22916666666666663
2023-06-07,2023-06-08,sell,512800,0.4166666666666667
2023-06-07,2023-06-08,buy,159819,0.4166666666666667
2023-06-14,2023-06-15,sell,518880,0.46875
2023-06-14,2023-06-15,buy,512980,0.46875
2023-06-30,2023-07-03,sell,159819,0.5208333333333333
2023-06-30,2023-07-03,buy,516520,0.5208333333333333
2023-07-07,2023-07-10,sell,512980,0.9583333333333334
2023-07-07,2023-07-10,buy,159985,0.9583333333333334
2023-07-21,2023-07-24,sell,516520,0.7604166666666667
2023-07-21,2023-07-24,buy,515220,0.7604166666666667
2023-08-04,2023-08-07,sell,159985,0.13541666666666674
2023-08-04,2023-08-07,buy,512200,0.13541666666666674
2023-08-11,2023-08-14,sell,515220,0.6145833333333334
2023-08-11,2023-08-14,buy,512880,0.6145833333333334
2023-08-25,2023-08-28,sell,512200,0.36458333333333337
2023-08-25,2023-08-28,buy,159985,0.36458333333333337
2023-09-01,2023-09-04,sell,512880,0.8020833333333334
2023-09-01,2023-09-04,buy,515220,0.8020833333333334
2023-09-15,2023-09-18,sell,159985,0.25
2023-09-15,2023-09-18,buy,512480,0.25
2023-10-16,2023-10-17,sell,512480,0.5520833333333334
2023-10-16,2023-10-17,buy,159859,0.5520833333333334
2023-10-23,2023-10-24,sell,515220,0.34375
2023-10-23,2023-10-24,buy,518850,0.34375
2023-11-06,2023-11-07,sell,159859,0.14583333333333337
2023-11-06,2023-11-07,buy,159995,0.14583333333333337
2023-11-13,2023-11-14,sell,518850,0.46875
2023-11-13,2023-11-14,buy,512480,0.46875
2023-11-27,2023-11-28,sell,159995,0.7395833333333334
2023-11-27,2023-11-28,buy,515220,0.7395833333333334
2023-12-04,2023-12-05,sell,512480,0.49999999999999994
2023-12-04,2023-12-05,buy,512980,0.49999999999999994
2023-12-25,2023-12-26,sell,512980,0.7291666666666666
2023-12-25,2023-12-26,buy,518850,0.7291666666666666
2024-01-02,2024-01-03,sell,515220,0.20833333333333337
2024-01-02,2024-01-03,buy,515790,0.20833333333333337
2024-01-16,2024-01-17,sell,518850,0.125
2024-01-16,2024-01-17,buy,516160,0.125
2024-01-30,2024-01-31,sell,515790,0.5520833333333334
2024-01-30,2024-01-31,buy,512800,0.5520833333333334
2024-02-06,2024-02-07,sell,516160,0.625
2024-02-06,2024-02-07,buy,510050,0.625
2024-02-28,2024-02-29,sell,512800,0.11458333333333337
2024-02-28,2024-02-29,buy,515220,0.11458333333333337
2024-03-06,2024-03-07,sell,510050,0.65625
2024-03-06,2024-03-07,buy,159819,0.65625
2024-03-20,2024-03-21,sell,515220,0.9591836734693877
2024-03-20,2024-03-21,buy,512720,0.9591836734693877
2024-03-27,2024-03-28,sell,159819,0.4591836734693877
2024-03-27,2024-03-28,buy,512400,0.4591836734693877
2024-04-12,2024-04-15,sell,512720,0.9081632653061225
2024-04-12,2024-04-15,buy,518880,0.9081632653061225
2024-05-08,2024-05-09,sell,512400,0.7959183673469388
2024-05-08,2024-05-09,buy,159985,0.7959183673469388
2024-05-15,2024-05-16,sell,518880,0.8571428571428572
2024-05-15,2024-05-16,buy,512200,0.8571428571428572
2024-05-29,2024-05-30,sell,159985,0.13265306122448983
2024-05-29,2024-05-30,buy,515220,0.13265306122448983
2024-06-13,2024-06-14,sell,512200,0.6632653061224489
2024-06-13,2024-06-14,buy,512480,0.6632653061224489
2024-06-20,2024-06-21,sell,515220,0.3163265306122449
2024-06-20,2024-06-21,buy,588200,0.3163265306122449
2024-07-04,2024-07-05,sell,512480,0.20408163265306123
2024-07-04,2024-07-05,buy,518850,0.20408163265306123
2024-07-11,2024-07-12,sell,588200,0.4285714285714285
2024-07-11,2024-07-12,buy,516520,0.4285714285714285
2024-07-25,2024-07-26,sell,518850,0.11224489795918369
2024-07-25,2024-07-26,buy,512800,0.11224489795918369
2024-08-01,2024-08-02,sell,516520,0.2755102040816326
2024-08-01,2024-08-02,buy,588200,0.2755102040816326
2024-08-15,2024-08-16,sell,512800,0.15306122448979587
2024-08-15,2024-08-16,buy,512880,0.15306122448979587
2024-08-22,2024-08-23,sell,588200,0.6428571428571428
2024-08-22,2024-08-23,buy,512200,0.6428571428571428
2024-09-05,2024-09-06,sell,512880,0.24489795918367352
2024-09-05,2024-09-06,buy,518880,0.24489795918367352
2024-09-12,2024-09-13,sell,512200,0.6632653061224489
2024-09-12,2024-09-13,buy,159985,0.6632653061224489
2024-09-30,2024-10-08,sell,518880,0.846938775510204
2024-09-30,2024-10-08,buy,159949,0.846938775510204
2024-10-14,2024-10-15,sell,159985,0.9591836734693877
2024-10-14,2024-10-15,buy,516160,0.9591836734693877
2024-11-04,2024-11-05,sell,159949,0.5816326530612245
2024-11-04,2024-11-05,buy,159801,0.5816326530612245
2024-11-11,2024-11-12,sell,516160,0.29591836734693877
2024-11-11,2024-11-12,buy,159998,0.29591836734693877
2024-11-25,2024-11-26,sell,159801,0.346938775510204
2024-11-25,2024-11-26,buy,512720,0.346938775510204
2024-12-09,2024-12-10,sell,159998,0.8163265306122449
2024-12-09,2024-12-10,buy,512980,0.8163265306122449
2024-12-16,2024-12-17,sell,512720,0.18367346938775508
2024-12-16,2024-12-17,buy,512100,0.18367346938775508
2024-12-30,2024-12-31,sell,512980,0.7857142857142857
2024-12-30,2024-12-31,buy,512800,0.7857142857142857
2025-01-07,2025-01-08,sell,512100,0.6428571428571428
2025-01-07,2025-01-08,buy,511260,0.6428571428571428
2025-02-05,2025-02-06,sell,512800,0.3571428571428571
2025-02-05,2025-02-06,buy,159985,0.3571428571428571
2025-02-12,2025-02-13,sell,511260,0.7857142857142857
2025-02-12,2025-02-13,buy,159998,0.7857142857142857
2025-02-26,2025-02-27,sell,159985,0.6326530612244898
2025-02-26,2025-02-27,buy,512720,0.6326530612244898
2025-03-05,2025-03-06,sell,159998,0.10204081632653061
2025-03-05,2025-03-06,buy,515030,0.10204081632653061
2025-03-19,2025-03-20,sell,512720,0.826530612244898
2025-03-19,2025-03-20,buy,512690,0.826530612244898
2025-03-26,2025-03-27,sell,515030,0.6836734693877551
2025-03-26,2025-03-27,buy,512400,0.6836734693877551
2025-04-10,2025-04-11,sell,512690,0.13265306122448983
2025-04-10,2025-04-11,buy,518850,0.13265306122448983
2025-04-17,2025-04-18,sell,512400,0.5408163265306123
2025-04-17,2025-04-18,buy,518880,0.5408163265306123
2025-05-13,2025-05-14,sell,518880,0.7244897959183674
2025-05-13,2025-05-14,buy,159949,0.7244897959183674
2025-05-20,2025-05-21,sell,518850,0.8877551020408163
2025-05-20,2025-05-21,buy,515030,0.8877551020408163
2025-06-04,2025-06-05,sell,159949,0.2142857142857143
2025-06-04,2025-06-05,buy,512800,0.2142857142857143
2025-06-11,2025-06-12,sell,515030,0.7244897959183674
2025-06-11,2025-06-12,buy,159859,0.7244897959183674
2025-07-02,2025-07-03,sell,159859,0.7857142857142857
2025-07-02,2025-07-03,buy,512400,0.7857142857142857
2025-07-09,2025-07-10,sell,512800,0.9591836734693877
2025-07-09,2025-07-10,buy,515790,0.9591836734693877
2025-07-30,2025-07-31,sell,515790,0.3571428571428571
2025-07-30,2025-07-31,buy,159859,0.3571428571428571
2025-08-20,2025-08-21,sell,159859,0.3571428571428571
2025-08-20,2025-08-21,buy,159819,0.3571428571428571
2025-08-27,2025-08-28,sell,512400,0.2142857142857143
2025-08-27,2025-08-28,buy,588200,0.2142857142857143
2025-09-17,2025-09-18,sell,159819,0.15306122448979587
2025-09-17,2025-09-18,buy,159949,0.15306122448979587
2025-10-16,2025-10-17,sell,159949,0.33673469387755106
2025-10-16,2025-10-17,buy,512480,0.33673469387755106
2025-10-23,2025-10-24,sell,588200,0.13265306122448983
2025-10-23,2025-10-24,buy,518850,0.13265306122448983
2025-11-06,2025-11-07,sell,512480,0.9081632653061225
2025-11-06,2025-11-07,buy,515220,0.9081632653061225
2025-11-13,2025-11-14,sell,518850,0.6632653061224489
2025-11-13,2025-11-14,buy,516090,0.6632653061224489
2025-11-27,2025-11-28,sell,515220,0.5408163265306123
2025-11-27,2025-11-28,buy,512800,0.5408163265306123
2025-12-04,2025-12-05,sell,516090,0.8877551020408163
2025-12-04,2025-12-05,buy,518880,0.8877551020408163
2025-12-18,2025-12-19,sell,512800,0.5612244897959184
2025-12-18,2025-12-19,buy,512660,0.5612244897959184
2025-12-25,2025-12-26,sell,518880,0.19387755102040816
2025-12-25,2025-12-26,buy,512400,0.19387755102040816
2026-01-26,2026-01-27,sell,512660,0.19387755102040816
2026-01-26,2026-01-27,buy,512980,0.19387755102040816
2026-02-24,2026-02-25,sell,512980,0.4591836734693877
2026-02-24,2026-02-25,buy,515220,0.4591836734693877
2026-03-03,2026-03-04,sell,512400,0.346938775510204
2026-03-03,2026-03-04,buy,515180,0.346938775510204
2026-03-24,2026-03-25,sell,515180,0.15306122448979587
2026-03-24,2026-03-25,buy,159985,0.15306122448979587
2026-03-31,2026-04-01,sell,515220,0.37755102040816324
2026-03-31,2026-04-01,buy,159859,0.37755102040816324
2026-04-15,2026-04-16,sell,159985,0.9285714285714286
2026-04-15,2026-04-16,buy,159819,0.9285714285714286
2026-04-22,2026-04-23,sell,159859,0.33673469387755106
2026-04-22,2026-04-23,buy,588200,0.33673469387755106
2026-05-25,2026-05-26,sell,159819,0.11224489795918369
2026-05-25,2026-05-26,buy,159801,0.11224489795918369
2026-06-08,2026-06-09,sell,588200,0.29591836734693877
2026-06-08,2026-06-09,buy,515220,0.29591836734693877
2026-06-30,2026-07-01,sell,515220,0.9591836734693877
2026-06-30,2026-07-01,buy,512480,0.9591836734693877
2026-07-21,2026-07-22,sell,512480,0.9591836734693877
2026-07-21,2026-07-22,buy,159859,0.9591836734693877
