date,signal_date,turnover,cost,one_way_bps
1999-01-04,1998-12-31,1.0,0.0005,5.0
1999-02-01,1999-01-29,0.04823916623085048,2.411958311542524e-05,5.0
1999-03-01,1999-02-26,0.026234127393708465,1.3117063696854232e-05,5.0
1999-04-01,1999-03-31,0.039109693975403814,1.9554846987701908e-05,5.0
1999-05-03,1999-04-30,0.064511471831666,3.2255735915833e-05,5.0
1999-06-01,1999-05-28,0.02520002921292616,1.2600014606463081e-05,5.0
1999-07-01,1999-06-30,0.012987749603952728,6.493874801976364e-06,5.0
1999-08-02,1999-07-30,0.018389080220958018,9.19454011047901e-06,5.0
1999-09-01,1999-08-31,0.03309354232742706,1.654677116371353e-05,5.0
1999-10-01,1999-09-30,0.02522723668865659,1.2613618344328295e-05,5.0
1999-11-01,1999-10-29,0.04394079293976805,2.1970396469884024e-05,5.0
1999-12-01,1999-11-30,0.02591918125419171,1.2959590627095855e-05,5.0
2000-01-03,1999-12-31,0.05861573790903096,2.9307868954515482e-05,5.0
2000-02-01,2000-01-31,0.04359528398463247,2.1797641992316237e-05,5.0
2000-03-01,2000-02-29,0.042898645889676,2.1449322944838e-05,5.0
2000-04-03,2000-03-31,0.035897548934367,1.79487744671835e-05,5.0
2000-05-01,2000-04-28,0.0358416032177801,1.792080160889005e-05,5.0
2000-06-01,2000-05-31,0.05458905081312658,2.729452540656329e-05,5.0
2000-07-03,2000-06-30,0.03723588125427772,1.8617940627138864e-05,5.0
2000-08-01,2000-07-31,0.027231543561300336,1.3615771780650169e-05,5.0
2000-09-01,2000-08-31,0.04583007806555868,2.2915039032779338e-05,5.0
2000-10-02,2000-09-29,0.06247931786340201,3.1239658931701e-05,5.0
2000-11-01,2000-10-31,0.0457355716129839,2.2867785806491952e-05,5.0
2000-12-01,2000-11-30,0.04363500255165402,2.181750127582701e-05,5.0
2001-01-02,2000-12-29,0.05509744234518221,2.7548721172591105e-05,5.0
2001-02-01,2001-01-31,0.06977836381718727,3.4889181908593634e-05,5.0
2001-03-01,2001-02-28,0.05854823246115072,2.927411623057536e-05,5.0
2001-04-02,2001-03-30,0.02614249942152501,1.3071249710762505e-05,5.0
2001-05-01,2001-04-30,0.027408443938607932,1.3704221969303965e-05,5.0
2001-06-01,2001-05-31,0.02289270554975513,1.1446352774877564e-05,5.0
2001-07-02,2001-06-29,0.028322962274542132,1.4161481137271065e-05,5.0
2001-08-01,2001-07-31,0.019304466747464027,9.652233373732013e-06,5.0
2001-09-04,2001-08-31,0.033549152078728564,1.6774576039364282e-05,5.0
2001-10-01,2001-09-28,0.05237438825334226,2.618719412667113e-05,5.0
2001-11-01,2001-10-31,0.033910026588025735,1.6955013294012866e-05,5.0
2001-12-03,2001-11-30,0.051828618383655295,2.5914309191827645e-05,5.0
2002-01-02,2001-12-31,0.024588093145611237,1.2294046572805618e-05,5.0
2002-02-01,2002-01-31,0.02418710334606894,1.209355167303447e-05,5.0
2002-03-01,2002-02-28,0.030882812186445327,1.5441406093222665e-05,5.0
2002-04-01,2002-03-28,0.0180257259987648,9.0128629993824e-06,5.0
2002-05-01,2002-04-30,0.02956997830749651,1.4784989153748257e-05,5.0
2002-06-03,2002-05-31,0.017233895431512852,8.616947715756426e-06,5.0
2002-07-01,2002-06-28,0.02910020880298958,1.455010440149479e-05,5.0
2002-08-01,2002-07-31,0.038442594168555666,1.9221297084277834e-05,5.0
2002-09-03,2002-08-30,0.015332344022692124,7.666172011346062e-06,5.0
2002-10-01,2002-09-30,0.029508595589511924,1.4754297794755961e-05,5.0
2002-11-01,2002-10-31,0.04205925567300059,2.1029627836500296e-05,5.0
2002-12-02,2002-11-29,0.04303478548788163,2.1517392743940818e-05,5.0
2003-01-02,2002-12-31,0.043293900037463556,2.164695001873178e-05,5.0
2003-02-03,2003-01-31,0.013013925528809228,6.506962764404614e-06,5.0
2003-03-03,2003-02-28,0.016996872554996045,8.498436277498022e-06,5.0
2003-04-01,2003-03-31,0.016688367041955574,8.344183520977786e-06,5.0
2003-05-01,2003-04-30,0.030954393495613935,1.5477196747806968e-05,5.0
2003-06-02,2003-05-30,0.022728030861772178,1.1364015430886088e-05,5.0
2003-07-01,2003-06-30,0.008810557415083325,4.405278707541663e-06,5.0
2003-08-01,2003-07-31,0.0358150259480637,1.7907512974031847e-05,5.0
2003-09-02,2003-08-29,0.026623403966006168,1.3311701983003083e-05,5.0
2003-10-01,2003-09-30,0.0254475466674806,1.2723773333740301e-05,5.0
2003-11-03,2003-10-31,0.027007978431216245,1.3503989215608123e-05,5.0
2003-12-01,2003-11-28,0.008345950665388055,4.172975332694028e-06,5.0
2004-01-02,2003-12-31,0.026045338966342813,1.3022669483171407e-05,5.0
2004-02-02,2004-01-30,0.021851179529854117,1.0925589764927058e-05,5.0
2004-03-01,2004-02-27,0.021885636207077813,1.0942818103538906e-05,5.0
2004-04-01,2004-03-31,0.010168749575694094,5.0843747878470474e-06,5.0
2004-05-03,2004-04-30,0.027371234166543426,1.3685617083271712e-05,5.0
2004-06-01,2004-05-28,0.010106265117053204,5.053132558526602e-06,5.0
2004-07-01,2004-06-30,0.02201474707443833,1.1007373537219166e-05,5.0
2004-08-02,2004-07-30,0.024979325147425957,1.2489662573712979e-05,5.0
2004-09-01,2004-08-31,0.019043190448293293,9.521595224146646e-06,5.0
2004-10-01,2004-09-30,0.02848038859315502,1.424019429657751e-05,5.0
2004-11-01,2004-10-29,0.019483531205190613,9.741765602595307e-06,5.0
2004-12-01,2004-11-30,0.015117604341355145,7.5588021706775726e-06,5.0
2005-01-03,2004-12-31,0.01799373357578163,8.996866787890814e-06,5.0
2005-02-01,2005-01-31,0.02882780563903968,1.4413902819519841e-05,5.0
2005-03-01,2005-02-28,0.03837678787974154,1.918839393987077e-05,5.0
2005-04-01,2005-03-31,0.015114994932454232,7.557497466227116e-06,5.0
2005-05-02,2005-04-29,0.030216692739793993,1.5108346369896996e-05,5.0
2005-06-01,2005-05-31,0.016558448818819044,8.279224409409522e-06,5.0
2005-07-01,2005-06-30,0.026513130588401115,1.3256565294200557e-05,5.0
2005-08-01,2005-07-29,0.015524929129236309,7.762464564618155e-06,5.0
2005-09-01,2005-08-31,0.021326082005426808,1.0663041002713404e-05,5.0
2005-10-03,2005-09-30,0.021100015737616495,1.0550007868808248e-05,5.0
2005-11-01,2005-10-31,0.028837065998563297,1.4418532999281646e-05,5.0
2005-12-01,2005-11-30,0.022553520334129426,1.1276760167064714e-05,5.0
2006-01-03,2005-12-30,0.017017533017264524,8.508766508632262e-06,5.0
2006-02-01,2006-01-31,0.027849709600893863,1.3924854800446932e-05,5.0
2006-03-01,2006-02-28,0.02432489070793689,1.2162445353968445e-05,5.0
2006-04-03,2006-03-31,0.02290710745291319,1.1453553726456594e-05,5.0
2006-05-01,2006-04-28,0.019226272145080603,9.613136072540301e-06,5.0
2006-06-01,2006-05-31,0.022362662512124876,1.1181331256062438e-05,5.0
2006-07-03,2006-06-30,0.014103961912753898,7.0519809563769495e-06,5.0
2006-08-01,2006-07-31,0.03737137059006081,1.8685685295030404e-05,5.0
2006-09-01,2006-08-31,0.017439614177629847,8.719807088814923e-06,5.0
2006-10-02,2006-09-29,0.02673629966602223,1.3368149833011114e-05,5.0
2006-11-01,2006-10-31,0.016077090474225383,8.038545237112692e-06,5.0
2006-12-01,2006-11-30,0.017855241370279676,8.927620685139839e-06,5.0
2007-01-03,2006-12-29,0.013437505483872306,6.718752741936153e-06,5.0
2007-02-01,2007-01-31,0.011494675973292887,5.747337986646443e-06,5.0
2007-03-01,2007-02-28,0.019615138004920082,9.80756900246004e-06,5.0
2007-04-02,2007-03-30,0.017070397265943116,8.535198632971557e-06,5.0
2007-05-01,2007-04-30,0.012682207371619805,6.341103685809902e-06,5.0
2007-06-01,2007-05-31,0.019844903024563237,9.922451512281618e-06,5.0
2007-07-02,2007-06-29,0.014151262667638859,7.0756313338194295e-06,5.0
2007-08-01,2007-07-31,0.026471875517707508,1.3235937758853756e-05,5.0
2007-09-04,2007-08-31,0.009435132789720857,4.717566394860428e-06,5.0
2007-10-01,2007-09-28,0.01755311815507936,8.776559077539679e-06,5.0
2007-11-01,2007-10-31,0.02482403742690567,1.2412018713452836e-05,5.0
2007-12-03,2007-11-30,0.03623687000052149,1.8118435000260745e-05,5.0
2008-01-02,2007-12-31,0.03153951147724411,1.5769755738622054e-05,5.0
2008-02-01,2008-01-31,0.033595910928351486,1.6797955464175743e-05,5.0
2008-03-03,2008-02-29,0.0374534457340393,1.872672286701965e-05,5.0
2008-04-01,2008-03-31,0.025496144100772278,1.2748072050386139e-05,5.0
2008-05-01,2008-04-30,0.021592403655572134,1.0796201827786068e-05,5.0
2008-06-02,2008-05-30,0.025544387918861572,1.2772193959430786e-05,5.0
2008-07-01,2008-06-30,0.05425178477218712,2.7125892386093557e-05,5.0
2008-08-01,2008-07-31,0.052532126562465184,2.6266063281232592e-05,5.0
2008-09-02,2008-08-29,0.025885812386687135,1.2942906193343567e-05,5.0
2008-10-01,2008-09-30,0.04262694621216054,2.131347310608027e-05,5.0
2008-11-03,2008-10-31,0.0468221325102811,2.341106625514055e-05,5.0
2008-12-01,2008-11-28,0.050721216758542284,2.5360608379271143e-05,5.0
2009-01-02,2008-12-31,0.022962733614910122,1.148136680745506e-05,5.0
2009-02-02,2009-01-30,0.06292390905685678,3.1461954528428394e-05,5.0
2009-03-02,2009-02-27,0.041879714098075796,2.0939857049037897e-05,5.0
2009-04-01,2009-03-31,0.049612944010383575,2.4806472005191787e-05,5.0
2009-05-01,2009-04-30,0.058369261295797545,2.9184630647898775e-05,5.0
2009-06-01,2009-05-29,0.03532878635262665,1.7664393176313324e-05,5.0
2009-07-01,2009-06-30,0.03352484036451832,1.6762420182259158e-05,5.0
2009-08-03,2009-07-31,0.023558677577779324,1.1779338788889663e-05,5.0
2009-09-01,2009-08-31,0.021618395498863144,1.0809197749431572e-05,5.0
2009-10-01,2009-09-30,0.015113542873566907,7.556771436783453e-06,5.0
2009-11-02,2009-10-30,0.02082729744097457,1.0413648720487285e-05,5.0
2009-12-01,2009-11-30,0.023193171597502005,1.1596585798751003e-05,5.0
2010-01-04,2009-12-31,0.019997484118408237,9.99874205920412e-06,5.0
2010-02-01,2010-01-29,0.029472365840572612,1.4736182920286305e-05,5.0
2010-03-01,2010-02-26,0.015322086983405439,7.66104349170272e-06,5.0
2010-04-01,2010-03-31,0.023133953033163734,1.1566976516581868e-05,5.0
2010-05-03,2010-04-30,0.022653785639671034,1.1326892819835517e-05,5.0
2010-06-01,2010-05-28,0.023360197961870985,1.1680098980935493e-05,5.0
2010-07-01,2010-06-30,0.021672564631941796,1.0836282315970898e-05,5.0
2010-08-02,2010-07-30,0.020114126947411506,1.0057063473705754e-05,5.0
2010-09-01,2010-08-31,0.022461706929709127,1.1230853464854564e-05,5.0
2010-10-01,2010-09-30,0.0227639446962513,1.1381972348125651e-05,5.0
2010-11-01,2010-10-29,0.017306511287424275,8.653255643712137e-06,5.0
2010-12-01,2010-11-30,0.02418662609182548,1.209331304591274e-05,5.0
2011-01-03,2010-12-31,0.023260299616931948,1.1630149808465973e-05,5.0
2011-02-01,2011-01-31,0.019710687930959273,9.855343965479637e-06,5.0
2011-03-01,2011-02-28,0.015054948836621007,7.527474418310503e-06,5.0
2011-04-01,2011-03-31,0.012951971570460158,6.475985785230079e-06,5.0
2011-05-02,2011-04-29,0.016207831934544864,8.103915967272432e-06,5.0
2011-06-01,2011-05-31,0.023297937939023905,1.1648968969511952e-05,5.0
2011-07-01,2011-06-30,0.011011249224464018,5.5056246122320084e-06,5.0
2011-08-01,2011-07-29,0.019569324828697873,9.784662414348937e-06,5.0
2011-09-01,2011-08-31,0.0370631118333337,1.8531555916666852e-05,5.0
2011-10-03,2011-09-30,0.051895850469122345,2.5947925234561175e-05,5.0
2011-11-01,2011-10-31,0.03397840605779079,1.6989203028895395e-05,5.0
2011-12-01,2011-11-30,0.015350102752850092,7.675051376425046e-06,5.0
2012-01-03,2011-12-30,0.012758132300664929,6.3790661503324645e-06,5.0
2012-02-01,2012-01-31,0.03337700227379317,1.6688501136896585e-05,5.0
2012-03-01,2012-02-29,0.0202895499456983,1.0144774972849151e-05,5.0
2012-04-02,2012-03-30,0.025051453625293096,1.2525726812646548e-05,5.0
2012-05-01,2012-04-30,0.009710082982491805,4.855041491245903e-06,5.0
2012-06-01,2012-05-31,0.033926345250647846,1.6963172625323924e-05,5.0
2012-07-02,2012-06-29,0.010182544374889538,5.091272187444769e-06,5.0
2012-08-01,2012-07-31,0.014750323332211879,7.375161666105939e-06,5.0
2012-09-04,2012-08-31,0.018739187360371168,9.369593680185583e-06,5.0
2012-10-01,2012-09-28,0.010890973826075803,5.445486913037901e-06,5.0
2012-11-01,2012-10-31,0.01763514897987313,8.817574489936565e-06,5.0
2012-12-03,2012-11-30,0.01593076718931359,7.965383594656796e-06,5.0
2013-01-02,2012-12-31,0.0186571669963021,9.32858349815105e-06,5.0
2013-02-01,2013-01-31,0.01276878165093881,6.384390825469405e-06,5.0
2013-03-01,2013-02-28,0.010120899762219165,5.060449881109583e-06,5.0
2013-04-01,2013-03-28,0.012134969586923033,6.067484793461517e-06,5.0
2013-05-01,2013-04-30,0.017440385661355848,8.720192830677923e-06,5.0
2013-06-03,2013-05-31,0.03216359319045013,1.6081796595225066e-05,5.0
2013-07-01,2013-06-28,0.01154239206712504,5.77119603356252e-06,5.0
2013-08-01,2013-07-31,0.007212842603029929,3.6064213015149642e-06,5.0
2013-09-03,2013-08-30,0.015938880135063296,7.969440067531648e-06,5.0
2013-10-01,2013-09-30,0.010763019364302628,5.381509682151314e-06,5.0
2013-11-01,2013-10-31,0.007172968352543177,3.5864841762715885e-06,5.0
2013-12-02,2013-11-29,0.01572976011667758,7.86488005833879e-06,5.0
2014-01-02,2013-12-31,0.010439794505782932,5.219897252891466e-06,5.0
2014-02-03,2014-01-31,0.024880929578247016,1.2440464789123507e-05,5.0
2014-03-03,2014-02-28,0.010671824022481069,5.335912011240534e-06,5.0
2014-04-01,2014-03-31,0.012637278125815984,6.318639062907993e-06,5.0
2014-05-01,2014-04-30,0.019812972132847093,9.906486066423547e-06,5.0
2014-06-02,2014-05-30,0.009676239373203804,4.838119686601902e-06,5.0
2014-07-01,2014-06-30,0.01258683549031775,6.293417745158875e-06,5.0
2014-08-01,2014-07-31,0.018601041669274773,9.300520834637387e-06,5.0
2014-09-02,2014-08-29,0.006600214417170638,3.300107208585319e-06,5.0
2014-10-01,2014-09-30,0.015940749980812227,7.970374990406114e-06,5.0
2014-11-03,2014-10-31,0.02436994151019979,1.2184970755099895e-05,5.0
2014-12-01,2014-11-28,0.026387877926453404,1.3193938963226704e-05,5.0
2015-01-02,2014-12-31,0.015178626452436478,7.589313226218239e-06,5.0
2015-02-02,2015-01-30,0.020562870624839885,1.0281435312419943e-05,5.0
2015-03-02,2015-02-27,0.027154017915620735,1.3577008957810367e-05,5.0
2015-04-01,2015-03-31,0.013764636964590349,6.882318482295174e-06,5.0
2015-05-01,2015-04-30,0.018964024008789868,9.482012004394933e-06,5.0
2015-06-01,2015-05-29,0.015157825748222789,7.5789128741113945e-06,5.0
2015-07-01,2015-06-30,0.019591718222240026,9.795859111120013e-06,5.0
2015-08-03,2015-07-31,0.03845196891769655,1.9225984458848273e-05,5.0
2015-09-01,2015-08-31,0.012913563419945956,6.456781709972978e-06,5.0
2015-10-01,2015-09-30,0.023050268231018675,1.1525134115509338e-05,5.0
2015-11-02,2015-10-30,0.02281619615685873,1.1408098078429365e-05,5.0
2015-12-01,2015-11-30,0.009174576082084065,4.5872880410420326e-06,5.0
2016-01-04,2015-12-31,0.030173202830062654,1.5086601415031326e-05,5.0
2016-02-01,2016-01-29,0.03559929592701998,1.779964796350999e-05,5.0
2016-03-01,2016-02-29,0.02469340652057618,1.234670326028809e-05,5.0
2016-04-01,2016-03-31,0.012582369733935464,6.291184866967732e-06,5.0
2016-05-02,2016-04-29,0.033641458840758295,1.682072942037915e-05,5.0
2016-06-01,2016-05-31,0.014422830810197032,7.211415405098516e-06,5.0
2016-07-01,2016-06-30,0.026945733351490392,1.3472866675745196e-05,5.0
2016-08-01,2016-07-29,0.027198915495325215,1.3599457747662608e-05,5.0
2016-09-01,2016-08-31,0.02217568325066717,1.1087841625333584e-05,5.0
2016-10-03,2016-09-30,0.01609890651608538,8.04945325804269e-06,5.0
2016-11-01,2016-10-31,0.017054892948500128,8.527446474250064e-06,5.0
2016-12-01,2016-11-30,0.05242365093007954,2.6211825465039774e-05,5.0
2017-01-03,2016-12-30,0.016639082111491094,8.319541055745547e-06,5.0
2017-02-01,2017-01-31,0.017201420663102332,8.600710331551165e-06,5.0
2017-03-01,2017-02-28,0.01914559480180518,9.57279740090259e-06,5.0
2017-04-03,2017-03-31,0.01513696582750744,7.56848291375372e-06,5.0
2017-05-01,2017-04-28,0.012294672886027341,6.147336443013671e-06,5.0
2017-06-01,2017-05-31,0.01804106031225268,9.02053015612634e-06,5.0
2017-07-03,2017-06-30,0.026428638412963265,1.3214319206481633e-05,5.0
2017-08-01,2017-07-31,0.008753167424909114,4.376583712454557e-06,5.0
2017-09-01,2017-08-31,0.02131270441386829,1.0656352206934144e-05,5.0
2017-10-02,2017-09-29,0.02635115574416358,1.317557787208179e-05,5.0
2017-11-01,2017-10-31,0.02086149386416812,1.043074693208406e-05,5.0
2017-12-01,2017-11-30,0.012038237597785426,6.019118798892713e-06,5.0
2018-01-02,2017-12-29,0.020696505648856015,1.0348252824428007e-05,5.0
2018-02-01,2018-01-31,0.0240171307842363,1.200856539211815e-05,5.0
2018-03-01,2018-02-28,0.023294296015788002,1.1647148007894002e-05,5.0
2018-04-02,2018-03-29,0.023177921471296145,1.1588960735648073e-05,5.0
2018-05-01,2018-04-30,0.025777306452544127,1.2888653226272062e-05,5.0
2018-06-01,2018-05-31,0.022107488889640703,1.1053744444820351e-05,5.0
2018-07-02,2018-06-29,0.02417807105305836,1.208903552652918e-05,5.0
2018-08-01,2018-07-31,0.019169642146598456,9.584821073299229e-06,5.0
2018-09-04,2018-08-31,0.02172915213481308,1.086457606740654e-05,5.0
2018-10-01,2018-09-28,0.014776003930392745,7.388001965196372e-06,5.0
2018-11-01,2018-10-31,0.04400019302952028,2.2000096514760142e-05,5.0
2018-12-03,2018-11-30,0.01639613664160053,8.198068320800264e-06,5.0
2019-01-02,2018-12-31,0.02561792992491134,1.2808964962455671e-05,5.0
2019-02-01,2019-01-31,0.026005811980670493,1.3002905990335246e-05,5.0
2019-03-01,2019-02-28,0.016953870032806698,8.47693501640335e-06,5.0
2019-04-01,2019-03-29,0.01913006010186523,9.565030050932614e-06,5.0
2019-05-01,2019-04-30,0.025164220846553842,1.2582110423276921e-05,5.0
2019-06-03,2019-05-31,0.031166007472297155,1.5583003736148577e-05,5.0
2019-07-01,2019-06-28,0.019914585300229368,9.957292650114684e-06,5.0
2019-08-01,2019-07-31,0.014069214576160699,7.034607288080349e-06,5.0
2019-09-03,2019-08-30,0.02874664258508823,1.4373321292544117e-05,5.0
2019-10-01,2019-09-30,0.013844530980436018,6.922265490218009e-06,5.0
2019-11-01,2019-10-31,0.018218987975160902,9.10949398758045e-06,5.0
2019-12-02,2019-11-29,0.018544637977855133,9.272318988927566e-06,5.0
2020-01-02,2019-12-31,0.010524792619721196,5.262396309860598e-06,5.0
2020-02-03,2020-01-31,0.03817585174054729,1.9087925870273643e-05,5.0
2020-03-02,2020-02-28,0.019197777558650625,9.598888779325312e-06,5.0
2020-04-01,2020-03-31,0.08512904904834655,4.2564524524173276e-05,5.0
2020-05-01,2020-04-30,0.04391108976655263,2.1955544883276312e-05,5.0
2020-06-01,2020-05-29,0.021089434763373383,1.054471738168669e-05,5.0
2020-07-01,2020-06-30,0.02638890499273483,1.3194452496367415e-05,5.0
2020-08-03,2020-07-31,0.026703362264922773,1.3351681132461385e-05,5.0
2020-09-01,2020-08-31,0.03493488956761828,1.7467444783809143e-05,5.0
2020-10-01,2020-09-30,0.03449931717045311,1.7249658585226556e-05,5.0
2020-11-02,2020-10-30,0.022121611358653454,1.1060805679326727e-05,5.0
2020-12-01,2020-11-30,0.05189005651749032,2.5945028258745163e-05,5.0
2021-01-04,2020-12-31,0.014340305910401169,7.170152955200584e-06,5.0
2021-02-01,2021-01-29,0.020390989318509828,1.0195494659254914e-05,5.0
2021-03-01,2021-02-26,0.064013565209524,3.2006782604762e-05,5.0
2021-04-01,2021-03-31,0.023029988498069184,1.1514994249034592e-05,5.0
2021-05-03,2021-04-30,0.012773522025581588,6.386761012790794e-06,5.0
2021-06-01,2021-05-28,0.027860036715899317,1.3930018357949659e-05,5.0
2021-07-01,2021-06-30,0.034624766928030765,1.7312383464015383e-05,5.0
2021-08-02,2021-07-30,0.028828590903279938,1.441429545163997e-05,5.0
2021-09-01,2021-08-31,0.014428991207127859,7.2144956035639295e-06,5.0
2021-10-01,2021-09-30,0.03492860088956723,1.7464300444783616e-05,5.0
2021-11-01,2021-10-29,0.020388554393122996,1.0194277196561497e-05,5.0
2021-12-01,2021-11-30,0.02404072621901221,1.2020363109506105e-05,5.0
2022-01-03,2021-12-31,0.028047741527596218,1.4023870763798107e-05,5.0
2022-02-01,2022-01-31,0.05401291777662294,2.700645888831147e-05,5.0
2022-03-01,2022-02-28,0.022733748402052736,1.1366874201026368e-05,5.0
2022-04-01,2022-03-31,0.02192821307799378,1.096410653899689e-05,5.0
2022-05-02,2022-04-29,0.04245462255363873,2.1227311276819365e-05,5.0
2022-06-01,2022-05-31,0.03937242930850168,1.968621465425084e-05,5.0
2022-07-01,2022-06-30,0.04561647657760738,2.280823828880369e-05,5.0
2022-08-01,2022-07-29,0.03509845585669248,1.754922792834624e-05,5.0
2022-09-01,2022-08-31,0.024026684510198043,1.2013342255099021e-05,5.0
2022-10-03,2022-09-30,0.020179555426456913,1.0089777713228457e-05,5.0
2022-11-01,2022-10-31,0.038889564342182326,1.9444782171091163e-05,5.0
2022-12-01,2022-11-30,0.022763811400342532,1.1381905700171265e-05,5.0
2023-01-03,2022-12-30,0.02461385317000521,1.2306926585002604e-05,5.0
2023-02-01,2023-01-31,0.04219699173112226,2.109849586556113e-05,5.0
2023-03-01,2023-02-28,0.019786573708430677,9.893286854215338e-06,5.0
2023-04-03,2023-03-31,0.035329941997371855,1.766497099868593e-05,5.0
2023-05-01,2023-04-28,0.018683484697904637,9.341742348952318e-06,5.0
2023-06-01,2023-05-31,0.03955672899686073,1.9778364498430366e-05,5.0
2023-07-03,2023-06-30,0.029179878719148886,1.4589939359574445e-05,5.0
2023-08-01,2023-07-31,0.012754271483666452,6.377135741833226e-06,5.0
2023-09-01,2023-08-31,0.017122756959774568,8.561378479887284e-06,5.0
2023-10-02,2023-09-29,0.019379826002811823,9.689913001405911e-06,5.0
2023-11-01,2023-10-31,0.017141689788528106,8.570844894264053e-06,5.0
2023-12-01,2023-11-30,0.03142667196185987,1.5713335980929937e-05,5.0
2024-01-02,2023-12-29,0.015233999366492654,7.616999683246327e-06,5.0
2024-02-01,2024-01-31,0.02404996331511504,1.2024981657557519e-05,5.0
2024-03-01,2024-02-29,0.014640160685588377,7.320080342794189e-06,5.0
2024-04-01,2024-03-28,0.023871820927243215,1.1935910463621608e-05,5.0
2024-05-01,2024-04-30,0.020617187842026652,1.0308593921013326e-05,5.0
2024-06-03,2024-05-31,0.0226311300626702,1.1315565031335101e-05,5.0
2024-07-01,2024-06-28,0.02609125673458812,1.304562836729406e-05,5.0
2024-08-01,2024-07-31,0.021645252886338187,1.0822626443169093e-05,5.0
2024-09-03,2024-08-30,0.02477086729825577,1.2385433649127885e-05,5.0
2024-10-01,2024-09-30,0.028045262761244874,1.4022631380622436e-05,5.0
2024-11-01,2024-10-31,0.020030034102708066,1.0015017051354033e-05,5.0
2024-12-02,2024-11-29,0.028373827307217075,1.4186913653608537e-05,5.0
2025-01-02,2024-12-31,0.02976136611072451,1.4880683055362255e-05,5.0
2025-02-03,2025-01-31,0.02059916816537119,1.0299584082685594e-05,5.0
2025-03-03,2025-02-28,0.018826005979901084,9.413002989950541e-06,5.0
2025-04-01,2025-03-31,0.03296097730959677,1.6480488654798382e-05,5.0
2025-05-01,2025-04-30,0.036733667061186887,1.8366833530593444e-05,5.0
2025-06-02,2025-05-30,0.02618787407128416,1.3093937035642079e-05,5.0
2025-07-01,2025-06-30,0.01931566674758531,9.657833373792654e-06,5.0
2025-08-01,2025-07-31,0.01991578138617142,9.957890693085711e-06,5.0
2025-09-02,2025-08-29,0.02394124123547134,1.197062061773567e-05,5.0
2025-10-01,2025-09-30,0.028351811806026916,1.4175905903013458e-05,5.0
2025-11-03,2025-10-31,0.02799467631676343,1.3997338158381717e-05,5.0
2025-12-01,2025-11-28,0.03320479398122235,1.6602396990611172e-05,5.0
2026-01-02,2025-12-31,0.021589095799595254,1.0794547899797626e-05,5.0
2026-02-02,2026-01-30,0.04328718909605005,2.1643594548025025e-05,5.0
2026-03-02,2026-02-27,0.05872398978724257,2.9361994893621285e-05,5.0
2026-04-01,2026-03-31,0.029142960714693286,1.4571480357346644e-05,5.0
2026-05-01,2026-04-30,0.040662625794454746,2.033131289722737e-05,5.0
2026-06-01,2026-05-29,0.046644131504904776,2.3322065752452387e-05,5.0
2026-07-01,2026-06-30,0.03834666956867115,1.9173334784335577e-05,5.0
2026-08-03,2026-07-31,0.03898610111486102,1.9493050557430507e-05,5.0
