signal_date,execution_date,symbol,weight
2008-05-30,2008-06-02,SPY,0.0
2008-05-30,2008-06-02,EFA,0.0
2008-05-30,2008-06-02,EEM,0.125
2008-05-30,2008-06-02,IEF,0.125
2008-05-30,2008-06-02,TLT,0.125
2008-05-30,2008-06-02,GLD,0.125
2008-05-30,2008-06-02,DBC,0.125
2008-05-30,2008-06-02,VNQ,0.0
2008-05-30,2008-06-02,BIL,0.375
2008-06-30,2008-07-01,SPY,0.0
2008-06-30,2008-07-01,EFA,0.0
2008-06-30,2008-07-01,EEM,0.125
2008-06-30,2008-07-01,IEF,0.125
2008-06-30,2008-07-01,TLT,0.125
2008-06-30,2008-07-01,GLD,0.125
2008-06-30,2008-07-01,DBC,0.125
2008-06-30,2008-07-01,VNQ,0.0
2008-06-30,2008-07-01,BIL,0.375
2008-07-31,2008-08-01,SPY,0.0
2008-07-31,2008-08-01,EFA,0.0
2008-07-31,2008-08-01,EEM,0.0
2008-07-31,2008-08-01,IEF,0.125
2008-07-31,2008-08-01,TLT,0.125
2008-07-31,2008-08-01,GLD,0.125
2008-07-31,2008-08-01,DBC,0.125
2008-07-31,2008-08-01,VNQ,0.0
2008-07-31,2008-08-01,BIL,0.5
2008-08-29,2008-09-02,SPY,0.0
2008-08-29,2008-09-02,EFA,0.0
2008-08-29,2008-09-02,EEM,0.0
2008-08-29,2008-09-02,IEF,0.125
2008-08-29,2008-09-02,TLT,0.125
2008-08-29,2008-09-02,GLD,0.125
2008-08-29,2008-09-02,DBC,0.125
2008-08-29,2008-09-02,VNQ,0.0
2008-08-29,2008-09-02,BIL,0.5
2008-09-30,2008-10-01,SPY,0.0
2008-09-30,2008-10-01,EFA,0.0
2008-09-30,2008-10-01,EEM,0.0
2008-09-30,2008-10-01,IEF,0.125
2008-09-30,2008-10-01,TLT,0.125
2008-09-30,2008-10-01,GLD,0.125
2008-09-30,2008-10-01,DBC,0.125
2008-09-30,2008-10-01,VNQ,0.0
2008-09-30,2008-10-01,BIL,0.5
2008-10-31,2008-11-03,SPY,0.0
2008-10-31,2008-11-03,EFA,0.0
2008-10-31,2008-11-03,EEM,0.0
2008-10-31,2008-11-03,IEF,0.125
2008-10-31,2008-11-03,TLT,0.125
2008-10-31,2008-11-03,GLD,0.0
2008-10-31,2008-11-03,DBC,0.0
2008-10-31,2008-11-03,VNQ,0.0
2008-10-31,2008-11-03,BIL,0.75
2008-11-28,2008-12-01,SPY,0.0
2008-11-28,2008-12-01,EFA,0.0
2008-11-28,2008-12-01,EEM,0.0
2008-11-28,2008-12-01,IEF,0.125
2008-11-28,2008-12-01,TLT,0.125
2008-11-28,2008-12-01,GLD,0.125
2008-11-28,2008-12-01,DBC,0.0
2008-11-28,2008-12-01,VNQ,0.0
2008-11-28,2008-12-01,BIL,0.625
2008-12-31,2009-01-02,SPY,0.0
2008-12-31,2009-01-02,EFA,0.0
2008-12-31,2009-01-02,EEM,0.0
2008-12-31,2009-01-02,IEF,0.125
2008-12-31,2009-01-02,TLT,0.125
2008-12-31,2009-01-02,GLD,0.125
2008-12-31,2009-01-02,DBC,0.0
2008-12-31,2009-01-02,VNQ,0.0
2008-12-31,2009-01-02,BIL,0.625
2009-01-30,2009-02-02,SPY,0.0
2009-01-30,2009-02-02,EFA,0.0
2009-01-30,2009-02-02,EEM,0.0
2009-01-30,2009-02-02,IEF,0.125
2009-01-30,2009-02-02,TLT,0.125
2009-01-30,2009-02-02,GLD,0.0
2009-01-30,2009-02-02,DBC,0.0
2009-01-30,2009-02-02,VNQ,0.0
2009-01-30,2009-02-02,BIL,0.75
2009-02-27,2009-03-02,SPY,0.0
2009-02-27,2009-03-02,EFA,0.0
2009-02-27,2009-03-02,EEM,0.0
2009-02-27,2009-03-02,IEF,0.125
2009-02-27,2009-03-02,TLT,0.125
2009-02-27,2009-03-02,GLD,0.0
2009-02-27,2009-03-02,DBC,0.0
2009-02-27,2009-03-02,VNQ,0.0
2009-02-27,2009-03-02,BIL,0.75
2009-03-31,2009-04-01,SPY,0.0
2009-03-31,2009-04-01,EFA,0.0
2009-03-31,2009-04-01,EEM,0.0
2009-03-31,2009-04-01,IEF,0.125
2009-03-31,2009-04-01,TLT,0.125
2009-03-31,2009-04-01,GLD,0.0
2009-03-31,2009-04-01,DBC,0.0
2009-03-31,2009-04-01,VNQ,0.0
2009-03-31,2009-04-01,BIL,0.75
2009-04-30,2009-05-01,SPY,0.0
2009-04-30,2009-05-01,EFA,0.0
2009-04-30,2009-05-01,EEM,0.0
2009-04-30,2009-05-01,IEF,0.125
2009-04-30,2009-05-01,TLT,0.125
2009-04-30,2009-05-01,GLD,0.0
2009-04-30,2009-05-01,DBC,0.0
2009-04-30,2009-05-01,VNQ,0.0
2009-04-30,2009-05-01,BIL,0.75
2009-05-29,2009-06-01,SPY,0.0
2009-05-29,2009-06-01,EFA,0.0
2009-05-29,2009-06-01,EEM,0.0
2009-05-29,2009-06-01,IEF,0.125
2009-05-29,2009-06-01,TLT,0.125
2009-05-29,2009-06-01,GLD,0.125
2009-05-29,2009-06-01,DBC,0.0
2009-05-29,2009-06-01,VNQ,0.0
2009-05-29,2009-06-01,BIL,0.625
2009-06-30,2009-07-01,SPY,0.0
2009-06-30,2009-07-01,EFA,0.0
2009-06-30,2009-07-01,EEM,0.0
2009-06-30,2009-07-01,IEF,0.125
2009-06-30,2009-07-01,TLT,0.125
2009-06-30,2009-07-01,GLD,0.0
2009-06-30,2009-07-01,DBC,0.0
2009-06-30,2009-07-01,VNQ,0.0
2009-06-30,2009-07-01,BIL,0.75
2009-07-31,2009-08-03,SPY,0.0
2009-07-31,2009-08-03,EFA,0.0
2009-07-31,2009-08-03,EEM,0.0
2009-07-31,2009-08-03,IEF,0.125
2009-07-31,2009-08-03,TLT,0.125
2009-07-31,2009-08-03,GLD,0.125
2009-07-31,2009-08-03,DBC,0.0
2009-07-31,2009-08-03,VNQ,0.0
2009-07-31,2009-08-03,BIL,0.625
2009-08-31,2009-09-01,SPY,0.0
2009-08-31,2009-09-01,EFA,0.0
2009-08-31,2009-09-01,EEM,0.0
2009-08-31,2009-09-01,IEF,0.125
2009-08-31,2009-09-01,TLT,0.125
2009-08-31,2009-09-01,GLD,0.125
2009-08-31,2009-09-01,DBC,0.0
2009-08-31,2009-09-01,VNQ,0.0
2009-08-31,2009-09-01,BIL,0.625
2009-09-30,2009-10-01,SPY,0.0
2009-09-30,2009-10-01,EFA,0.125
2009-09-30,2009-10-01,EEM,0.125
2009-09-30,2009-10-01,IEF,0.125
2009-09-30,2009-10-01,TLT,0.125
2009-09-30,2009-10-01,GLD,0.125
2009-09-30,2009-10-01,DBC,0.0
2009-09-30,2009-10-01,VNQ,0.0
2009-09-30,2009-10-01,BIL,0.375
2009-10-30,2009-11-02,SPY,0.125
2009-10-30,2009-11-02,EFA,0.125
2009-10-30,2009-11-02,EEM,0.125
2009-10-30,2009-11-02,IEF,0.125
2009-10-30,2009-11-02,TLT,0.125
2009-10-30,2009-11-02,GLD,0.125
2009-10-30,2009-11-02,DBC,0.0
2009-10-30,2009-11-02,VNQ,0.125
2009-10-30,2009-11-02,BIL,0.125
2009-11-30,2009-12-01,SPY,0.125
2009-11-30,2009-12-01,EFA,0.125
2009-11-30,2009-12-01,EEM,0.125
2009-11-30,2009-12-01,IEF,0.125
2009-11-30,2009-12-01,TLT,0.0
2009-11-30,2009-12-01,GLD,0.125
2009-11-30,2009-12-01,DBC,0.125
2009-11-30,2009-12-01,VNQ,0.125
2009-11-30,2009-12-01,BIL,0.125
2009-12-31,2010-01-04,SPY,0.125
2009-12-31,2010-01-04,EFA,0.125
2009-12-31,2010-01-04,EEM,0.125
2009-12-31,2010-01-04,IEF,0.0
2009-12-31,2010-01-04,TLT,0.0
2009-12-31,2010-01-04,GLD,0.125
2009-12-31,2010-01-04,DBC,0.125
2009-12-31,2010-01-04,VNQ,0.125
2009-12-31,2010-01-04,BIL,0.25
2010-01-29,2010-02-01,SPY,0.125
2010-01-29,2010-02-01,EFA,0.125
2010-01-29,2010-02-01,EEM,0.125
2010-01-29,2010-02-01,IEF,0.0
2010-01-29,2010-02-01,TLT,0.0
2010-01-29,2010-02-01,GLD,0.125
2010-01-29,2010-02-01,DBC,0.125
2010-01-29,2010-02-01,VNQ,0.125
2010-01-29,2010-02-01,BIL,0.25
2010-02-26,2010-03-01,SPY,0.125
2010-02-26,2010-03-01,EFA,0.125
2010-02-26,2010-03-01,EEM,0.125
2010-02-26,2010-03-01,IEF,0.125
2010-02-26,2010-03-01,TLT,0.0
2010-02-26,2010-03-01,GLD,0.125
2010-02-26,2010-03-01,DBC,0.125
2010-02-26,2010-03-01,VNQ,0.125
2010-02-26,2010-03-01,BIL,0.125
2010-03-31,2010-04-01,SPY,0.125
2010-03-31,2010-04-01,EFA,0.125
2010-03-31,2010-04-01,EEM,0.125
2010-03-31,2010-04-01,IEF,0.0
2010-03-31,2010-04-01,TLT,0.0
2010-03-31,2010-04-01,GLD,0.125
2010-03-31,2010-04-01,DBC,0.125
2010-03-31,2010-04-01,VNQ,0.125
2010-03-31,2010-04-01,BIL,0.25
2010-04-30,2010-05-03,SPY,0.125
2010-04-30,2010-05-03,EFA,0.125
2010-04-30,2010-05-03,EEM,0.125
2010-04-30,2010-05-03,IEF,0.125
2010-04-30,2010-05-03,TLT,0.0
2010-04-30,2010-05-03,GLD,0.125
2010-04-30,2010-05-03,DBC,0.125
2010-04-30,2010-05-03,VNQ,0.125
2010-04-30,2010-05-03,BIL,0.125
2010-05-28,2010-06-01,SPY,0.125
2010-05-28,2010-06-01,EFA,0.125
2010-05-28,2010-06-01,EEM,0.125
2010-05-28,2010-06-01,IEF,0.125
2010-05-28,2010-06-01,TLT,0.125
2010-05-28,2010-06-01,GLD,0.125
2010-05-28,2010-06-01,DBC,0.0
2010-05-28,2010-06-01,VNQ,0.125
2010-05-28,2010-06-01,BIL,0.125
2010-06-30,2010-07-01,SPY,0.125
2010-06-30,2010-07-01,EFA,0.125
2010-06-30,2010-07-01,EEM,0.125
2010-06-30,2010-07-01,IEF,0.125
2010-06-30,2010-07-01,TLT,0.125
2010-06-30,2010-07-01,GLD,0.125
2010-06-30,2010-07-01,DBC,0.0
2010-06-30,2010-07-01,VNQ,0.125
2010-06-30,2010-07-01,BIL,0.125
2010-07-30,2010-08-02,SPY,0.125
2010-07-30,2010-08-02,EFA,0.125
2010-07-30,2010-08-02,EEM,0.125
2010-07-30,2010-08-02,IEF,0.125
2010-07-30,2010-08-02,TLT,0.125
2010-07-30,2010-08-02,GLD,0.125
2010-07-30,2010-08-02,DBC,0.0
2010-07-30,2010-08-02,VNQ,0.125
2010-07-30,2010-08-02,BIL,0.125
2010-08-31,2010-09-01,SPY,0.125
2010-08-31,2010-09-01,EFA,0.0
2010-08-31,2010-09-01,EEM,0.125
2010-08-31,2010-09-01,IEF,0.125
2010-08-31,2010-09-01,TLT,0.125
2010-08-31,2010-09-01,GLD,0.125
2010-08-31,2010-09-01,DBC,0.125
2010-08-31,2010-09-01,VNQ,0.125
2010-08-31,2010-09-01,BIL,0.125
2010-09-30,2010-10-01,SPY,0.125
2010-09-30,2010-10-01,EFA,0.125
2010-09-30,2010-10-01,EEM,0.125
2010-09-30,2010-10-01,IEF,0.125
2010-09-30,2010-10-01,TLT,0.125
2010-09-30,2010-10-01,GLD,0.125
2010-09-30,2010-10-01,DBC,0.125
2010-09-30,2010-10-01,VNQ,0.125
2010-09-30,2010-10-01,BIL,0.0
2010-10-29,2010-11-01,SPY,0.125
2010-10-29,2010-11-01,EFA,0.125
2010-10-29,2010-11-01,EEM,0.125
2010-10-29,2010-11-01,IEF,0.125
2010-10-29,2010-11-01,TLT,0.125
2010-10-29,2010-11-01,GLD,0.125
2010-10-29,2010-11-01,DBC,0.125
2010-10-29,2010-11-01,VNQ,0.125
2010-10-29,2010-11-01,BIL,0.0
2010-11-30,2010-12-01,SPY,0.125
2010-11-30,2010-12-01,EFA,0.125
2010-11-30,2010-12-01,EEM,0.125
2010-11-30,2010-12-01,IEF,0.125
2010-11-30,2010-12-01,TLT,0.125
2010-11-30,2010-12-01,GLD,0.125
2010-11-30,2010-12-01,DBC,0.125
2010-11-30,2010-12-01,VNQ,0.125
2010-11-30,2010-12-01,BIL,0.0
2010-12-31,2011-01-03,SPY,0.125
2010-12-31,2011-01-03,EFA,0.125
2010-12-31,2011-01-03,EEM,0.125
2010-12-31,2011-01-03,IEF,0.125
2010-12-31,2011-01-03,TLT,0.125
2010-12-31,2011-01-03,GLD,0.125
2010-12-31,2011-01-03,DBC,0.125
2010-12-31,2011-01-03,VNQ,0.125
2010-12-31,2011-01-03,BIL,0.0
2011-01-31,2011-02-01,SPY,0.125
2011-01-31,2011-02-01,EFA,0.125
2011-01-31,2011-02-01,EEM,0.125
2011-01-31,2011-02-01,IEF,0.125
2011-01-31,2011-02-01,TLT,0.125
2011-01-31,2011-02-01,GLD,0.125
2011-01-31,2011-02-01,DBC,0.125
2011-01-31,2011-02-01,VNQ,0.125
2011-01-31,2011-02-01,BIL,0.0
2011-02-28,2011-03-01,SPY,0.125
2011-02-28,2011-03-01,EFA,0.125
2011-02-28,2011-03-01,EEM,0.125
2011-02-28,2011-03-01,IEF,0.125
2011-02-28,2011-03-01,TLT,0.125
2011-02-28,2011-03-01,GLD,0.125
2011-02-28,2011-03-01,DBC,0.125
2011-02-28,2011-03-01,VNQ,0.125
2011-02-28,2011-03-01,BIL,0.0
2011-03-31,2011-04-01,SPY,0.125
2011-03-31,2011-04-01,EFA,0.125
2011-03-31,2011-04-01,EEM,0.125
2011-03-31,2011-04-01,IEF,0.125
2011-03-31,2011-04-01,TLT,0.125
2011-03-31,2011-04-01,GLD,0.125
2011-03-31,2011-04-01,DBC,0.125
2011-03-31,2011-04-01,VNQ,0.125
2011-03-31,2011-04-01,BIL,0.0
2011-04-29,2011-05-02,SPY,0.125
2011-04-29,2011-05-02,EFA,0.125
2011-04-29,2011-05-02,EEM,0.125
2011-04-29,2011-05-02,IEF,0.125
2011-04-29,2011-05-02,TLT,0.125
2011-04-29,2011-05-02,GLD,0.125
2011-04-29,2011-05-02,DBC,0.125
2011-04-29,2011-05-02,VNQ,0.125
2011-04-29,2011-05-02,BIL,0.0
2011-05-31,2011-06-01,SPY,0.125
2011-05-31,2011-06-01,EFA,0.125
2011-05-31,2011-06-01,EEM,0.125
2011-05-31,2011-06-01,IEF,0.125
2011-05-31,2011-06-01,TLT,0.125
2011-05-31,2011-06-01,GLD,0.125
2011-05-31,2011-06-01,DBC,0.125
2011-05-31,2011-06-01,VNQ,0.125
2011-05-31,2011-06-01,BIL,0.0
2011-06-30,2011-07-01,SPY,0.125
2011-06-30,2011-07-01,EFA,0.125
2011-06-30,2011-07-01,EEM,0.125
2011-06-30,2011-07-01,IEF,0.125
2011-06-30,2011-07-01,TLT,0.0
2011-06-30,2011-07-01,GLD,0.125
2011-06-30,2011-07-01,DBC,0.125
2011-06-30,2011-07-01,VNQ,0.125
2011-06-30,2011-07-01,BIL,0.125
2011-07-29,2011-08-01,SPY,0.125
2011-07-29,2011-08-01,EFA,0.125
2011-07-29,2011-08-01,EEM,0.125
2011-07-29,2011-08-01,IEF,0.125
2011-07-29,2011-08-01,TLT,0.125
2011-07-29,2011-08-01,GLD,0.125
2011-07-29,2011-08-01,DBC,0.125
2011-07-29,2011-08-01,VNQ,0.125
2011-07-29,2011-08-01,BIL,0.0
2011-08-31,2011-09-01,SPY,0.125
2011-08-31,2011-09-01,EFA,0.125
2011-08-31,2011-09-01,EEM,0.125
2011-08-31,2011-09-01,IEF,0.125
2011-08-31,2011-09-01,TLT,0.125
2011-08-31,2011-09-01,GLD,0.125
2011-08-31,2011-09-01,DBC,0.125
2011-08-31,2011-09-01,VNQ,0.125
2011-08-31,2011-09-01,BIL,0.0
2011-09-30,2011-10-03,SPY,0.125
2011-09-30,2011-10-03,EFA,0.0
2011-09-30,2011-10-03,EEM,0.0
2011-09-30,2011-10-03,IEF,0.125
2011-09-30,2011-10-03,TLT,0.125
2011-09-30,2011-10-03,GLD,0.125
2011-09-30,2011-10-03,DBC,0.125
2011-09-30,2011-10-03,VNQ,0.125
2011-09-30,2011-10-03,BIL,0.25
2011-10-31,2011-11-01,SPY,0.125
2011-10-31,2011-11-01,EFA,0.0
2011-10-31,2011-11-01,EEM,0.0
2011-10-31,2011-11-01,IEF,0.125
2011-10-31,2011-11-01,TLT,0.125
2011-10-31,2011-11-01,GLD,0.125
2011-10-31,2011-11-01,DBC,0.125
2011-10-31,2011-11-01,VNQ,0.125
2011-10-31,2011-11-01,BIL,0.25
2011-11-30,2011-12-01,SPY,0.125
2011-11-30,2011-12-01,EFA,0.0
2011-11-30,2011-12-01,EEM,0.0
2011-11-30,2011-12-01,IEF,0.125
2011-11-30,2011-12-01,TLT,0.125
2011-11-30,2011-12-01,GLD,0.125
2011-11-30,2011-12-01,DBC,0.125
2011-11-30,2011-12-01,VNQ,0.125
2011-11-30,2011-12-01,BIL,0.25
2011-12-30,2012-01-03,SPY,0.125
2011-12-30,2012-01-03,EFA,0.0
2011-12-30,2012-01-03,EEM,0.0
2011-12-30,2012-01-03,IEF,0.125
2011-12-30,2012-01-03,TLT,0.125
2011-12-30,2012-01-03,GLD,0.125
2011-12-30,2012-01-03,DBC,0.0
2011-12-30,2012-01-03,VNQ,0.125
2011-12-30,2012-01-03,BIL,0.375
2012-01-31,2012-02-01,SPY,0.125
2012-01-31,2012-02-01,EFA,0.0
2012-01-31,2012-02-01,EEM,0.0
2012-01-31,2012-02-01,IEF,0.125
2012-01-31,2012-02-01,TLT,0.125
2012-01-31,2012-02-01,GLD,0.125
2012-01-31,2012-02-01,DBC,0.0
2012-01-31,2012-02-01,VNQ,0.125
2012-01-31,2012-02-01,BIL,0.375
2012-02-29,2012-03-01,SPY,0.125
2012-02-29,2012-03-01,EFA,0.0
2012-02-29,2012-03-01,EEM,0.0
2012-02-29,2012-03-01,IEF,0.125
2012-02-29,2012-03-01,TLT,0.125
2012-02-29,2012-03-01,GLD,0.125
2012-02-29,2012-03-01,DBC,0.0
2012-02-29,2012-03-01,VNQ,0.125
2012-02-29,2012-03-01,BIL,0.375
2012-03-30,2012-04-02,SPY,0.125
2012-03-30,2012-04-02,EFA,0.0
2012-03-30,2012-04-02,EEM,0.0
2012-03-30,2012-04-02,IEF,0.125
2012-03-30,2012-04-02,TLT,0.125
2012-03-30,2012-04-02,GLD,0.125
2012-03-30,2012-04-02,DBC,0.0
2012-03-30,2012-04-02,VNQ,0.125
2012-03-30,2012-04-02,BIL,0.375
2012-04-30,2012-05-01,SPY,0.125
2012-04-30,2012-05-01,EFA,0.0
2012-04-30,2012-05-01,EEM,0.0
2012-04-30,2012-05-01,IEF,0.125
2012-04-30,2012-05-01,TLT,0.125
2012-04-30,2012-05-01,GLD,0.125
2012-04-30,2012-05-01,DBC,0.0
2012-04-30,2012-05-01,VNQ,0.125
2012-04-30,2012-05-01,BIL,0.375
2012-05-31,2012-06-01,SPY,0.0
2012-05-31,2012-06-01,EFA,0.0
2012-05-31,2012-06-01,EEM,0.0
2012-05-31,2012-06-01,IEF,0.125
2012-05-31,2012-06-01,TLT,0.125
2012-05-31,2012-06-01,GLD,0.125
2012-05-31,2012-06-01,DBC,0.0
2012-05-31,2012-06-01,VNQ,0.125
2012-05-31,2012-06-01,BIL,0.5
2012-06-29,2012-07-02,SPY,0.125
2012-06-29,2012-07-02,EFA,0.0
2012-06-29,2012-07-02,EEM,0.0
2012-06-29,2012-07-02,IEF,0.125
2012-06-29,2012-07-02,TLT,0.125
2012-06-29,2012-07-02,GLD,0.125
2012-06-29,2012-07-02,DBC,0.0
2012-06-29,2012-07-02,VNQ,0.125
2012-06-29,2012-07-02,BIL,0.375
2012-07-31,2012-08-01,SPY,0.125
2012-07-31,2012-08-01,EFA,0.0
2012-07-31,2012-08-01,EEM,0.0
2012-07-31,2012-08-01,IEF,0.125
2012-07-31,2012-08-01,TLT,0.125
2012-07-31,2012-08-01,GLD,0.0
2012-07-31,2012-08-01,DBC,0.0
2012-07-31,2012-08-01,VNQ,0.125
2012-07-31,2012-08-01,BIL,0.5
2012-08-31,2012-09-04,SPY,0.125
2012-08-31,2012-09-04,EFA,0.0
2012-08-31,2012-09-04,EEM,0.0
2012-08-31,2012-09-04,IEF,0.125
2012-08-31,2012-09-04,TLT,0.125
2012-08-31,2012-09-04,GLD,0.0
2012-08-31,2012-09-04,DBC,0.0
2012-08-31,2012-09-04,VNQ,0.125
2012-08-31,2012-09-04,BIL,0.5
2012-09-28,2012-10-01,SPY,0.125
2012-09-28,2012-10-01,EFA,0.125
2012-09-28,2012-10-01,EEM,0.125
2012-09-28,2012-10-01,IEF,0.125
2012-09-28,2012-10-01,TLT,0.125
2012-09-28,2012-10-01,GLD,0.125
2012-09-28,2012-10-01,DBC,0.125
2012-09-28,2012-10-01,VNQ,0.125
2012-09-28,2012-10-01,BIL,0.0
2012-10-31,2012-11-01,SPY,0.125
2012-10-31,2012-11-01,EFA,0.125
2012-10-31,2012-11-01,EEM,0.125
2012-10-31,2012-11-01,IEF,0.125
2012-10-31,2012-11-01,TLT,0.125
2012-10-31,2012-11-01,GLD,0.0
2012-10-31,2012-11-01,DBC,0.0
2012-10-31,2012-11-01,VNQ,0.125
2012-10-31,2012-11-01,BIL,0.25
2012-11-30,2012-12-03,SPY,0.125
2012-11-30,2012-12-03,EFA,0.125
2012-11-30,2012-12-03,EEM,0.125
2012-11-30,2012-12-03,IEF,0.125
2012-11-30,2012-12-03,TLT,0.125
2012-11-30,2012-12-03,GLD,0.0
2012-11-30,2012-12-03,DBC,0.125
2012-11-30,2012-12-03,VNQ,0.125
2012-11-30,2012-12-03,BIL,0.125
2012-12-31,2013-01-02,SPY,0.125
2012-12-31,2013-01-02,EFA,0.125
2012-12-31,2013-01-02,EEM,0.125
2012-12-31,2013-01-02,IEF,0.125
2012-12-31,2013-01-02,TLT,0.125
2012-12-31,2013-01-02,GLD,0.125
2012-12-31,2013-01-02,DBC,0.125
2012-12-31,2013-01-02,VNQ,0.125
2012-12-31,2013-01-02,BIL,0.0
2013-01-31,2013-02-01,SPY,0.125
2013-01-31,2013-02-01,EFA,0.125
2013-01-31,2013-02-01,EEM,0.125
2013-01-31,2013-02-01,IEF,0.125
2013-01-31,2013-02-01,TLT,0.0
2013-01-31,2013-02-01,GLD,0.0
2013-01-31,2013-02-01,DBC,0.125
2013-01-31,2013-02-01,VNQ,0.125
2013-01-31,2013-02-01,BIL,0.25
2013-02-28,2013-03-01,SPY,0.125
2013-02-28,2013-03-01,EFA,0.125
2013-02-28,2013-03-01,EEM,0.0
2013-02-28,2013-03-01,IEF,0.125
2013-02-28,2013-03-01,TLT,0.125
2013-02-28,2013-03-01,GLD,0.0
2013-02-28,2013-03-01,DBC,0.0
2013-02-28,2013-03-01,VNQ,0.125
2013-02-28,2013-03-01,BIL,0.375
2013-03-28,2013-04-01,SPY,0.125
2013-03-28,2013-04-01,EFA,0.125
2013-03-28,2013-04-01,EEM,0.125
2013-03-28,2013-04-01,IEF,0.125
2013-03-28,2013-04-01,TLT,0.125
2013-03-28,2013-04-01,GLD,0.0
2013-03-28,2013-04-01,DBC,0.0
2013-03-28,2013-04-01,VNQ,0.125
2013-03-28,2013-04-01,BIL,0.25
2013-04-30,2013-05-01,SPY,0.125
2013-04-30,2013-05-01,EFA,0.125
2013-04-30,2013-05-01,EEM,0.125
2013-04-30,2013-05-01,IEF,0.125
2013-04-30,2013-05-01,TLT,0.125
2013-04-30,2013-05-01,GLD,0.0
2013-04-30,2013-05-01,DBC,0.0
2013-04-30,2013-05-01,VNQ,0.125
2013-04-30,2013-05-01,BIL,0.25
2013-05-31,2013-06-03,SPY,0.125
2013-05-31,2013-06-03,EFA,0.125
2013-05-31,2013-06-03,EEM,0.125
2013-05-31,2013-06-03,IEF,0.0
2013-05-31,2013-06-03,TLT,0.0
2013-05-31,2013-06-03,GLD,0.0
2013-05-31,2013-06-03,DBC,0.125
2013-05-31,2013-06-03,VNQ,0.125
2013-05-31,2013-06-03,BIL,0.375
2013-06-28,2013-07-01,SPY,0.125
2013-06-28,2013-07-01,EFA,0.125
2013-06-28,2013-07-01,EEM,0.125
2013-06-28,2013-07-01,IEF,0.0
2013-06-28,2013-07-01,TLT,0.0
2013-06-28,2013-07-01,GLD,0.0
2013-06-28,2013-07-01,DBC,0.0
2013-06-28,2013-07-01,VNQ,0.125
2013-06-28,2013-07-01,BIL,0.5
2013-07-31,2013-08-01,SPY,0.125
2013-07-31,2013-08-01,EFA,0.125
2013-07-31,2013-08-01,EEM,0.125
2013-07-31,2013-08-01,IEF,0.0
2013-07-31,2013-08-01,TLT,0.0
2013-07-31,2013-08-01,GLD,0.0
2013-07-31,2013-08-01,DBC,0.0
2013-07-31,2013-08-01,VNQ,0.125
2013-07-31,2013-08-01,BIL,0.5
2013-08-30,2013-09-03,SPY,0.125
2013-08-30,2013-09-03,EFA,0.125
2013-08-30,2013-09-03,EEM,0.0
2013-08-30,2013-09-03,IEF,0.0
2013-08-30,2013-09-03,TLT,0.0
2013-08-30,2013-09-03,GLD,0.0
2013-08-30,2013-09-03,DBC,0.0
2013-08-30,2013-09-03,VNQ,0.125
2013-08-30,2013-09-03,BIL,0.625
2013-09-30,2013-10-01,SPY,0.125
2013-09-30,2013-10-01,EFA,0.125
2013-09-30,2013-10-01,EEM,0.125
2013-09-30,2013-10-01,IEF,0.0
2013-09-30,2013-10-01,TLT,0.0
2013-09-30,2013-10-01,GLD,0.0
2013-09-30,2013-10-01,DBC,0.0
2013-09-30,2013-10-01,VNQ,0.125
2013-09-30,2013-10-01,BIL,0.5
2013-10-31,2013-11-01,SPY,0.125
2013-10-31,2013-11-01,EFA,0.125
2013-10-31,2013-11-01,EEM,0.125
2013-10-31,2013-11-01,IEF,0.0
2013-10-31,2013-11-01,TLT,0.0
2013-10-31,2013-11-01,GLD,0.0
2013-10-31,2013-11-01,DBC,0.0
2013-10-31,2013-11-01,VNQ,0.125
2013-10-31,2013-11-01,BIL,0.5
2013-11-29,2013-12-02,SPY,0.125
2013-11-29,2013-12-02,EFA,0.125
2013-11-29,2013-12-02,EEM,0.125
2013-11-29,2013-12-02,IEF,0.0
2013-11-29,2013-12-02,TLT,0.0
2013-11-29,2013-12-02,GLD,0.0
2013-11-29,2013-12-02,DBC,0.0
2013-11-29,2013-12-02,VNQ,0.125
2013-11-29,2013-12-02,BIL,0.5
2013-12-31,2014-01-02,SPY,0.125
2013-12-31,2014-01-02,EFA,0.125
2013-12-31,2014-01-02,EEM,0.0
2013-12-31,2014-01-02,IEF,0.0
2013-12-31,2014-01-02,TLT,0.0
2013-12-31,2014-01-02,GLD,0.0
2013-12-31,2014-01-02,DBC,0.0
2013-12-31,2014-01-02,VNQ,0.125
2013-12-31,2014-01-02,BIL,0.625
2014-01-31,2014-02-03,SPY,0.125
2014-01-31,2014-02-03,EFA,0.125
2014-01-31,2014-02-03,EEM,0.0
2014-01-31,2014-02-03,IEF,0.0
2014-01-31,2014-02-03,TLT,0.0
2014-01-31,2014-02-03,GLD,0.0
2014-01-31,2014-02-03,DBC,0.0
2014-01-31,2014-02-03,VNQ,0.125
2014-01-31,2014-02-03,BIL,0.625
2014-02-28,2014-03-03,SPY,0.125
2014-02-28,2014-03-03,EFA,0.125
2014-02-28,2014-03-03,EEM,0.0
2014-02-28,2014-03-03,IEF,0.0
2014-02-28,2014-03-03,TLT,0.0
2014-02-28,2014-03-03,GLD,0.0
2014-02-28,2014-03-03,DBC,0.0
2014-02-28,2014-03-03,VNQ,0.125
2014-02-28,2014-03-03,BIL,0.625
2014-03-31,2014-04-01,SPY,0.125
2014-03-31,2014-04-01,EFA,0.125
2014-03-31,2014-04-01,EEM,0.0
2014-03-31,2014-04-01,IEF,0.0
2014-03-31,2014-04-01,TLT,0.0
2014-03-31,2014-04-01,GLD,0.0
2014-03-31,2014-04-01,DBC,0.0
2014-03-31,2014-04-01,VNQ,0.125
2014-03-31,2014-04-01,BIL,0.625
2014-04-30,2014-05-01,SPY,0.125
2014-04-30,2014-05-01,EFA,0.125
2014-04-30,2014-05-01,EEM,0.0
2014-04-30,2014-05-01,IEF,0.0
2014-04-30,2014-05-01,TLT,0.0
2014-04-30,2014-05-01,GLD,0.0
2014-04-30,2014-05-01,DBC,0.125
2014-04-30,2014-05-01,VNQ,0.125
2014-04-30,2014-05-01,BIL,0.5
2014-05-30,2014-06-02,SPY,0.125
2014-05-30,2014-06-02,EFA,0.125
2014-05-30,2014-06-02,EEM,0.125
2014-05-30,2014-06-02,IEF,0.125
2014-05-30,2014-06-02,TLT,0.125
2014-05-30,2014-06-02,GLD,0.0
2014-05-30,2014-06-02,DBC,0.125
2014-05-30,2014-06-02,VNQ,0.125
2014-05-30,2014-06-02,BIL,0.125
2014-06-30,2014-07-01,SPY,0.125
2014-06-30,2014-07-01,EFA,0.125
2014-06-30,2014-07-01,EEM,0.125
2014-06-30,2014-07-01,IEF,0.125
2014-06-30,2014-07-01,TLT,0.125
2014-06-30,2014-07-01,GLD,0.125
2014-06-30,2014-07-01,DBC,0.125
2014-06-30,2014-07-01,VNQ,0.125
2014-06-30,2014-07-01,BIL,0.0
2014-07-31,2014-08-01,SPY,0.125
2014-07-31,2014-08-01,EFA,0.125
2014-07-31,2014-08-01,EEM,0.125
2014-07-31,2014-08-01,IEF,0.125
2014-07-31,2014-08-01,TLT,0.125
2014-07-31,2014-08-01,GLD,0.0
2014-07-31,2014-08-01,DBC,0.0
2014-07-31,2014-08-01,VNQ,0.125
2014-07-31,2014-08-01,BIL,0.25
2014-08-29,2014-09-02,SPY,0.125
2014-08-29,2014-09-02,EFA,0.125
2014-08-29,2014-09-02,EEM,0.125
2014-08-29,2014-09-02,IEF,0.125
2014-08-29,2014-09-02,TLT,0.125
2014-08-29,2014-09-02,GLD,0.0
2014-08-29,2014-09-02,DBC,0.0
2014-08-29,2014-09-02,VNQ,0.125
2014-08-29,2014-09-02,BIL,0.25
2014-09-30,2014-10-01,SPY,0.125
2014-09-30,2014-10-01,EFA,0.125
2014-09-30,2014-10-01,EEM,0.125
2014-09-30,2014-10-01,IEF,0.125
2014-09-30,2014-10-01,TLT,0.125
2014-09-30,2014-10-01,GLD,0.0
2014-09-30,2014-10-01,DBC,0.0
2014-09-30,2014-10-01,VNQ,0.125
2014-09-30,2014-10-01,BIL,0.25
2014-10-31,2014-11-03,SPY,0.125
2014-10-31,2014-11-03,EFA,0.125
2014-10-31,2014-11-03,EEM,0.125
2014-10-31,2014-11-03,IEF,0.125
2014-10-31,2014-11-03,TLT,0.125
2014-10-31,2014-11-03,GLD,0.0
2014-10-31,2014-11-03,DBC,0.0
2014-10-31,2014-11-03,VNQ,0.125
2014-10-31,2014-11-03,BIL,0.25
2014-11-28,2014-12-01,SPY,0.125
2014-11-28,2014-12-01,EFA,0.0
2014-11-28,2014-12-01,EEM,0.0
2014-11-28,2014-12-01,IEF,0.125
2014-11-28,2014-12-01,TLT,0.125
2014-11-28,2014-12-01,GLD,0.0
2014-11-28,2014-12-01,DBC,0.0
2014-11-28,2014-12-01,VNQ,0.125
2014-11-28,2014-12-01,BIL,0.5
2014-12-31,2015-01-02,SPY,0.125
2014-12-31,2015-01-02,EFA,0.0
2014-12-31,2015-01-02,EEM,0.0
2014-12-31,2015-01-02,IEF,0.125
2014-12-31,2015-01-02,TLT,0.125
2014-12-31,2015-01-02,GLD,0.0
2014-12-31,2015-01-02,DBC,0.0
2014-12-31,2015-01-02,VNQ,0.125
2014-12-31,2015-01-02,BIL,0.5
2015-01-30,2015-02-02,SPY,0.125
2015-01-30,2015-02-02,EFA,0.0
2015-01-30,2015-02-02,EEM,0.125
2015-01-30,2015-02-02,IEF,0.125
2015-01-30,2015-02-02,TLT,0.125
2015-01-30,2015-02-02,GLD,0.125
2015-01-30,2015-02-02,DBC,0.0
2015-01-30,2015-02-02,VNQ,0.125
2015-01-30,2015-02-02,BIL,0.25
2015-02-27,2015-03-02,SPY,0.125
2015-02-27,2015-03-02,EFA,0.0
2015-02-27,2015-03-02,EEM,0.125
2015-02-27,2015-03-02,IEF,0.125
2015-02-27,2015-03-02,TLT,0.125
2015-02-27,2015-03-02,GLD,0.0
2015-02-27,2015-03-02,DBC,0.0
2015-02-27,2015-03-02,VNQ,0.125
2015-02-27,2015-03-02,BIL,0.375
2015-03-31,2015-04-01,SPY,0.125
2015-03-31,2015-04-01,EFA,0.0
2015-03-31,2015-04-01,EEM,0.125
2015-03-31,2015-04-01,IEF,0.125
2015-03-31,2015-04-01,TLT,0.125
2015-03-31,2015-04-01,GLD,0.0
2015-03-31,2015-04-01,DBC,0.0
2015-03-31,2015-04-01,VNQ,0.125
2015-03-31,2015-04-01,BIL,0.375
2015-04-30,2015-05-01,SPY,0.125
2015-04-30,2015-05-01,EFA,0.125
2015-04-30,2015-05-01,EEM,0.125
2015-04-30,2015-05-01,IEF,0.125
2015-04-30,2015-05-01,TLT,0.125
2015-04-30,2015-05-01,GLD,0.0
2015-04-30,2015-05-01,DBC,0.0
2015-04-30,2015-05-01,VNQ,0.125
2015-04-30,2015-05-01,BIL,0.25
2015-05-29,2015-06-01,SPY,0.125
2015-05-29,2015-06-01,EFA,0.0
2015-05-29,2015-06-01,EEM,0.0
2015-05-29,2015-06-01,IEF,0.125
2015-05-29,2015-06-01,TLT,0.125
2015-05-29,2015-06-01,GLD,0.0
2015-05-29,2015-06-01,DBC,0.0
2015-05-29,2015-06-01,VNQ,0.125
2015-05-29,2015-06-01,BIL,0.5
2015-06-30,2015-07-01,SPY,0.125
2015-06-30,2015-07-01,EFA,0.0
2015-06-30,2015-07-01,EEM,0.0
2015-06-30,2015-07-01,IEF,0.125
2015-06-30,2015-07-01,TLT,0.125
2015-06-30,2015-07-01,GLD,0.0
2015-06-30,2015-07-01,DBC,0.0
2015-06-30,2015-07-01,VNQ,0.125
2015-06-30,2015-07-01,BIL,0.5
2015-07-31,2015-08-03,SPY,0.125
2015-07-31,2015-08-03,EFA,0.0
2015-07-31,2015-08-03,EEM,0.0
2015-07-31,2015-08-03,IEF,0.125
2015-07-31,2015-08-03,TLT,0.125
2015-07-31,2015-08-03,GLD,0.0
2015-07-31,2015-08-03,DBC,0.0
2015-07-31,2015-08-03,VNQ,0.125
2015-07-31,2015-08-03,BIL,0.5
2015-08-31,2015-09-01,SPY,0.125
2015-08-31,2015-09-01,EFA,0.0
2015-08-31,2015-09-01,EEM,0.0
2015-08-31,2015-09-01,IEF,0.125
2015-08-31,2015-09-01,TLT,0.125
2015-08-31,2015-09-01,GLD,0.0
2015-08-31,2015-09-01,DBC,0.0
2015-08-31,2015-09-01,VNQ,0.0
2015-08-31,2015-09-01,BIL,0.625
2015-09-30,2015-10-01,SPY,0.0
2015-09-30,2015-10-01,EFA,0.0
2015-09-30,2015-10-01,EEM,0.0
2015-09-30,2015-10-01,IEF,0.125
2015-09-30,2015-10-01,TLT,0.125
2015-09-30,2015-10-01,GLD,0.0
2015-09-30,2015-10-01,DBC,0.0
2015-09-30,2015-10-01,VNQ,0.125
2015-09-30,2015-10-01,BIL,0.625
2015-10-30,2015-11-02,SPY,0.125
2015-10-30,2015-11-02,EFA,0.0
2015-10-30,2015-11-02,EEM,0.0
2015-10-30,2015-11-02,IEF,0.125
2015-10-30,2015-11-02,TLT,0.125
2015-10-30,2015-11-02,GLD,0.0
2015-10-30,2015-11-02,DBC,0.0
2015-10-30,2015-11-02,VNQ,0.125
2015-10-30,2015-11-02,BIL,0.5
2015-11-30,2015-12-01,SPY,0.125
2015-11-30,2015-12-01,EFA,0.0
2015-11-30,2015-12-01,EEM,0.0
2015-11-30,2015-12-01,IEF,0.125
2015-11-30,2015-12-01,TLT,0.125
2015-11-30,2015-12-01,GLD,0.0
2015-11-30,2015-12-01,DBC,0.0
2015-11-30,2015-12-01,VNQ,0.125
2015-11-30,2015-12-01,BIL,0.5
2015-12-31,2016-01-04,SPY,0.125
2015-12-31,2016-01-04,EFA,0.0
2015-12-31,2016-01-04,EEM,0.0
2015-12-31,2016-01-04,IEF,0.125
2015-12-31,2016-01-04,TLT,0.0
2015-12-31,2016-01-04,GLD,0.0
2015-12-31,2016-01-04,DBC,0.0
2015-12-31,2016-01-04,VNQ,0.125
2015-12-31,2016-01-04,BIL,0.625
2016-01-29,2016-02-01,SPY,0.0
2016-01-29,2016-02-01,EFA,0.0
2016-01-29,2016-02-01,EEM,0.0
2016-01-29,2016-02-01,IEF,0.125
2016-01-29,2016-02-01,TLT,0.0
2016-01-29,2016-02-01,GLD,0.0
2016-01-29,2016-02-01,DBC,0.0
2016-01-29,2016-02-01,VNQ,0.0
2016-01-29,2016-02-01,BIL,0.875
2016-02-29,2016-03-01,SPY,0.0
2016-02-29,2016-03-01,EFA,0.0
2016-02-29,2016-03-01,EEM,0.0
2016-02-29,2016-03-01,IEF,0.125
2016-02-29,2016-03-01,TLT,0.125
2016-02-29,2016-03-01,GLD,0.125
2016-02-29,2016-03-01,DBC,0.0
2016-02-29,2016-03-01,VNQ,0.0
2016-02-29,2016-03-01,BIL,0.625
2016-03-31,2016-04-01,SPY,0.125
2016-03-31,2016-04-01,EFA,0.0
2016-03-31,2016-04-01,EEM,0.0
2016-03-31,2016-04-01,IEF,0.125
2016-03-31,2016-04-01,TLT,0.125
2016-03-31,2016-04-01,GLD,0.125
2016-03-31,2016-04-01,DBC,0.0
2016-03-31,2016-04-01,VNQ,0.125
2016-03-31,2016-04-01,BIL,0.375
2016-04-29,2016-05-02,SPY,0.125
2016-04-29,2016-05-02,EFA,0.0
2016-04-29,2016-05-02,EEM,0.0
2016-04-29,2016-05-02,IEF,0.125
2016-04-29,2016-05-02,TLT,0.125
2016-04-29,2016-05-02,GLD,0.125
2016-04-29,2016-05-02,DBC,0.0
2016-04-29,2016-05-02,VNQ,0.125
2016-04-29,2016-05-02,BIL,0.375
2016-05-31,2016-06-01,SPY,0.125
2016-05-31,2016-06-01,EFA,0.0
2016-05-31,2016-06-01,EEM,0.0
2016-05-31,2016-06-01,IEF,0.125
2016-05-31,2016-06-01,TLT,0.125
2016-05-31,2016-06-01,GLD,0.125
2016-05-31,2016-06-01,DBC,0.0
2016-05-31,2016-06-01,VNQ,0.125
2016-05-31,2016-06-01,BIL,0.375
2016-06-30,2016-07-01,SPY,0.125
2016-06-30,2016-07-01,EFA,0.0
2016-06-30,2016-07-01,EEM,0.0
2016-06-30,2016-07-01,IEF,0.125
2016-06-30,2016-07-01,TLT,0.125
2016-06-30,2016-07-01,GLD,0.125
2016-06-30,2016-07-01,DBC,0.0
2016-06-30,2016-07-01,VNQ,0.125
2016-06-30,2016-07-01,BIL,0.375
2016-07-29,2016-08-01,SPY,0.125
2016-07-29,2016-08-01,EFA,0.0
2016-07-29,2016-08-01,EEM,0.0
2016-07-29,2016-08-01,IEF,0.125
2016-07-29,2016-08-01,TLT,0.125
2016-07-29,2016-08-01,GLD,0.125
2016-07-29,2016-08-01,DBC,0.0
2016-07-29,2016-08-01,VNQ,0.125
2016-07-29,2016-08-01,BIL,0.375
2016-08-31,2016-09-01,SPY,0.125
2016-08-31,2016-09-01,EFA,0.125
2016-08-31,2016-09-01,EEM,0.125
2016-08-31,2016-09-01,IEF,0.125
2016-08-31,2016-09-01,TLT,0.125
2016-08-31,2016-09-01,GLD,0.125
2016-08-31,2016-09-01,DBC,0.0
2016-08-31,2016-09-01,VNQ,0.125
2016-08-31,2016-09-01,BIL,0.125
2016-09-30,2016-10-03,SPY,0.125
2016-09-30,2016-10-03,EFA,0.125
2016-09-30,2016-10-03,EEM,0.125
2016-09-30,2016-10-03,IEF,0.125
2016-09-30,2016-10-03,TLT,0.125
2016-09-30,2016-10-03,GLD,0.125
2016-09-30,2016-10-03,DBC,0.0
2016-09-30,2016-10-03,VNQ,0.125
2016-09-30,2016-10-03,BIL,0.125
2016-10-31,2016-11-01,SPY,0.125
2016-10-31,2016-11-01,EFA,0.0
2016-10-31,2016-11-01,EEM,0.125
2016-10-31,2016-11-01,IEF,0.125
2016-10-31,2016-11-01,TLT,0.125
2016-10-31,2016-11-01,GLD,0.125
2016-10-31,2016-11-01,DBC,0.0
2016-10-31,2016-11-01,VNQ,0.125
2016-10-31,2016-11-01,BIL,0.25
2016-11-30,2016-12-01,SPY,0.125
2016-11-30,2016-12-01,EFA,0.0
2016-11-30,2016-12-01,EEM,0.125
2016-11-30,2016-12-01,IEF,0.125
2016-11-30,2016-12-01,TLT,0.125
2016-11-30,2016-12-01,GLD,0.125
2016-11-30,2016-12-01,DBC,0.125
2016-11-30,2016-12-01,VNQ,0.125
2016-11-30,2016-12-01,BIL,0.125
2016-12-30,2017-01-03,SPY,0.125
2016-12-30,2017-01-03,EFA,0.125
2016-12-30,2017-01-03,EEM,0.125
2016-12-30,2017-01-03,IEF,0.125
2016-12-30,2017-01-03,TLT,0.125
2016-12-30,2017-01-03,GLD,0.125
2016-12-30,2017-01-03,DBC,0.125
2016-12-30,2017-01-03,VNQ,0.125
2016-12-30,2017-01-03,BIL,0.0
2017-01-31,2017-02-01,SPY,0.125
2017-01-31,2017-02-01,EFA,0.125
2017-01-31,2017-02-01,EEM,0.125
2017-01-31,2017-02-01,IEF,0.0
2017-01-31,2017-02-01,TLT,0.0
2017-01-31,2017-02-01,GLD,0.125
2017-01-31,2017-02-01,DBC,0.125
2017-01-31,2017-02-01,VNQ,0.125
2017-01-31,2017-02-01,BIL,0.25
2017-02-28,2017-03-01,SPY,0.125
2017-02-28,2017-03-01,EFA,0.125
2017-02-28,2017-03-01,EEM,0.125
2017-02-28,2017-03-01,IEF,0.0
2017-02-28,2017-03-01,TLT,0.0
2017-02-28,2017-03-01,GLD,0.125
2017-02-28,2017-03-01,DBC,0.125
2017-02-28,2017-03-01,VNQ,0.125
2017-02-28,2017-03-01,BIL,0.25
2017-03-31,2017-04-03,SPY,0.125
2017-03-31,2017-04-03,EFA,0.125
2017-03-31,2017-04-03,EEM,0.125
2017-03-31,2017-04-03,IEF,0.0
2017-03-31,2017-04-03,TLT,0.0
2017-03-31,2017-04-03,GLD,0.125
2017-03-31,2017-04-03,DBC,0.125
2017-03-31,2017-04-03,VNQ,0.125
2017-03-31,2017-04-03,BIL,0.25
2017-04-28,2017-05-01,SPY,0.125
2017-04-28,2017-05-01,EFA,0.125
2017-04-28,2017-05-01,EEM,0.125
2017-04-28,2017-05-01,IEF,0.0
2017-04-28,2017-05-01,TLT,0.0
2017-04-28,2017-05-01,GLD,0.0
2017-04-28,2017-05-01,DBC,0.125
2017-04-28,2017-05-01,VNQ,0.125
2017-04-28,2017-05-01,BIL,0.375
2017-05-31,2017-06-01,SPY,0.125
2017-05-31,2017-06-01,EFA,0.125
2017-05-31,2017-06-01,EEM,0.125
2017-05-31,2017-06-01,IEF,0.0
2017-05-31,2017-06-01,TLT,0.0
2017-05-31,2017-06-01,GLD,0.125
2017-05-31,2017-06-01,DBC,0.0
2017-05-31,2017-06-01,VNQ,0.125
2017-05-31,2017-06-01,BIL,0.375
2017-06-30,2017-07-03,SPY,0.125
2017-06-30,2017-07-03,EFA,0.125
2017-06-30,2017-07-03,EEM,0.125
2017-06-30,2017-07-03,IEF,0.0
2017-06-30,2017-07-03,TLT,0.0
2017-06-30,2017-07-03,GLD,0.0
2017-06-30,2017-07-03,DBC,0.0
2017-06-30,2017-07-03,VNQ,0.0
2017-06-30,2017-07-03,BIL,0.625
2017-07-31,2017-08-01,SPY,0.125
2017-07-31,2017-08-01,EFA,0.125
2017-07-31,2017-08-01,EEM,0.125
2017-07-31,2017-08-01,IEF,0.0
2017-07-31,2017-08-01,TLT,0.0
2017-07-31,2017-08-01,GLD,0.0
2017-07-31,2017-08-01,DBC,0.125
2017-07-31,2017-08-01,VNQ,0.0
2017-07-31,2017-08-01,BIL,0.5
2017-08-31,2017-09-01,SPY,0.125
2017-08-31,2017-09-01,EFA,0.125
2017-08-31,2017-09-01,EEM,0.125
2017-08-31,2017-09-01,IEF,0.0
2017-08-31,2017-09-01,TLT,0.0
2017-08-31,2017-09-01,GLD,0.125
2017-08-31,2017-09-01,DBC,0.125
2017-08-31,2017-09-01,VNQ,0.0
2017-08-31,2017-09-01,BIL,0.375
2017-09-29,2017-10-02,SPY,0.125
2017-09-29,2017-10-02,EFA,0.125
2017-09-29,2017-10-02,EEM,0.125
2017-09-29,2017-10-02,IEF,0.0
2017-09-29,2017-10-02,TLT,0.0
2017-09-29,2017-10-02,GLD,0.0
2017-09-29,2017-10-02,DBC,0.125
2017-09-29,2017-10-02,VNQ,0.0
2017-09-29,2017-10-02,BIL,0.5
2017-10-31,2017-11-01,SPY,0.125
2017-10-31,2017-11-01,EFA,0.125
2017-10-31,2017-11-01,EEM,0.125
2017-10-31,2017-11-01,IEF,0.0
2017-10-31,2017-11-01,TLT,0.0
2017-10-31,2017-11-01,GLD,0.0
2017-10-31,2017-11-01,DBC,0.125
2017-10-31,2017-11-01,VNQ,0.125
2017-10-31,2017-11-01,BIL,0.375
2017-11-30,2017-12-01,SPY,0.125
2017-11-30,2017-12-01,EFA,0.125
2017-11-30,2017-12-01,EEM,0.125
2017-11-30,2017-12-01,IEF,0.125
2017-11-30,2017-12-01,TLT,0.125
2017-11-30,2017-12-01,GLD,0.125
2017-11-30,2017-12-01,DBC,0.125
2017-11-30,2017-12-01,VNQ,0.125
2017-11-30,2017-12-01,BIL,0.0
2017-12-29,2018-01-02,SPY,0.125
2017-12-29,2018-01-02,EFA,0.125
2017-12-29,2018-01-02,EEM,0.125
2017-12-29,2018-01-02,IEF,0.125
2017-12-29,2018-01-02,TLT,0.125
2017-12-29,2018-01-02,GLD,0.125
2017-12-29,2018-01-02,DBC,0.125
2017-12-29,2018-01-02,VNQ,0.125
2017-12-29,2018-01-02,BIL,0.0
2018-01-31,2018-02-01,SPY,0.125
2018-01-31,2018-02-01,EFA,0.125
2018-01-31,2018-02-01,EEM,0.125
2018-01-31,2018-02-01,IEF,0.0
2018-01-31,2018-02-01,TLT,0.125
2018-01-31,2018-02-01,GLD,0.125
2018-01-31,2018-02-01,DBC,0.125
2018-01-31,2018-02-01,VNQ,0.0
2018-01-31,2018-02-01,BIL,0.25
2018-02-28,2018-03-01,SPY,0.125
2018-02-28,2018-03-01,EFA,0.125
2018-02-28,2018-03-01,EEM,0.125
2018-02-28,2018-03-01,IEF,0.0
2018-02-28,2018-03-01,TLT,0.0
2018-02-28,2018-03-01,GLD,0.125
2018-02-28,2018-03-01,DBC,0.125
2018-02-28,2018-03-01,VNQ,0.0
2018-02-28,2018-03-01,BIL,0.375
2018-03-29,2018-04-02,SPY,0.125
2018-03-29,2018-04-02,EFA,0.125
2018-03-29,2018-04-02,EEM,0.125
2018-03-29,2018-04-02,IEF,0.0
2018-03-29,2018-04-02,TLT,0.125
2018-03-29,2018-04-02,GLD,0.125
2018-03-29,2018-04-02,DBC,0.125
2018-03-29,2018-04-02,VNQ,0.0
2018-03-29,2018-04-02,BIL,0.25
2018-04-30,2018-05-01,SPY,0.125
2018-04-30,2018-05-01,EFA,0.125
2018-04-30,2018-05-01,EEM,0.125
2018-04-30,2018-05-01,IEF,0.0
2018-04-30,2018-05-01,TLT,0.0
2018-04-30,2018-05-01,GLD,0.125
2018-04-30,2018-05-01,DBC,0.125
2018-04-30,2018-05-01,VNQ,0.0
2018-04-30,2018-05-01,BIL,0.375
2018-05-31,2018-06-01,SPY,0.125
2018-05-31,2018-06-01,EFA,0.125
2018-05-31,2018-06-01,EEM,0.125
2018-05-31,2018-06-01,IEF,0.0
2018-05-31,2018-06-01,TLT,0.0
2018-05-31,2018-06-01,GLD,0.125
2018-05-31,2018-06-01,DBC,0.125
2018-05-31,2018-06-01,VNQ,0.0
2018-05-31,2018-06-01,BIL,0.375
2018-06-29,2018-07-02,SPY,0.125
2018-06-29,2018-07-02,EFA,0.125
2018-06-29,2018-07-02,EEM,0.125
2018-06-29,2018-07-02,IEF,0.0
2018-06-29,2018-07-02,TLT,0.0
2018-06-29,2018-07-02,GLD,0.0
2018-06-29,2018-07-02,DBC,0.125
2018-06-29,2018-07-02,VNQ,0.125
2018-06-29,2018-07-02,BIL,0.375
2018-07-31,2018-08-01,SPY,0.125
2018-07-31,2018-08-01,EFA,0.125
2018-07-31,2018-08-01,EEM,0.125
2018-07-31,2018-08-01,IEF,0.0
2018-07-31,2018-08-01,TLT,0.0
2018-07-31,2018-08-01,GLD,0.0
2018-07-31,2018-08-01,DBC,0.125
2018-07-31,2018-08-01,VNQ,0.125
2018-07-31,2018-08-01,BIL,0.375
2018-08-31,2018-09-04,SPY,0.125
2018-08-31,2018-09-04,EFA,0.125
2018-08-31,2018-09-04,EEM,0.0
2018-08-31,2018-09-04,IEF,0.0
2018-08-31,2018-09-04,TLT,0.0
2018-08-31,2018-09-04,GLD,0.0
2018-08-31,2018-09-04,DBC,0.125
2018-08-31,2018-09-04,VNQ,0.125
2018-08-31,2018-09-04,BIL,0.5
2018-09-28,2018-10-01,SPY,0.125
2018-09-28,2018-10-01,EFA,0.125
2018-09-28,2018-10-01,EEM,0.0
2018-09-28,2018-10-01,IEF,0.0
2018-09-28,2018-10-01,TLT,0.0
2018-09-28,2018-10-01,GLD,0.0
2018-09-28,2018-10-01,DBC,0.125
2018-09-28,2018-10-01,VNQ,0.125
2018-09-28,2018-10-01,BIL,0.5
2018-10-31,2018-11-01,SPY,0.125
2018-10-31,2018-11-01,EFA,0.0
2018-10-31,2018-11-01,EEM,0.0
2018-10-31,2018-11-01,IEF,0.0
2018-10-31,2018-11-01,TLT,0.0
2018-10-31,2018-11-01,GLD,0.0
2018-10-31,2018-11-01,DBC,0.125
2018-10-31,2018-11-01,VNQ,0.0
2018-10-31,2018-11-01,BIL,0.75
2018-11-30,2018-12-03,SPY,0.125
2018-11-30,2018-12-03,EFA,0.0
2018-11-30,2018-12-03,EEM,0.0
2018-11-30,2018-12-03,IEF,0.0
2018-11-30,2018-12-03,TLT,0.0
2018-11-30,2018-12-03,GLD,0.0
2018-11-30,2018-12-03,DBC,0.0
2018-11-30,2018-12-03,VNQ,0.125
2018-11-30,2018-12-03,BIL,0.75
2018-12-31,2019-01-02,SPY,0.0
2018-12-31,2019-01-02,EFA,0.0
2018-12-31,2019-01-02,EEM,0.0
2018-12-31,2019-01-02,IEF,0.0
2018-12-31,2019-01-02,TLT,0.0
2018-12-31,2019-01-02,GLD,0.0
2018-12-31,2019-01-02,DBC,0.0
2018-12-31,2019-01-02,VNQ,0.0
2018-12-31,2019-01-02,BIL,1.0
2019-01-31,2019-02-01,SPY,0.0
2019-01-31,2019-02-01,EFA,0.0
2019-01-31,2019-02-01,EEM,0.0
2019-01-31,2019-02-01,IEF,0.125
2019-01-31,2019-02-01,TLT,0.125
2019-01-31,2019-02-01,GLD,0.0
2019-01-31,2019-02-01,DBC,0.0
2019-01-31,2019-02-01,VNQ,0.125
2019-01-31,2019-02-01,BIL,0.625
2019-02-28,2019-03-01,SPY,0.125
2019-02-28,2019-03-01,EFA,0.0
2019-02-28,2019-03-01,EEM,0.0
2019-02-28,2019-03-01,IEF,0.125
2019-02-28,2019-03-01,TLT,0.125
2019-02-28,2019-03-01,GLD,0.0
2019-02-28,2019-03-01,DBC,0.0
2019-02-28,2019-03-01,VNQ,0.125
2019-02-28,2019-03-01,BIL,0.5
2019-03-29,2019-04-01,SPY,0.125
2019-03-29,2019-04-01,EFA,0.0
2019-03-29,2019-04-01,EEM,0.0
2019-03-29,2019-04-01,IEF,0.125
2019-03-29,2019-04-01,TLT,0.125
2019-03-29,2019-04-01,GLD,0.0
2019-03-29,2019-04-01,DBC,0.0
2019-03-29,2019-04-01,VNQ,0.125
2019-03-29,2019-04-01,BIL,0.5
2019-04-30,2019-05-01,SPY,0.125
2019-04-30,2019-05-01,EFA,0.0
2019-04-30,2019-05-01,EEM,0.0
2019-04-30,2019-05-01,IEF,0.125
2019-04-30,2019-05-01,TLT,0.125
2019-04-30,2019-05-01,GLD,0.0
2019-04-30,2019-05-01,DBC,0.0
2019-04-30,2019-05-01,VNQ,0.125
2019-04-30,2019-05-01,BIL,0.5
2019-05-31,2019-06-03,SPY,0.125
2019-05-31,2019-06-03,EFA,0.0
2019-05-31,2019-06-03,EEM,0.0
2019-05-31,2019-06-03,IEF,0.125
2019-05-31,2019-06-03,TLT,0.125
2019-05-31,2019-06-03,GLD,0.0
2019-05-31,2019-06-03,DBC,0.0
2019-05-31,2019-06-03,VNQ,0.125
2019-05-31,2019-06-03,BIL,0.5
2019-06-28,2019-07-01,SPY,0.125
2019-06-28,2019-07-01,EFA,0.0
2019-06-28,2019-07-01,EEM,0.0
2019-06-28,2019-07-01,IEF,0.125
2019-06-28,2019-07-01,TLT,0.125
2019-06-28,2019-07-01,GLD,0.125
2019-06-28,2019-07-01,DBC,0.0
2019-06-28,2019-07-01,VNQ,0.125
2019-06-28,2019-07-01,BIL,0.375
2019-07-31,2019-08-01,SPY,0.125
2019-07-31,2019-08-01,EFA,0.0
2019-07-31,2019-08-01,EEM,0.0
2019-07-31,2019-08-01,IEF,0.125
2019-07-31,2019-08-01,TLT,0.125
2019-07-31,2019-08-01,GLD,0.125
2019-07-31,2019-08-01,DBC,0.0
2019-07-31,2019-08-01,VNQ,0.125
2019-07-31,2019-08-01,BIL,0.375
2019-08-30,2019-09-03,SPY,0.125
2019-08-30,2019-09-03,EFA,0.0
2019-08-30,2019-09-03,EEM,0.0
2019-08-30,2019-09-03,IEF,0.125
2019-08-30,2019-09-03,TLT,0.125
2019-08-30,2019-09-03,GLD,0.125
2019-08-30,2019-09-03,DBC,0.0
2019-08-30,2019-09-03,VNQ,0.125
2019-08-30,2019-09-03,BIL,0.375
2019-09-30,2019-10-01,SPY,0.125
2019-09-30,2019-10-01,EFA,0.0
2019-09-30,2019-10-01,EEM,0.0
2019-09-30,2019-10-01,IEF,0.125
2019-09-30,2019-10-01,TLT,0.125
2019-09-30,2019-10-01,GLD,0.125
2019-09-30,2019-10-01,DBC,0.0
2019-09-30,2019-10-01,VNQ,0.125
2019-09-30,2019-10-01,BIL,0.375
2019-10-31,2019-11-01,SPY,0.125
2019-10-31,2019-11-01,EFA,0.125
2019-10-31,2019-11-01,EEM,0.125
2019-10-31,2019-11-01,IEF,0.125
2019-10-31,2019-11-01,TLT,0.125
2019-10-31,2019-11-01,GLD,0.125
2019-10-31,2019-11-01,DBC,0.0
2019-10-31,2019-11-01,VNQ,0.125
2019-10-31,2019-11-01,BIL,0.125
2019-11-29,2019-12-02,SPY,0.125
2019-11-29,2019-12-02,EFA,0.125
2019-11-29,2019-12-02,EEM,0.125
2019-11-29,2019-12-02,IEF,0.125
2019-11-29,2019-12-02,TLT,0.125
2019-11-29,2019-12-02,GLD,0.125
2019-11-29,2019-12-02,DBC,0.0
2019-11-29,2019-12-02,VNQ,0.125
2019-11-29,2019-12-02,BIL,0.125
2019-12-31,2020-01-02,SPY,0.125
2019-12-31,2020-01-02,EFA,0.125
2019-12-31,2020-01-02,EEM,0.125
2019-12-31,2020-01-02,IEF,0.125
2019-12-31,2020-01-02,TLT,0.125
2019-12-31,2020-01-02,GLD,0.125
2019-12-31,2020-01-02,DBC,0.125
2019-12-31,2020-01-02,VNQ,0.125
2019-12-31,2020-01-02,BIL,0.0
2020-01-31,2020-02-03,SPY,0.125
2020-01-31,2020-02-03,EFA,0.125
2020-01-31,2020-02-03,EEM,0.0
2020-01-31,2020-02-03,IEF,0.125
2020-01-31,2020-02-03,TLT,0.125
2020-01-31,2020-02-03,GLD,0.125
2020-01-31,2020-02-03,DBC,0.0
2020-01-31,2020-02-03,VNQ,0.125
2020-01-31,2020-02-03,BIL,0.25
2020-02-28,2020-03-02,SPY,0.125
2020-02-28,2020-03-02,EFA,0.0
2020-02-28,2020-03-02,EEM,0.0
2020-02-28,2020-03-02,IEF,0.125
2020-02-28,2020-03-02,TLT,0.125
2020-02-28,2020-03-02,GLD,0.125
2020-02-28,2020-03-02,DBC,0.0
2020-02-28,2020-03-02,VNQ,0.125
2020-02-28,2020-03-02,BIL,0.375
2020-03-31,2020-04-01,SPY,0.0
2020-03-31,2020-04-01,EFA,0.0
2020-03-31,2020-04-01,EEM,0.0
2020-03-31,2020-04-01,IEF,0.125
2020-03-31,2020-04-01,TLT,0.125
2020-03-31,2020-04-01,GLD,0.125
2020-03-31,2020-04-01,DBC,0.0
2020-03-31,2020-04-01,VNQ,0.0
2020-03-31,2020-04-01,BIL,0.625
2020-04-30,2020-05-01,SPY,0.0
2020-04-30,2020-05-01,EFA,0.0
2020-04-30,2020-05-01,EEM,0.0
2020-04-30,2020-05-01,IEF,0.125
2020-04-30,2020-05-01,TLT,0.125
2020-04-30,2020-05-01,GLD,0.125
2020-04-30,2020-05-01,DBC,0.0
2020-04-30,2020-05-01,VNQ,0.0
2020-04-30,2020-05-01,BIL,0.625
2020-05-29,2020-06-01,SPY,0.125
2020-05-29,2020-06-01,EFA,0.0
2020-05-29,2020-06-01,EEM,0.0
2020-05-29,2020-06-01,IEF,0.125
2020-05-29,2020-06-01,TLT,0.125
2020-05-29,2020-06-01,GLD,0.125
2020-05-29,2020-06-01,DBC,0.0
2020-05-29,2020-06-01,VNQ,0.0
2020-05-29,2020-06-01,BIL,0.5
2020-06-30,2020-07-01,SPY,0.125
2020-06-30,2020-07-01,EFA,0.0
2020-06-30,2020-07-01,EEM,0.0
2020-06-30,2020-07-01,IEF,0.125
2020-06-30,2020-07-01,TLT,0.125
2020-06-30,2020-07-01,GLD,0.125
2020-06-30,2020-07-01,DBC,0.0
2020-06-30,2020-07-01,VNQ,0.0
2020-06-30,2020-07-01,BIL,0.5
2020-07-31,2020-08-03,SPY,0.125
2020-07-31,2020-08-03,EFA,0.0
2020-07-31,2020-08-03,EEM,0.125
2020-07-31,2020-08-03,IEF,0.125
2020-07-31,2020-08-03,TLT,0.125
2020-07-31,2020-08-03,GLD,0.125
2020-07-31,2020-08-03,DBC,0.0
2020-07-31,2020-08-03,VNQ,0.0
2020-07-31,2020-08-03,BIL,0.375
2020-08-31,2020-09-01,SPY,0.125
2020-08-31,2020-09-01,EFA,0.125
2020-08-31,2020-09-01,EEM,0.125
2020-08-31,2020-09-01,IEF,0.125
2020-08-31,2020-09-01,TLT,0.125
2020-08-31,2020-09-01,GLD,0.125
2020-08-31,2020-09-01,DBC,0.0
2020-08-31,2020-09-01,VNQ,0.0
2020-08-31,2020-09-01,BIL,0.25
2020-09-30,2020-10-01,SPY,0.125
2020-09-30,2020-10-01,EFA,0.0
2020-09-30,2020-10-01,EEM,0.125
2020-09-30,2020-10-01,IEF,0.125
2020-09-30,2020-10-01,TLT,0.125
2020-09-30,2020-10-01,GLD,0.125
2020-09-30,2020-10-01,DBC,0.0
2020-09-30,2020-10-01,VNQ,0.0
2020-09-30,2020-10-01,BIL,0.375
2020-10-30,2020-11-02,SPY,0.125
2020-10-30,2020-11-02,EFA,0.0
2020-10-30,2020-11-02,EEM,0.125
2020-10-30,2020-11-02,IEF,0.125
2020-10-30,2020-11-02,TLT,0.125
2020-10-30,2020-11-02,GLD,0.125
2020-10-30,2020-11-02,DBC,0.0
2020-10-30,2020-11-02,VNQ,0.0
2020-10-30,2020-11-02,BIL,0.375
2020-11-30,2020-12-01,SPY,0.125
2020-11-30,2020-12-01,EFA,0.125
2020-11-30,2020-12-01,EEM,0.125
2020-11-30,2020-12-01,IEF,0.125
2020-11-30,2020-12-01,TLT,0.125
2020-11-30,2020-12-01,GLD,0.125
2020-11-30,2020-12-01,DBC,0.0
2020-11-30,2020-12-01,VNQ,0.0
2020-11-30,2020-12-01,BIL,0.25
2020-12-31,2021-01-04,SPY,0.125
2020-12-31,2021-01-04,EFA,0.125
2020-12-31,2021-01-04,EEM,0.125
2020-12-31,2021-01-04,IEF,0.125
2020-12-31,2021-01-04,TLT,0.125
2020-12-31,2021-01-04,GLD,0.125
2020-12-31,2021-01-04,DBC,0.0
2020-12-31,2021-01-04,VNQ,0.0
2020-12-31,2021-01-04,BIL,0.25
2021-01-29,2021-02-01,SPY,0.125
2021-01-29,2021-02-01,EFA,0.125
2021-01-29,2021-02-01,EEM,0.125
2021-01-29,2021-02-01,IEF,0.125
2021-01-29,2021-02-01,TLT,0.125
2021-01-29,2021-02-01,GLD,0.125
2021-01-29,2021-02-01,DBC,0.125
2021-01-29,2021-02-01,VNQ,0.0
2021-01-29,2021-02-01,BIL,0.125
2021-02-26,2021-03-01,SPY,0.125
2021-02-26,2021-03-01,EFA,0.125
2021-02-26,2021-03-01,EEM,0.125
2021-02-26,2021-03-01,IEF,0.0
2021-02-26,2021-03-01,TLT,0.0
2021-02-26,2021-03-01,GLD,0.125
2021-02-26,2021-03-01,DBC,0.125
2021-02-26,2021-03-01,VNQ,0.125
2021-02-26,2021-03-01,BIL,0.25
2021-03-31,2021-04-01,SPY,0.125
2021-03-31,2021-04-01,EFA,0.125
2021-03-31,2021-04-01,EEM,0.125
2021-03-31,2021-04-01,IEF,0.0
2021-03-31,2021-04-01,TLT,0.0
2021-03-31,2021-04-01,GLD,0.125
2021-03-31,2021-04-01,DBC,0.125
2021-03-31,2021-04-01,VNQ,0.125
2021-03-31,2021-04-01,BIL,0.25
2021-04-30,2021-05-03,SPY,0.125
2021-04-30,2021-05-03,EFA,0.125
2021-04-30,2021-05-03,EEM,0.125
2021-04-30,2021-05-03,IEF,0.0
2021-04-30,2021-05-03,TLT,0.0
2021-04-30,2021-05-03,GLD,0.125
2021-04-30,2021-05-03,DBC,0.125
2021-04-30,2021-05-03,VNQ,0.125
2021-04-30,2021-05-03,BIL,0.25
2021-05-28,2021-06-01,SPY,0.125
2021-05-28,2021-06-01,EFA,0.125
2021-05-28,2021-06-01,EEM,0.125
2021-05-28,2021-06-01,IEF,0.0
2021-05-28,2021-06-01,TLT,0.0
2021-05-28,2021-06-01,GLD,0.125
2021-05-28,2021-06-01,DBC,0.125
2021-05-28,2021-06-01,VNQ,0.125
2021-05-28,2021-06-01,BIL,0.25
2021-06-30,2021-07-01,SPY,0.125
2021-06-30,2021-07-01,EFA,0.125
2021-06-30,2021-07-01,EEM,0.125
2021-06-30,2021-07-01,IEF,0.0
2021-06-30,2021-07-01,TLT,0.0
2021-06-30,2021-07-01,GLD,0.0
2021-06-30,2021-07-01,DBC,0.125
2021-06-30,2021-07-01,VNQ,0.125
2021-06-30,2021-07-01,BIL,0.375
2021-07-30,2021-08-02,SPY,0.125
2021-07-30,2021-08-02,EFA,0.125
2021-07-30,2021-08-02,EEM,0.125
2021-07-30,2021-08-02,IEF,0.0
2021-07-30,2021-08-02,TLT,0.0
2021-07-30,2021-08-02,GLD,0.0
2021-07-30,2021-08-02,DBC,0.125
2021-07-30,2021-08-02,VNQ,0.125
2021-07-30,2021-08-02,BIL,0.375
2021-08-31,2021-09-01,SPY,0.125
2021-08-31,2021-09-01,EFA,0.125
2021-08-31,2021-09-01,EEM,0.125
2021-08-31,2021-09-01,IEF,0.0
2021-08-31,2021-09-01,TLT,0.0
2021-08-31,2021-09-01,GLD,0.0
2021-08-31,2021-09-01,DBC,0.125
2021-08-31,2021-09-01,VNQ,0.125
2021-08-31,2021-09-01,BIL,0.375
2021-09-30,2021-10-01,SPY,0.125
2021-09-30,2021-10-01,EFA,0.125
2021-09-30,2021-10-01,EEM,0.125
2021-09-30,2021-10-01,IEF,0.0
2021-09-30,2021-10-01,TLT,0.0
2021-09-30,2021-10-01,GLD,0.0
2021-09-30,2021-10-01,DBC,0.125
2021-09-30,2021-10-01,VNQ,0.125
2021-09-30,2021-10-01,BIL,0.375
2021-10-29,2021-11-01,SPY,0.125
2021-10-29,2021-11-01,EFA,0.125
2021-10-29,2021-11-01,EEM,0.125
2021-10-29,2021-11-01,IEF,0.0
2021-10-29,2021-11-01,TLT,0.0
2021-10-29,2021-11-01,GLD,0.0
2021-10-29,2021-11-01,DBC,0.125
2021-10-29,2021-11-01,VNQ,0.125
2021-10-29,2021-11-01,BIL,0.375
2021-11-30,2021-12-01,SPY,0.125
2021-11-30,2021-12-01,EFA,0.125
2021-11-30,2021-12-01,EEM,0.125
2021-11-30,2021-12-01,IEF,0.0
2021-11-30,2021-12-01,TLT,0.0
2021-11-30,2021-12-01,GLD,0.0
2021-11-30,2021-12-01,DBC,0.125
2021-11-30,2021-12-01,VNQ,0.125
2021-11-30,2021-12-01,BIL,0.375
2021-12-31,2022-01-03,SPY,0.125
2021-12-31,2022-01-03,EFA,0.125
2021-12-31,2022-01-03,EEM,0.0
2021-12-31,2022-01-03,IEF,0.0
2021-12-31,2022-01-03,TLT,0.0
2021-12-31,2022-01-03,GLD,0.0
2021-12-31,2022-01-03,DBC,0.125
2021-12-31,2022-01-03,VNQ,0.125
2021-12-31,2022-01-03,BIL,0.5
2022-01-31,2022-02-01,SPY,0.125
2022-01-31,2022-02-01,EFA,0.125
2022-01-31,2022-02-01,EEM,0.0
2022-01-31,2022-02-01,IEF,0.0
2022-01-31,2022-02-01,TLT,0.0
2022-01-31,2022-02-01,GLD,0.0
2022-01-31,2022-02-01,DBC,0.125
2022-01-31,2022-02-01,VNQ,0.125
2022-01-31,2022-02-01,BIL,0.5
2022-02-28,2022-03-01,SPY,0.125
2022-02-28,2022-03-01,EFA,0.125
2022-02-28,2022-03-01,EEM,0.0
2022-02-28,2022-03-01,IEF,0.0
2022-02-28,2022-03-01,TLT,0.0
2022-02-28,2022-03-01,GLD,0.125
2022-02-28,2022-03-01,DBC,0.125
2022-02-28,2022-03-01,VNQ,0.125
2022-02-28,2022-03-01,BIL,0.375
2022-03-31,2022-04-01,SPY,0.125
2022-03-31,2022-04-01,EFA,0.125
2022-03-31,2022-04-01,EEM,0.0
2022-03-31,2022-04-01,IEF,0.0
2022-03-31,2022-04-01,TLT,0.0
2022-03-31,2022-04-01,GLD,0.125
2022-03-31,2022-04-01,DBC,0.125
2022-03-31,2022-04-01,VNQ,0.125
2022-03-31,2022-04-01,BIL,0.375
2022-04-29,2022-05-02,SPY,0.125
2022-04-29,2022-05-02,EFA,0.0
2022-04-29,2022-05-02,EEM,0.0
2022-04-29,2022-05-02,IEF,0.0
2022-04-29,2022-05-02,TLT,0.0
2022-04-29,2022-05-02,GLD,0.125
2022-04-29,2022-05-02,DBC,0.125
2022-04-29,2022-05-02,VNQ,0.125
2022-04-29,2022-05-02,BIL,0.5
2022-05-31,2022-06-01,SPY,0.0
2022-05-31,2022-06-01,EFA,0.0
2022-05-31,2022-06-01,EEM,0.0
2022-05-31,2022-06-01,IEF,0.0
2022-05-31,2022-06-01,TLT,0.0
2022-05-31,2022-06-01,GLD,0.0
2022-05-31,2022-06-01,DBC,0.125
2022-05-31,2022-06-01,VNQ,0.125
2022-05-31,2022-06-01,BIL,0.75
2022-06-30,2022-07-01,SPY,0.0
2022-06-30,2022-07-01,EFA,0.0
2022-06-30,2022-07-01,EEM,0.0
2022-06-30,2022-07-01,IEF,0.0
2022-06-30,2022-07-01,TLT,0.0
2022-06-30,2022-07-01,GLD,0.125
2022-06-30,2022-07-01,DBC,0.125
2022-06-30,2022-07-01,VNQ,0.0
2022-06-30,2022-07-01,BIL,0.75
2022-07-29,2022-08-01,SPY,0.0
2022-07-29,2022-08-01,EFA,0.0
2022-07-29,2022-08-01,EEM,0.0
2022-07-29,2022-08-01,IEF,0.0
2022-07-29,2022-08-01,TLT,0.0
2022-07-29,2022-08-01,GLD,0.0
2022-07-29,2022-08-01,DBC,0.125
2022-07-29,2022-08-01,VNQ,0.0
2022-07-29,2022-08-01,BIL,0.875
2022-08-31,2022-09-01,SPY,0.0
2022-08-31,2022-09-01,EFA,0.0
2022-08-31,2022-09-01,EEM,0.0
2022-08-31,2022-09-01,IEF,0.0
2022-08-31,2022-09-01,TLT,0.0
2022-08-31,2022-09-01,GLD,0.0
2022-08-31,2022-09-01,DBC,0.125
2022-08-31,2022-09-01,VNQ,0.0
2022-08-31,2022-09-01,BIL,0.875
2022-09-30,2022-10-03,SPY,0.0
2022-09-30,2022-10-03,EFA,0.0
2022-09-30,2022-10-03,EEM,0.0
2022-09-30,2022-10-03,IEF,0.0
2022-09-30,2022-10-03,TLT,0.0
2022-09-30,2022-10-03,GLD,0.0
2022-09-30,2022-10-03,DBC,0.125
2022-09-30,2022-10-03,VNQ,0.0
2022-09-30,2022-10-03,BIL,0.875
2022-10-31,2022-11-01,SPY,0.0
2022-10-31,2022-11-01,EFA,0.0
2022-10-31,2022-11-01,EEM,0.0
2022-10-31,2022-11-01,IEF,0.0
2022-10-31,2022-11-01,TLT,0.0
2022-10-31,2022-11-01,GLD,0.0
2022-10-31,2022-11-01,DBC,0.125
2022-10-31,2022-11-01,VNQ,0.0
2022-10-31,2022-11-01,BIL,0.875
2022-11-30,2022-12-01,SPY,0.0
2022-11-30,2022-12-01,EFA,0.0
2022-11-30,2022-12-01,EEM,0.0
2022-11-30,2022-12-01,IEF,0.0
2022-11-30,2022-12-01,TLT,0.0
2022-11-30,2022-12-01,GLD,0.0
2022-11-30,2022-12-01,DBC,0.125
2022-11-30,2022-12-01,VNQ,0.0
2022-11-30,2022-12-01,BIL,0.875
2022-12-30,2023-01-03,SPY,0.0
2022-12-30,2023-01-03,EFA,0.0
2022-12-30,2023-01-03,EEM,0.0
2022-12-30,2023-01-03,IEF,0.0
2022-12-30,2023-01-03,TLT,0.0
2022-12-30,2023-01-03,GLD,0.0
2022-12-30,2023-01-03,DBC,0.125
2022-12-30,2023-01-03,VNQ,0.0
2022-12-30,2023-01-03,BIL,0.875
2023-01-31,2023-02-01,SPY,0.0
2023-01-31,2023-02-01,EFA,0.0
2023-01-31,2023-02-01,EEM,0.0
2023-01-31,2023-02-01,IEF,0.0
2023-01-31,2023-02-01,TLT,0.0
2023-01-31,2023-02-01,GLD,0.125
2023-01-31,2023-02-01,DBC,0.125
2023-01-31,2023-02-01,VNQ,0.0
2023-01-31,2023-02-01,BIL,0.75
2023-02-28,2023-03-01,SPY,0.0
2023-02-28,2023-03-01,EFA,0.0
2023-02-28,2023-03-01,EEM,0.0
2023-02-28,2023-03-01,IEF,0.0
2023-02-28,2023-03-01,TLT,0.0
2023-02-28,2023-03-01,GLD,0.0
2023-02-28,2023-03-01,DBC,0.0
2023-02-28,2023-03-01,VNQ,0.0
2023-02-28,2023-03-01,BIL,1.0
2023-03-31,2023-04-03,SPY,0.0
2023-03-31,2023-04-03,EFA,0.0
2023-03-31,2023-04-03,EEM,0.0
2023-03-31,2023-04-03,IEF,0.0
2023-03-31,2023-04-03,TLT,0.0
2023-03-31,2023-04-03,GLD,0.0
2023-03-31,2023-04-03,DBC,0.0
2023-03-31,2023-04-03,VNQ,0.0
2023-03-31,2023-04-03,BIL,1.0
2023-04-28,2023-05-01,SPY,0.0
2023-04-28,2023-05-01,EFA,0.125
2023-04-28,2023-05-01,EEM,0.0
2023-04-28,2023-05-01,IEF,0.0
2023-04-28,2023-05-01,TLT,0.0
2023-04-28,2023-05-01,GLD,0.125
2023-04-28,2023-05-01,DBC,0.0
2023-04-28,2023-05-01,VNQ,0.0
2023-04-28,2023-05-01,BIL,0.75
2023-05-31,2023-06-01,SPY,0.0
2023-05-31,2023-06-01,EFA,0.125
2023-05-31,2023-06-01,EEM,0.0
2023-05-31,2023-06-01,IEF,0.0
2023-05-31,2023-06-01,TLT,0.0
2023-05-31,2023-06-01,GLD,0.125
2023-05-31,2023-06-01,DBC,0.0
2023-05-31,2023-06-01,VNQ,0.0
2023-05-31,2023-06-01,BIL,0.75
2023-06-30,2023-07-03,SPY,0.125
2023-06-30,2023-07-03,EFA,0.125
2023-06-30,2023-07-03,EEM,0.0
2023-06-30,2023-07-03,IEF,0.0
2023-06-30,2023-07-03,TLT,0.0
2023-06-30,2023-07-03,GLD,0.125
2023-06-30,2023-07-03,DBC,0.0
2023-06-30,2023-07-03,VNQ,0.0
2023-06-30,2023-07-03,BIL,0.625
2023-07-31,2023-08-01,SPY,0.125
2023-07-31,2023-08-01,EFA,0.125
2023-07-31,2023-08-01,EEM,0.125
2023-07-31,2023-08-01,IEF,0.0
2023-07-31,2023-08-01,TLT,0.0
2023-07-31,2023-08-01,GLD,0.125
2023-07-31,2023-08-01,DBC,0.0
2023-07-31,2023-08-01,VNQ,0.0
2023-07-31,2023-08-01,BIL,0.5
2023-08-31,2023-09-01,SPY,0.125
2023-08-31,2023-09-01,EFA,0.125
2023-08-31,2023-09-01,EEM,0.0
2023-08-31,2023-09-01,IEF,0.0
2023-08-31,2023-09-01,TLT,0.0
2023-08-31,2023-09-01,GLD,0.125
2023-08-31,2023-09-01,DBC,0.0
2023-08-31,2023-09-01,VNQ,0.0
2023-08-31,2023-09-01,BIL,0.625
2023-09-29,2023-10-02,SPY,0.125
2023-09-29,2023-10-02,EFA,0.125
2023-09-29,2023-10-02,EEM,0.125
2023-09-29,2023-10-02,IEF,0.0
2023-09-29,2023-10-02,TLT,0.0
2023-09-29,2023-10-02,GLD,0.125
2023-09-29,2023-10-02,DBC,0.125
2023-09-29,2023-10-02,VNQ,0.0
2023-09-29,2023-10-02,BIL,0.375
2023-10-31,2023-11-01,SPY,0.125
2023-10-31,2023-11-01,EFA,0.125
2023-10-31,2023-11-01,EEM,0.125
2023-10-31,2023-11-01,IEF,0.0
2023-10-31,2023-11-01,TLT,0.0
2023-10-31,2023-11-01,GLD,0.125
2023-10-31,2023-11-01,DBC,0.0
2023-10-31,2023-11-01,VNQ,0.0
2023-10-31,2023-11-01,BIL,0.5
2023-11-30,2023-12-01,SPY,0.125
2023-11-30,2023-12-01,EFA,0.125
2023-11-30,2023-12-01,EEM,0.0
2023-11-30,2023-12-01,IEF,0.0
2023-11-30,2023-12-01,TLT,0.0
2023-11-30,2023-12-01,GLD,0.125
2023-11-30,2023-12-01,DBC,0.0
2023-11-30,2023-12-01,VNQ,0.0
2023-11-30,2023-12-01,BIL,0.625
2023-12-29,2024-01-02,SPY,0.125
2023-12-29,2024-01-02,EFA,0.125
2023-12-29,2024-01-02,EEM,0.125
2023-12-29,2024-01-02,IEF,0.0
2023-12-29,2024-01-02,TLT,0.0
2023-12-29,2024-01-02,GLD,0.125
2023-12-29,2024-01-02,DBC,0.0
2023-12-29,2024-01-02,VNQ,0.125
2023-12-29,2024-01-02,BIL,0.375
2024-01-31,2024-02-01,SPY,0.125
2024-01-31,2024-02-01,EFA,0.125
2024-01-31,2024-02-01,EEM,0.0
2024-01-31,2024-02-01,IEF,0.0
2024-01-31,2024-02-01,TLT,0.0
2024-01-31,2024-02-01,GLD,0.0
2024-01-31,2024-02-01,DBC,0.0
2024-01-31,2024-02-01,VNQ,0.0
2024-01-31,2024-02-01,BIL,0.75
2024-02-29,2024-03-01,SPY,0.125
2024-02-29,2024-03-01,EFA,0.125
2024-02-29,2024-03-01,EEM,0.125
2024-02-29,2024-03-01,IEF,0.0
2024-02-29,2024-03-01,TLT,0.0
2024-02-29,2024-03-01,GLD,0.125
2024-02-29,2024-03-01,DBC,0.0
2024-02-29,2024-03-01,VNQ,0.0
2024-02-29,2024-03-01,BIL,0.5
2024-03-28,2024-04-01,SPY,0.125
2024-03-28,2024-04-01,EFA,0.125
2024-03-28,2024-04-01,EEM,0.125
2024-03-28,2024-04-01,IEF,0.0
2024-03-28,2024-04-01,TLT,0.0
2024-03-28,2024-04-01,GLD,0.125
2024-03-28,2024-04-01,DBC,0.0
2024-03-28,2024-04-01,VNQ,0.125
2024-03-28,2024-04-01,BIL,0.375
2024-04-30,2024-05-01,SPY,0.125
2024-04-30,2024-05-01,EFA,0.125
2024-04-30,2024-05-01,EEM,0.125
2024-04-30,2024-05-01,IEF,0.0
2024-04-30,2024-05-01,TLT,0.0
2024-04-30,2024-05-01,GLD,0.125
2024-04-30,2024-05-01,DBC,0.0
2024-04-30,2024-05-01,VNQ,0.0
2024-04-30,2024-05-01,BIL,0.5
2024-05-31,2024-06-03,SPY,0.125
2024-05-31,2024-06-03,EFA,0.125
2024-05-31,2024-06-03,EEM,0.125
2024-05-31,2024-06-03,IEF,0.0
2024-05-31,2024-06-03,TLT,0.0
2024-05-31,2024-06-03,GLD,0.125
2024-05-31,2024-06-03,DBC,0.125
2024-05-31,2024-06-03,VNQ,0.125
2024-05-31,2024-06-03,BIL,0.25
2024-06-28,2024-07-01,SPY,0.125
2024-06-28,2024-07-01,EFA,0.125
2024-06-28,2024-07-01,EEM,0.125
2024-06-28,2024-07-01,IEF,0.0
2024-06-28,2024-07-01,TLT,0.0
2024-06-28,2024-07-01,GLD,0.125
2024-06-28,2024-07-01,DBC,0.125
2024-06-28,2024-07-01,VNQ,0.0
2024-06-28,2024-07-01,BIL,0.375
2024-07-31,2024-08-01,SPY,0.125
2024-07-31,2024-08-01,EFA,0.125
2024-07-31,2024-08-01,EEM,0.0
2024-07-31,2024-08-01,IEF,0.0
2024-07-31,2024-08-01,TLT,0.0
2024-07-31,2024-08-01,GLD,0.125
2024-07-31,2024-08-01,DBC,0.0
2024-07-31,2024-08-01,VNQ,0.125
2024-07-31,2024-08-01,BIL,0.5
2024-08-30,2024-09-03,SPY,0.125
2024-08-30,2024-09-03,EFA,0.125
2024-08-30,2024-09-03,EEM,0.125
2024-08-30,2024-09-03,IEF,0.125
2024-08-30,2024-09-03,TLT,0.0
2024-08-30,2024-09-03,GLD,0.125
2024-08-30,2024-09-03,DBC,0.0
2024-08-30,2024-09-03,VNQ,0.125
2024-08-30,2024-09-03,BIL,0.25
2024-09-30,2024-10-01,SPY,0.125
2024-09-30,2024-10-01,EFA,0.125
2024-09-30,2024-10-01,EEM,0.125
2024-09-30,2024-10-01,IEF,0.125
2024-09-30,2024-10-01,TLT,0.125
2024-09-30,2024-10-01,GLD,0.125
2024-09-30,2024-10-01,DBC,0.0
2024-09-30,2024-10-01,VNQ,0.125
2024-09-30,2024-10-01,BIL,0.125
2024-10-31,2024-11-01,SPY,0.125
2024-10-31,2024-11-01,EFA,0.125
2024-10-31,2024-11-01,EEM,0.125
2024-10-31,2024-11-01,IEF,0.125
2024-10-31,2024-11-01,TLT,0.125
2024-10-31,2024-11-01,GLD,0.125
2024-10-31,2024-11-01,DBC,0.0
2024-10-31,2024-11-01,VNQ,0.125
2024-10-31,2024-11-01,BIL,0.125
2024-11-29,2024-12-02,SPY,0.125
2024-11-29,2024-12-02,EFA,0.125
2024-11-29,2024-12-02,EEM,0.125
2024-11-29,2024-12-02,IEF,0.125
2024-11-29,2024-12-02,TLT,0.125
2024-11-29,2024-12-02,GLD,0.125
2024-11-29,2024-12-02,DBC,0.0
2024-11-29,2024-12-02,VNQ,0.125
2024-11-29,2024-12-02,BIL,0.125
2024-12-31,2025-01-02,SPY,0.125
2024-12-31,2025-01-02,EFA,0.0
2024-12-31,2025-01-02,EEM,0.125
2024-12-31,2025-01-02,IEF,0.0
2024-12-31,2025-01-02,TLT,0.0
2024-12-31,2025-01-02,GLD,0.125
2024-12-31,2025-01-02,DBC,0.0
2024-12-31,2025-01-02,VNQ,0.0
2024-12-31,2025-01-02,BIL,0.625
2025-01-31,2025-02-03,SPY,0.125
2025-01-31,2025-02-03,EFA,0.125
2025-01-31,2025-02-03,EEM,0.125
2025-01-31,2025-02-03,IEF,0.0
2025-01-31,2025-02-03,TLT,0.0
2025-01-31,2025-02-03,GLD,0.125
2025-01-31,2025-02-03,DBC,0.0
2025-01-31,2025-02-03,VNQ,0.125
2025-01-31,2025-02-03,BIL,0.375
2025-02-28,2025-03-03,SPY,0.125
2025-02-28,2025-03-03,EFA,0.125
2025-02-28,2025-03-03,EEM,0.125
2025-02-28,2025-03-03,IEF,0.0
2025-02-28,2025-03-03,TLT,0.0
2025-02-28,2025-03-03,GLD,0.125
2025-02-28,2025-03-03,DBC,0.125
2025-02-28,2025-03-03,VNQ,0.125
2025-02-28,2025-03-03,BIL,0.25
2025-03-31,2025-04-01,SPY,0.125
2025-03-31,2025-04-01,EFA,0.125
2025-03-31,2025-04-01,EEM,0.125
2025-03-31,2025-04-01,IEF,0.0
2025-03-31,2025-04-01,TLT,0.0
2025-03-31,2025-04-01,GLD,0.125
2025-03-31,2025-04-01,DBC,0.0
2025-03-31,2025-04-01,VNQ,0.125
2025-03-31,2025-04-01,BIL,0.375
2025-04-30,2025-05-01,SPY,0.125
2025-04-30,2025-05-01,EFA,0.125
2025-04-30,2025-05-01,EEM,0.125
2025-04-30,2025-05-01,IEF,0.125
2025-04-30,2025-05-01,TLT,0.125
2025-04-30,2025-05-01,GLD,0.125
2025-04-30,2025-05-01,DBC,0.0
2025-04-30,2025-05-01,VNQ,0.125
2025-04-30,2025-05-01,BIL,0.125
2025-05-30,2025-06-02,SPY,0.125
2025-05-30,2025-06-02,EFA,0.125
2025-05-30,2025-06-02,EEM,0.125
2025-05-30,2025-06-02,IEF,0.125
2025-05-30,2025-06-02,TLT,0.0
2025-05-30,2025-06-02,GLD,0.125
2025-05-30,2025-06-02,DBC,0.0
2025-05-30,2025-06-02,VNQ,0.125
2025-05-30,2025-06-02,BIL,0.25
2025-06-30,2025-07-01,SPY,0.125
2025-06-30,2025-07-01,EFA,0.125
2025-06-30,2025-07-01,EEM,0.125
2025-06-30,2025-07-01,IEF,0.125
2025-06-30,2025-07-01,TLT,0.0
2025-06-30,2025-07-01,GLD,0.125
2025-06-30,2025-07-01,DBC,0.0
2025-06-30,2025-07-01,VNQ,0.125
2025-06-30,2025-07-01,BIL,0.25
2025-07-31,2025-08-01,SPY,0.125
2025-07-31,2025-08-01,EFA,0.125
2025-07-31,2025-08-01,EEM,0.125
2025-07-31,2025-08-01,IEF,0.0
2025-07-31,2025-08-01,TLT,0.0
2025-07-31,2025-08-01,GLD,0.125
2025-07-31,2025-08-01,DBC,0.125
2025-07-31,2025-08-01,VNQ,0.0
2025-07-31,2025-08-01,BIL,0.375
2025-08-29,2025-09-02,SPY,0.125
2025-08-29,2025-09-02,EFA,0.125
2025-08-29,2025-09-02,EEM,0.125
2025-08-29,2025-09-02,IEF,0.0
2025-08-29,2025-09-02,TLT,0.0
2025-08-29,2025-09-02,GLD,0.125
2025-08-29,2025-09-02,DBC,0.125
2025-08-29,2025-09-02,VNQ,0.0
2025-08-29,2025-09-02,BIL,0.375
2025-09-30,2025-10-01,SPY,0.125
2025-09-30,2025-10-01,EFA,0.125
2025-09-30,2025-10-01,EEM,0.125
2025-09-30,2025-10-01,IEF,0.0
2025-09-30,2025-10-01,TLT,0.0
2025-09-30,2025-10-01,GLD,0.125
2025-09-30,2025-10-01,DBC,0.125
2025-09-30,2025-10-01,VNQ,0.0
2025-09-30,2025-10-01,BIL,0.375
2025-10-31,2025-11-03,SPY,0.125
2025-10-31,2025-11-03,EFA,0.125
2025-10-31,2025-11-03,EEM,0.125
2025-10-31,2025-11-03,IEF,0.125
2025-10-31,2025-11-03,TLT,0.0
2025-10-31,2025-11-03,GLD,0.125
2025-10-31,2025-11-03,DBC,0.125
2025-10-31,2025-11-03,VNQ,0.0
2025-10-31,2025-11-03,BIL,0.25
2025-11-28,2025-12-01,SPY,0.125
2025-11-28,2025-12-01,EFA,0.125
2025-11-28,2025-12-01,EEM,0.125
2025-11-28,2025-12-01,IEF,0.125
2025-11-28,2025-12-01,TLT,0.0
2025-11-28,2025-12-01,GLD,0.125
2025-11-28,2025-12-01,DBC,0.125
2025-11-28,2025-12-01,VNQ,0.0
2025-11-28,2025-12-01,BIL,0.25
2025-12-31,2026-01-02,SPY,0.125
2025-12-31,2026-01-02,EFA,0.125
2025-12-31,2026-01-02,EEM,0.125
2025-12-31,2026-01-02,IEF,0.125
2025-12-31,2026-01-02,TLT,0.125
2025-12-31,2026-01-02,GLD,0.125
2025-12-31,2026-01-02,DBC,0.125
2025-12-31,2026-01-02,VNQ,0.0
2025-12-31,2026-01-02,BIL,0.125
2026-01-30,2026-02-02,SPY,0.125
2026-01-30,2026-02-02,EFA,0.125
2026-01-30,2026-02-02,EEM,0.125
2026-01-30,2026-02-02,IEF,0.125
2026-01-30,2026-02-02,TLT,0.0
2026-01-30,2026-02-02,GLD,0.125
2026-01-30,2026-02-02,DBC,0.125
2026-01-30,2026-02-02,VNQ,0.125
2026-01-30,2026-02-02,BIL,0.125
2026-02-27,2026-03-02,SPY,0.125
2026-02-27,2026-03-02,EFA,0.125
2026-02-27,2026-03-02,EEM,0.125
2026-02-27,2026-03-02,IEF,0.125
2026-02-27,2026-03-02,TLT,0.0
2026-02-27,2026-03-02,GLD,0.125
2026-02-27,2026-03-02,DBC,0.125
2026-02-27,2026-03-02,VNQ,0.125
2026-02-27,2026-03-02,BIL,0.125
2026-03-31,2026-04-01,SPY,0.125
2026-03-31,2026-04-01,EFA,0.125
2026-03-31,2026-04-01,EEM,0.125
2026-03-31,2026-04-01,IEF,0.0
2026-03-31,2026-04-01,TLT,0.0
2026-03-31,2026-04-01,GLD,0.125
2026-03-31,2026-04-01,DBC,0.125
2026-03-31,2026-04-01,VNQ,0.0
2026-03-31,2026-04-01,BIL,0.375
2026-04-30,2026-05-01,SPY,0.125
2026-04-30,2026-05-01,EFA,0.125
2026-04-30,2026-05-01,EEM,0.125
2026-04-30,2026-05-01,IEF,0.0
2026-04-30,2026-05-01,TLT,0.0
2026-04-30,2026-05-01,GLD,0.125
2026-04-30,2026-05-01,DBC,0.125
2026-04-30,2026-05-01,VNQ,0.125
2026-04-30,2026-05-01,BIL,0.25
2026-05-29,2026-06-01,SPY,0.125
2026-05-29,2026-06-01,EFA,0.125
2026-05-29,2026-06-01,EEM,0.125
2026-05-29,2026-06-01,IEF,0.125
2026-05-29,2026-06-01,TLT,0.125
2026-05-29,2026-06-01,GLD,0.125
2026-05-29,2026-06-01,DBC,0.125
2026-05-29,2026-06-01,VNQ,0.125
2026-05-29,2026-06-01,BIL,0.0
2026-06-30,2026-07-01,SPY,0.125
2026-06-30,2026-07-01,EFA,0.125
2026-06-30,2026-07-01,EEM,0.125
2026-06-30,2026-07-01,IEF,0.0
2026-06-30,2026-07-01,TLT,0.0
2026-06-30,2026-07-01,GLD,0.125
2026-06-30,2026-07-01,DBC,0.125
2026-06-30,2026-07-01,VNQ,0.125
2026-06-30,2026-07-01,BIL,0.25
2026-07-31,2026-08-03,SPY,0.125
2026-07-31,2026-08-03,EFA,0.125
2026-07-31,2026-08-03,EEM,0.125
2026-07-31,2026-08-03,IEF,0.0
2026-07-31,2026-08-03,TLT,0.0
2026-07-31,2026-08-03,GLD,0.125
2026-07-31,2026-08-03,DBC,0.125
2026-07-31,2026-08-03,VNQ,0.125
2026-07-31,2026-08-03,BIL,0.25
