date,action,code,shares,price,fee,status,reason
2012-01-12,buy,510050,586700,1.704,199.94736,filled,
2012-12-28,buy,159915,0,0.701,0.0,unfilled,lot_or_adv_constraint
2013-01-09,buy,159915,0,0.734,0.0,unfilled,lot_or_adv_constraint
2013-01-16,buy,159915,0,0.78,0.0,unfilled,lot_or_adv_constraint
2013-01-23,buy,159915,0,0.774,0.0,unfilled,lot_or_adv_constraint
2013-01-30,buy,159915,0,0.793,0.0,unfilled,lot_or_adv_constraint
2013-02-06,buy,159915,0,0.782,0.0,unfilled,lot_or_adv_constraint
2013-02-20,buy,159915,0,0.816,0.0,unfilled,lot_or_adv_constraint
2013-02-27,buy,159915,0,0.85,0.0,unfilled,lot_or_adv_constraint
2013-03-06,buy,159915,0,0.888,0.0,unfilled,lot_or_adv_constraint
2013-03-13,buy,159915,0,0.832,0.0,unfilled,lot_or_adv_constraint
2013-03-20,buy,159915,0,0.841,0.0,unfilled,lot_or_adv_constraint
2013-03-27,buy,159915,0,0.872,0.0,unfilled,lot_or_adv_constraint
2013-04-03,buy,159915,0,0.84,0.0,unfilled,lot_or_adv_constraint
2013-04-12,buy,159915,0,0.835,0.0,unfilled,lot_or_adv_constraint
2013-04-19,buy,159915,0,0.872,0.0,unfilled,lot_or_adv_constraint
2013-04-26,buy,159915,0,0.892,0.0,unfilled,lot_or_adv_constraint
2013-05-08,buy,159915,0,0.956,0.0,unfilled,lot_or_adv_constraint
2013-05-15,buy,159915,0,0.971,0.0,unfilled,lot_or_adv_constraint
2013-05-22,buy,159915,0,1.072,0.0,unfilled,lot_or_adv_constraint
2013-05-29,buy,159915,0,1.053,0.0,unfilled,lot_or_adv_constraint
2013-06-05,buy,159915,0,1.019,0.0,unfilled,lot_or_adv_constraint
2013-06-17,sell,510050,586700,1.729,202.88086,filled,
2013-06-17,buy,159915,472500,1.073,101.3985,filled,
2013-06-17,buy,510300,207500,2.443,101.3845,filled,
2013-07-01,sell,510300,207500,2.204,91.46600000000002,filled,
2013-07-01,buy,510050,146000,1.566,45.7272,filled,
2013-07-08,sell,510050,146000,1.559,45.522800000000004,filled,
2013-07-08,buy,510300,102100,2.232,45.57744,filled,
2013-08-19,sell,159915,472500,1.112,105.084,filled,
2013-08-19,buy,510050,231200,1.629,75.32496,filled,
2013-08-26,sell,510050,231200,1.624,75.09376000000002,filled,
2013-08-26,buy,159915,312800,1.202,75.19712,filled,
2013-09-02,sell,159915,312800,1.17,73.1952,filled,
2013-09-02,buy,510050,224800,1.65,74.184,filled,
2013-09-09,sell,510300,102100,2.419,49.39598,filled,
2013-09-09,buy,159915,244800,1.262,61.78752,filled,
2013-10-09,sell,510050,224800,1.709,76.83664,filled,
2013-10-09,buy,510300,139100,2.49,69.27180000000001,filled,
2013-10-30,sell,159915,244800,1.233,60.36768000000001,filled,
2013-10-30,buy,510050,192000,1.688,64.81920000000001,filled,
2013-11-27,sell,510050,192000,1.627,62.476800000000004,filled,
2013-11-27,buy,159915,252200,1.262,63.655280000000005,filled,
2013-12-04,sell,159915,252200,1.219,61.48636000000001,filled,
2013-12-04,buy,510050,186600,1.676,62.54832,filled,
2013-12-18,sell,510050,186600,1.597,59.60004000000001,filled,
2013-12-18,buy,159915,246200,1.24,61.0576,filled,
2014-01-23,sell,510300,139100,2.239,62.288979999999995,filled,
2014-01-23,buy,510050,204200,1.51,61.668400000000005,filled,
2014-02-27,sell,510050,204200,1.444,58.97296,filled,
2014-02-27,buy,510300,139600,2.16,60.3072,filled,
2014-03-13,sell,159915,246200,1.365,67.21260000000001,filled,
2014-03-13,buy,510050,223700,1.425,63.7545,filled,
2014-03-20,sell,510300,139600,2.119,59.16248000000001,filled,
2014-03-20,buy,159915,215400,1.426,61.43208,filled,
2014-03-27,sell,159915,215400,1.375,59.235,filled,
2014-03-27,buy,510300,139600,2.16,60.3072,filled,
2014-05-06,sell,510300,139600,2.148,59.97216000000001,filled,
2014-05-06,buy,511010,3000,98.8,59.28,filled,
2014-05-27,sell,510050,223700,1.483,66.34942000000001,filled,
2014-05-27,buy,159915,247200,1.288,63.67872000000001,filled,
2014-06-11,sell,511010,3000,99.863,59.9178,filled,
2014-06-11,buy,510500,287400,1.075,61.791000000000004,filled,
2014-06-25,sell,510500,287400,1.073,61.67604000000001,filled,
2014-06-25,buy,511010,3000,100.075,60.045,filled,
2014-07-02,sell,511010,3000,99.786,59.8716,filled,
2014-07-02,buy,510500,278000,1.108,61.604800000000004,filled,
2014-07-16,sell,159915,247200,1.31,64.7664,filled,
2014-07-16,buy,510300,143400,2.203,63.18203999999999,filled,
2014-07-30,sell,510500,278000,1.181,65.6636,filled,
2014-07-30,buy,510050,195500,1.647,64.3977,filled,
2014-08-20,sell,510050,195500,1.646,64.35860000000001,filled,
2014-08-20,buy,510500,256300,1.256,64.38256,filled,
2014-08-27,sell,510300,143400,2.37,67.97160000000001,filled,
2014-08-27,buy,159915,240400,1.376,66.15808,filled,
2014-10-23,sell,159915,240400,1.459,70.14872000000001,filled,
2014-10-23,buy,511010,3300,102.248,67.48368,filled,
2014-11-06,sell,510500,256300,1.403,71.91778000000001,filled,
2014-11-06,buy,510300,138100,2.547,70.34814,filled,
2014-11-13,sell,511010,3300,104.202,68.77332,filled,
2014-11-13,buy,510050,195300,1.78,69.52680000000001,filled,
2014-11-20,sell,510050,195300,1.67,65.2302,filled,
2014-11-20,buy,510500,241700,1.394,67.38596,filled,
2014-11-27,sell,510500,241700,1.465,70.8181,filled,
2014-11-27,buy,510050,188900,1.828,69.06184,filled,
2015-01-26,sell,510300,138100,3.58,98.87960000000001,filled,
2015-01-26,buy,159915,256100,1.639,83.94958000000001,filled,
2015-02-02,sell,510050,188900,2.301,86.93178,filled,
2015-02-02,buy,510500,271200,1.575,85.428,filled,
2015-02-09,sell,510500,271200,1.555,84.34320000000001,filled,
2015-02-09,buy,518880,167100,2.539,84.85338000000002,filled,
2015-02-16,sell,518880,167100,2.499,83.51658,filled,
2015-02-16,buy,510500,260000,1.619,84.188,filled,
2015-04-14,buy,510300,47900,4.395,42.104099999999995,filled,
2015-04-21,sell,159915,256100,2.33,119.3426,filled,
2015-04-21,sell,510300,47900,4.493,43.04294,filled,
2015-04-21,buy,510050,164300,3.11,102.19460000000001,filled,
2015-05-06,sell,510050,164300,3.11,102.19460000000001,filled,
2015-05-06,buy,159915,189200,2.7,102.16800000000002,filled,
2015-06-10,sell,159915,189200,3.505,132.6292,filled,
2015-06-10,buy,159928,315200,1.862,117.38048,filled,
2015-06-25,sell,510500,260000,10.301,535.652,filled,
2015-06-25,buy,511010,15300,106.666,326.39796,filled,
2015-07-02,sell,159928,315200,1.57,98.9728,filled,
2015-07-02,buy,518880,456200,2.331,212.68044,filled,
2015-07-30,sell,518880,456200,2.197,200.45428,filled,
2015-07-30,buy,159915,409800,2.52,206.53920000000002,filled,
2015-08-06,sell,511010,15300,108.401,331.70706,filled,
2015-08-06,buy,510500,173400,7.755,268.9434,filled,
2015-08-13,sell,159915,409800,2.483,203.50668000000002,filled,
2015-08-13,buy,159928,792400,1.491,236.29368000000005,filled,
2015-08-20,sell,159928,792400,1.502,238.03696000000002,filled,
2015-08-20,buy,518880,507100,2.338,237.11996000000002,filled,
2015-08-27,sell,510500,173400,6.4,221.952,filled,
2015-08-27,buy,511010,10600,108.198,229.37975999999998,filled,
2015-09-28,sell,518880,507100,2.345,237.8299,filled,
2015-09-28,sell,511010,10600,108.271,229.53452000000004,filled,
2015-09-28,buy,510050,803500,2.168,348.39760000000007,filled,
2015-09-28,buy,159915,942100,1.849,348.38858,filled,
2015-10-12,sell,510050,803500,2.235,359.16450000000003,filled,
2015-10-12,buy,510500,135600,6.617,179.45304,filled,
2015-12-07,sell,159915,942100,2.534,477.45628,filled,
2015-12-07,sell,510500,135600,7.7,208.824,filled,
2015-12-07,buy,159928,172600,1.358,46.87816000000001,filled,
2015-12-07,buy,511010,19900,108.611,432.27178,filled,
2015-12-14,sell,159928,172600,1.33,45.9116,filled,
2015-12-14,buy,518880,483300,2.236,216.13176,filled,
2015-12-21,sell,518880,483300,2.232,215.74512000000004,filled,
2015-12-21,buy,159928,97000,1.409,27.334600000000002,filled,
2015-12-28,sell,511010,19900,109.601,436.21198,filled,
2015-12-28,buy,510300,541000,3.884,420.2488,filled,
2016-01-05,sell,510300,541000,3.467,375.12940000000003,filled,
2016-01-05,buy,518880,880900,2.257,397.63826,filled,
2016-01-12,sell,159928,97000,1.291,25.0454,filled,
2016-01-12,buy,511010,9600,109.942,211.08864,filled,
2016-02-16,sell,511010,9600,110.09,211.3728,filled,
2016-02-16,buy,159915,522800,2.022,211.42031999999998,filled,
2016-03-01,sell,159915,522800,1.776,185.69856000000001,filled,
2016-03-01,buy,511010,8900,110.375,196.4675,filled,
2016-03-08,sell,511010,8900,110.401,196.51378000000003,filled,
2016-03-08,buy,510050,471800,2.104,198.53344,filled,
2016-03-15,sell,518880,880900,2.584,455.24912000000006,filled,
2016-03-15,buy,159928,186300,1.23,45.8298,filled,
2016-03-22,sell,159928,186300,1.265,47.1339,filled,
2016-03-22,buy,510300,508700,3.218,327.39932000000005,filled,
2016-03-29,sell,510050,471800,2.125,200.51500000000001,filled,
2016-03-29,sell,510300,508700,3.158,321.29492,filled,
2016-03-29,buy,159915,1024400,2.072,424.5113600000001,filled,
2016-03-29,buy,510500,340300,6.237,424.49022,filled,
2016-04-27,sell,159915,1024400,2.058,421.64304,filled,
2016-04-27,sell,510500,340300,6.286,427.82516,filled,
2016-04-27,buy,510050,986000,2.153,424.57160000000005,filled,
2016-04-27,buy,518880,818100,2.595,424.5939,filled,
2016-05-05,sell,510050,986000,2.145,422.994,filled,
2016-05-05,buy,159928,477000,1.34,127.83600000000001,filled,
2016-05-26,sell,518880,818100,2.593,424.26666,filled,
2016-05-26,buy,511010,16200,110.943,359.45532,filled,
2016-06-13,sell,159928,477000,1.341,127.93140000000001,filled,
2016-06-13,sell,511010,16200,110.88,359.25120000000004,filled,
2016-06-13,buy,159915,1025000,2.065,423.32500000000005,filled,
2016-06-13,buy,510500,341400,6.199,423.26772000000005,filled,
2016-06-27,sell,510500,341400,6.125,418.21500000000003,filled,
2016-06-27,buy,518880,369700,2.827,209.02838000000003,filled,
2016-07-04,sell,159915,1025000,2.103,431.115,filled,
2016-07-04,buy,159928,91700,1.375,25.2175,filled,
2016-07-18,sell,518880,369700,2.864,211.76416000000003,filled,
2016-07-18,buy,510500,307900,6.71,413.2018,filled,
2016-08-01,sell,510500,307900,6.438,396.45204,filled,
2016-08-01,buy,510300,623700,3.245,404.78130000000004,filled,
2016-08-15,sell,159928,91700,1.47,26.9598,filled,
2016-08-15,sell,510300,623700,3.355,418.5027,filled,
2016-08-15,buy,510050,933700,2.276,425.02023999999994,filled,
2016-08-15,buy,511010,18800,113.033,425.00408,filled,
2016-08-22,sell,511010,18800,112.835,424.25960000000003,filled,
2016-08-22,buy,512010,140700,1.285,36.1599,filled,
2016-08-29,sell,510050,933700,2.267,423.33958,filled,
2016-08-29,sell,512010,140700,1.289,36.27246,filled,
2016-08-29,buy,510500,315700,6.71,423.6694,filled,
2016-08-29,buy,510300,631000,3.357,423.65340000000003,filled,
2016-09-05,sell,510500,315700,6.65,419.88100000000003,filled,
2016-09-05,buy,510050,460100,2.281,209.89762000000002,filled,
2016-09-12,sell,510300,631000,3.34,421.50800000000004,filled,
2016-09-12,sell,510050,460100,2.247,206.76894,filled,
2016-09-12,buy,159915,1009500,2.075,418.94250000000005,filled,
2016-09-12,buy,510500,314600,6.657,418.85844000000003,filled,
2016-09-21,sell,159915,1009500,2.068,417.5292,filled,
2016-09-21,sell,510500,314600,6.625,416.845,filled,
2016-09-21,buy,511010,18400,112.913,415.51984,filled,
2016-09-21,buy,512010,78500,1.278,20.064600000000002,filled,
2016-09-28,sell,512010,78500,1.276,20.0332,filled,
2016-09-28,buy,518880,368300,2.841,209.26806000000002,filled,
2016-10-12,sell,511010,18400,113.232,416.69376000000005,filled,
2016-10-12,sell,518880,368300,2.727,200.87082,filled,
2016-10-12,buy,510500,305200,6.77,413.2408,filled,
2016-10-12,buy,512010,56800,1.293,14.68848,filled,
2016-10-26,sell,512010,56800,1.306,14.836160000000001,filled,
2016-10-26,buy,510050,445800,2.319,206.76204,filled,
2016-11-02,sell,510500,305200,6.8,415.072,filled,
2016-11-02,buy,159928,102700,1.47,30.193800000000003,filled,
2016-11-16,sell,159928,102700,1.466,30.111639999999998,filled,
2016-11-16,buy,510300,445900,3.485,310.7923,filled,
2016-12-14,sell,510300,445900,3.45,307.671,filled,
2016-12-14,buy,159928,96500,1.471,28.3903,filled,
2016-12-21,sell,510050,445800,2.284,203.64144,filled,
2016-12-21,buy,512010,72600,1.3,18.876,filled,
2016-12-28,sell,159928,96500,1.441,27.811300000000003,filled,
2016-12-28,buy,511010,18100,110.439,399.78918,filled,
2017-01-05,sell,511010,18100,110.59,400.3358,filled,
2017-01-05,buy,518880,760200,2.64,401.3856,filled,
2017-01-12,sell,518880,760200,2.665,405.1866,filled,
2017-01-12,buy,159928,46800,1.501,14.049359999999998,filled,
2017-01-19,sell,512010,72600,1.3,18.876,filled,
2017-01-19,sell,159928,46800,1.452,13.59072,filled,
2017-01-19,buy,518880,772600,2.669,412.41388000000006,filled,
2017-01-19,buy,510050,880900,2.341,412.4373800000001,filled,
2017-01-26,sell,518880,772600,2.645,408.7054,filled,
2017-01-26,buy,159928,58800,1.486,17.475360000000002,filled,
2017-02-09,sell,159928,58800,1.5,17.64,filled,
2017-02-09,buy,518880,373200,2.738,204.36432,filled,
2017-02-23,sell,510050,880900,2.395,421.9511,filled,
2017-02-23,sell,518880,373200,2.739,204.43896,filled,
2017-02-23,buy,159928,70000,1.599,22.386000000000003,filled,
2017-02-23,buy,510500,306900,6.765,415.2357,filled,
2017-03-09,sell,510500,306900,6.801,417.44538000000006,filled,
2017-03-09,buy,159915,1079000,1.877,405.0566,filled,
2017-03-23,sell,159915,1079000,1.866,402.68280000000004,filled,
2017-03-23,buy,512010,227700,1.44,65.5776,filled,
2017-04-17,sell,159928,70000,1.63,22.819999999999997,filled,
2017-04-17,buy,518880,668300,2.861,382.40126000000004,filled,
2017-04-24,sell,512010,227700,1.447,65.89638000000001,filled,
2017-04-24,buy,159928,177300,1.638,58.083479999999994,filled,
2017-05-02,sell,159928,177300,1.631,57.83526,filled,
2017-05-02,buy,512010,162400,1.405,45.6344,filled,
2017-05-09,sell,518880,668300,2.741,366.36206000000004,filled,
2017-05-09,sell,512010,162400,1.419,46.08912,filled,
2017-05-09,buy,511010,18600,109.296,406.58112000000006,filled,
2017-05-09,buy,159928,154900,1.593,49.35114,filled,
2017-05-16,sell,511010,18600,108.838,404.87736,filled,
2017-05-16,sell,159928,154900,1.599,49.537020000000005,filled,
2017-05-16,buy,512010,115700,1.436,33.22904,filled,
2017-05-16,buy,510050,858300,2.368,406.49088,filled,
2017-06-08,sell,512010,115700,1.488,34.432320000000004,filled,
2017-06-08,buy,510300,288100,3.538,203.85956,filled,
2017-06-15,sell,510050,858300,2.479,425.54514000000006,filled,
2017-06-15,sell,510300,288100,3.55,204.55100000000002,filled,
2017-06-15,buy,159928,113200,1.75,39.620000000000005,filled,
2017-06-15,buy,512010,126900,1.537,39.00906,filled,
2017-06-22,sell,512010,126900,1.527,38.75526,filled,
2017-06-22,buy,510300,551200,3.6,396.86400000000003,filled,
2017-06-29,sell,510300,551200,3.669,404.47056000000003,filled,
2017-06-29,buy,512010,163400,1.533,50.09844,filled,
2017-07-06,sell,512010,163400,1.515,49.5102,filled,
2017-07-06,buy,510500,307700,6.505,400.3177,filled,
2017-07-13,sell,159928,113200,1.756,39.755840000000006,filled,
2017-07-13,sell,510500,307700,6.438,396.19452,filled,
2017-07-13,buy,510050,803600,2.601,418.03272000000004,filled,
2017-07-13,buy,510300,566000,3.693,418.04760000000005,filled,
2017-08-10,sell,510050,803600,2.663,427.99735999999996,filled,
2017-08-10,sell,510300,566000,3.773,427.10360000000003,filled,
2017-08-10,buy,159928,159300,1.867,59.48262,filled,
2017-08-10,buy,510500,320300,6.67,427.28020000000004,filled,
2017-08-17,sell,510500,320300,6.642,425.48652000000004,filled,
2017-08-17,buy,159949,2698400,0.735,396.6648,filled,
2017-08-24,sell,159928,159300,1.879,59.864940000000004,filled,
2017-08-24,buy,159915,665100,1.716,228.26232000000002,filled,
2017-09-14,sell,159949,2698400,0.763,411.77584,filled,
2017-09-14,sell,159915,665100,1.797,239.03694000000002,filled,
2017-09-14,buy,512880,1965100,1.118,439.3963600000001,filled,
2017-09-14,buy,510500,312200,7.036,439.32784,filled,
2017-09-28,sell,512880,1965100,1.103,433.50106,filled,
2017-09-28,sell,510500,312200,6.92,432.08480000000003,filled,
2017-09-28,buy,159928,171800,1.974,67.82664000000001,filled,
2017-09-28,buy,512660,2343800,0.923,432.66548,filled,
2017-10-12,sell,512660,2343800,0.931,436.4155600000001,filled,
2017-10-12,buy,512010,186400,1.561,58.19407999999999,filled,
2017-11-16,sell,512010,186400,1.652,61.58656,filled,
2017-11-16,buy,510050,694600,2.895,402.1734,filled,
2017-11-30,sell,159928,171800,2.158,74.14887999999999,filled,
2017-11-30,buy,510300,290700,4.097,238.19958000000003,filled,
2017-12-07,sell,510300,290700,4.063,236.22281999999998,filled,
2017-12-07,buy,511010,10800,109.53,236.5848,filled,
2017-12-14,sell,510050,694600,2.87,398.7004,filled,
2017-12-14,buy,159928,687700,2.313,318.13002000000006,filled,
2017-12-28,sell,511010,10800,109.699,236.94984,filled,
2017-12-28,buy,512010,402000,1.64,131.856,filled,
2018-01-12,sell,512010,402000,1.705,137.082,filled,
2018-01-12,buy,510050,468200,2.991,280.07724,filled,
2018-01-26,sell,159928,687700,2.52,346.6008,filled,
2018-01-26,buy,512880,1455700,1.076,313.26664000000005,filled,
2018-02-09,sell,512880,1455700,0.931,271.05134000000004,filled,
2018-02-09,buy,511010,13200,110.043,290.51352,filled,
2018-02-23,sell,510050,468200,2.934,274.73976000000005,filled,
2018-02-23,buy,518880,523900,2.712,284.16336,filled,
2018-03-02,sell,518880,523900,2.693,282.17254,filled,
2018-03-02,buy,159949,2066600,0.685,283.12420000000003,filled,
2018-03-09,sell,511010,13200,110.981,292.98984,filled,
2018-03-09,buy,159915,853000,1.688,287.9728,filled,
2018-03-23,sell,159915,853000,1.666,284.2196,filled,
2018-03-23,buy,512010,804400,1.778,286.04464,filled,
2018-03-30,sell,159949,2066600,0.71,293.4572,filled,
2018-03-30,buy,512660,1760100,0.823,289.71245999999996,filled,
2018-04-24,sell,512010,804400,1.78,286.3664,filled,
2018-04-24,buy,511010,12800,112.105,286.9888,filled,
2018-05-03,sell,512660,1760100,0.831,292.52862,filled,
2018-05-03,buy,512010,782700,1.857,290.69478,filled,
2018-05-10,sell,511010,12800,112.046,286.83776,filled,
2018-05-10,buy,159928,632000,2.284,288.69759999999997,filled,
2018-06-14,sell,512010,782700,2.001,313.23654,filled,
2018-06-14,buy,518880,563700,2.669,300.90306000000004,filled,
2018-06-22,sell,518880,563700,2.649,298.64826000000005,filled,
2018-06-22,buy,511010,13300,112.34,298.8244,filled,
2018-06-29,sell,159928,632000,2.2,278.08000000000004,filled,
2018-06-29,buy,518880,543800,2.66,289.3016,filled,
2018-07-20,sell,511010,13300,113.4,301.644,filled,
2018-07-20,sell,518880,543800,2.653,288.54028,filled,
2018-07-20,buy,512660,3153700,0.697,439.62578,filled,
2018-07-20,buy,159949,3776800,0.582,439.61951999999997,filled,
2018-08-03,sell,512660,3153700,0.67,422.5958,filled,
2018-08-03,sell,159949,3776800,0.551,416.2033600000001,filled,
2018-08-03,buy,510050,843800,2.484,419.19984,filled,
2018-08-03,buy,510300,613600,3.416,419.21152,filled,
2018-08-10,sell,510300,613600,3.453,423.75216,filled,
2018-08-10,buy,511010,9300,113.762,211.59732000000002,filled,
2018-08-17,sell,510050,843800,2.475,417.68100000000004,filled,
2018-08-17,buy,512800,1742900,0.903,314.76774,filled,
2018-08-24,sell,512800,1742900,0.909,316.85922000000005,filled,
2018-08-24,buy,518880,601900,2.623,315.75674000000004,filled,
2018-08-31,sell,511010,9300,113.348,210.82728,filled,
2018-08-31,sell,518880,601900,2.642,318.04396,filled,
2018-08-31,buy,512660,3081800,0.685,422.20660000000004,filled,
2018-08-31,buy,512800,2269900,0.93,422.20140000000004,filled,
2018-09-07,sell,512800,2269900,0.921,418.11558,filled,
2018-09-07,buy,511010,9200,113.116,208.13344,filled,
2018-09-14,sell,511010,9200,113.002,207.92368,filled,
2018-09-14,buy,512800,1126400,0.927,208.83456,filled,
2018-10-08,sell,512660,3081800,0.705,434.53380000000004,filled,
2018-10-08,buy,159928,751400,2.14,321.5992,filled,
2018-10-15,sell,159928,751400,1.991,299.20748000000003,filled,
2018-10-15,buy,518880,571500,2.715,310.3245,filled,
2018-11-05,sell,512800,1126400,0.986,222.12608,filled,
2018-11-05,buy,512880,1721800,0.773,266.19028000000003,filled,
2018-11-12,sell,518880,571500,2.702,308.83860000000004,filled,
2018-11-12,buy,512200,1076100,0.721,155.17362,filled,
2018-11-26,sell,512880,1721800,0.764,263.09104,filled,
2018-11-26,sell,512200,1076100,0.751,161.63022,filled,
2018-11-26,buy,512100,3851700,0.548,422.14632000000006,filled,
2018-11-26,buy,512010,1384100,1.525,422.1505,filled,
2018-12-03,sell,512010,1384100,1.575,435.99150000000003,filled,
2018-12-03,buy,512200,1454600,0.749,217.89908,filled,
2018-12-10,sell,512200,1454600,0.739,214.98988,filled,
2018-12-10,buy,159928,587400,1.842,216.39816000000002,filled,
2018-12-17,sell,512100,3851700,0.556,428.30904000000004,filled,
2018-12-17,buy,518880,587200,2.744,322.25536000000005,filled,
2018-12-24,sell,159928,587400,1.79,210.28920000000002,filled,
2018-12-24,buy,511010,11400,116.051,264.59628,filled,
2019-01-09,sell,511010,11400,116.622,265.89816,filled,
2019-01-09,buy,512880,1699700,0.785,266.85290000000003,filled,
2019-01-16,sell,518880,587200,2.805,329.4192,filled,
2019-01-16,buy,512660,2241100,0.665,298.0663,filled,
2019-01-23,sell,512660,2241100,0.648,290.44656000000003,filled,
2019-01-23,buy,159928,761000,1.933,294.2026,filled,
2019-02-13,sell,512880,1699700,0.813,276.37122,filled,
2019-02-13,buy,512010,985600,1.447,285.23264,filled,
2019-02-27,sell,159928,761000,2.215,337.123,filled,
2019-02-27,sell,512010,985600,1.538,303.17056,filled,
2019-02-27,buy,512880,2234900,1.035,462.6243,filled,
2019-02-27,buy,159949,4213400,0.549,462.63132,filled,
2019-03-06,sell,512880,2234900,1.045,467.0941,filled,
2019-03-06,buy,159915,718700,1.624,233.43376,filled,
2019-03-13,sell,159949,4213400,0.611,514.87748,filled,
2019-03-13,buy,512980,1991900,0.939,374.07882,filled,
2019-03-27,sell,159915,718700,1.567,225.24058,filled,
2019-03-27,sell,512980,1991900,0.87,346.5906,filled,
2019-03-27,buy,512200,2578200,0.917,472.84188,filled,
2019-03-27,buy,512100,3396800,0.696,472.83456,filled,
2019-04-03,sell,512100,3396800,0.742,504.08512,filled,
2019-04-03,buy,159928,476900,2.641,251.89857999999998,filled,
2019-04-18,sell,512200,2578200,0.974,502.23336,filled,
2019-04-18,buy,510050,629400,2.995,377.0106,filled,
2019-05-07,sell,159928,476900,2.625,250.3725,filled,
2019-05-07,sell,510050,629400,2.8,352.464,filled,
2019-05-07,buy,518880,877400,2.791,489.76468,filled,
2019-05-07,buy,511010,21000,116.116,487.6872,filled,
2019-05-14,sell,518880,877400,2.863,502.3992400000001,filled,
2019-05-14,buy,511260,11900,105.95,252.161,filled,
2019-05-21,sell,511010,21000,116.546,489.4932,filled,
2019-05-21,sell,511260,11900,106.006,252.29428,filled,
2019-05-21,buy,518880,876200,2.835,496.8054,filled,
2019-05-21,buy,159928,901300,2.756,496.79656,filled,
2019-05-28,sell,159928,901300,2.685,483.9981,filled,
2019-05-28,buy,511260,11400,105.488,240.51264,filled,
2019-06-04,sell,518880,876200,2.945,516.0818,filled,
2019-06-04,sell,511260,11400,106.116,241.94448,filled,
2019-06-04,buy,512400,3928900,0.637,500.54186,filled,
2019-06-04,buy,512660,3428400,0.73,500.5464,filled,
2019-06-12,sell,512660,3428400,0.723,495.74663999999996,filled,
2019-06-12,buy,159928,439400,2.819,247.73372000000003,filled,
2019-06-19,sell,159928,439400,2.817,247.55796,filled,
2019-06-19,buy,518880,415500,2.98,247.638,filled,
2019-06-26,sell,512400,3928900,0.675,530.4015,filled,
2019-06-26,buy,512880,1984200,0.98,388.9032,filled,
2019-07-03,sell,518880,415500,3.172,263.5932,filled,
2019-07-03,buy,159928,546200,2.986,326.19064000000003,filled,
2019-07-10,sell,512880,1984200,0.968,384.14112,filled,
2019-07-10,sell,159928,546200,2.936,320.72864,filled,
2019-07-10,buy,512010,1571300,1.64,515.3864,filled,
2019-07-10,buy,518880,835600,3.084,515.39808,filled,
2019-07-17,sell,512010,1571300,1.645,516.9577,filled,
2019-07-17,sell,518880,835600,3.109,519.57608,filled,
2019-07-17,buy,512660,3372900,0.768,518.07744,filled,
2019-07-17,buy,512880,2643200,0.98,518.0672000000001,filled,
2019-07-24,sell,512880,2643200,0.973,514.36672,filled,
2019-07-24,buy,159915,866700,1.483,257.06322000000006,filled,
2019-07-31,sell,159915,866700,1.515,262.6101,filled,
2019-07-31,buy,518880,411300,3.158,259.77708,filled,
2019-08-07,sell,512660,3372900,0.742,500.53836,filled,
2019-08-07,buy,511260,17500,108.094,378.329,filled,
2019-08-14,sell,511260,17500,108.551,379.92850000000004,filled,
2019-08-14,buy,512400,2915800,0.653,380.80348000000004,filled,
2019-08-21,sell,512400,2915800,0.669,390.1340400000001,filled,
2019-08-21,buy,159949,3422700,0.563,385.39601999999996,filled,
2019-08-28,sell,159949,3422700,0.567,388.13418,filled,
2019-08-28,buy,512010,1087400,1.778,386.67944,filled,
2019-09-04,sell,518880,411300,3.557,292.59882,filled,
2019-09-04,buy,512660,2007000,0.846,339.5844,filled,
2019-09-11,sell,512010,1087400,1.829,397.77092,filled,
2019-09-11,sell,512660,2007000,0.853,342.3942,filled,
2019-09-11,buy,512980,3348200,0.806,539.7298400000001,filled,
2019-09-11,buy,159949,4373800,0.617,539.7269200000001,filled,
2019-09-19,sell,159949,4373800,0.595,520.4822,filled,
2019-09-19,buy,512100,1868800,0.696,260.13696,filled,
2019-09-26,sell,512100,1868800,0.69,257.8944,filled,
2019-09-26,buy,159949,2187200,0.592,258.96448,filled,
2019-10-10,sell,512980,3348200,0.741,496.20324000000005,filled,
2019-10-10,sell,159949,2187200,0.573,250.65311999999997,filled,
2019-10-10,buy,512200,2909500,0.864,502.76160000000004,filled,
2019-10-10,buy,512800,2321100,1.083,502.75025999999997,filled,
2019-10-24,sell,512200,2909500,0.86,500.434,filled,
2019-10-24,buy,512010,688300,1.817,250.12821999999997,filled,
2019-11-14,sell,512800,2321100,1.114,517.1410800000001,filled,
2019-11-14,buy,159928,624600,3.07,383.50440000000003,filled,
2019-11-21,sell,159928,624600,3.05,381.00600000000003,filled,
2019-11-21,buy,159949,3107300,0.615,382.1979,filled,
2019-11-28,sell,512010,688300,1.903,261.96698,filled,
2019-11-28,buy,512400,2523800,0.638,322.03688000000005,filled,
2019-12-05,sell,159949,3107300,0.607,377.22622,filled,
2019-12-05,buy,512980,2318000,0.754,349.55440000000004,filled,
2019-12-19,sell,512400,2523800,0.67,338.1892,filled,
2019-12-19,buy,512880,1725900,0.996,343.79928,filled,
2020-01-10,sell,512880,1725900,1.052,363.12936,filled,
2020-01-10,buy,512400,2343400,0.754,353.38472,filled,
2020-02-03,sell,512980,2318000,0.79,366.244,filled,
2020-02-03,sell,512400,2343400,0.65,304.642,filled,
2020-02-03,buy,159949,3993800,0.641,512.00516,filled,
2020-02-03,buy,159915,1532900,1.67,511.9886,filled,
2020-03-09,sell,159949,3993800,0.801,639.80676,filled,
2020-03-09,sell,159915,1532900,2.068,634.0074400000001,filled,
2020-03-09,buy,512880,3049100,1.044,636.65208,filled,
2020-03-09,buy,512100,3959400,0.804,636.6715200000001,filled,
2020-03-16,sell,512100,3959400,0.776,614.49888,filled,
2020-03-16,buy,512660,1810900,0.848,307.12864,filled,
2020-03-23,sell,512880,3049100,0.922,562.25404,filled,
2020-03-23,sell,512660,1810900,0.767,277.79206000000005,filled,
2020-03-23,buy,511260,25500,112.01,571.251,filled,
2020-03-23,buy,511010,23500,121.86,572.7420000000001,filled,
2020-03-30,sell,511260,25500,112.65,574.515,filled,
2020-03-30,sell,511010,23500,122.8,577.1600000000001,filled,
2020-03-30,buy,512010,1484900,1.943,577.03214,filled,
2020-03-30,buy,159928,982600,2.936,576.9827200000001,filled,
2020-04-07,sell,512010,1484900,1.998,593.3660400000001,filled,
2020-04-07,sell,159928,982600,3.122,613.53544,filled,
2020-04-07,buy,511010,24400,123.309,601.74792,filled,
2020-04-07,buy,511260,26600,112.984,601.07488,filled,
2020-04-14,sell,511010,24400,124.476,607.4428800000001,filled,
2020-04-14,sell,511260,26600,113.5,603.82,filled,
2020-04-14,buy,512010,1464500,2.073,607.1817,filled,
2020-04-14,buy,518880,821000,3.698,607.2116,filled,
2020-04-21,sell,518880,821000,3.674,603.2708,filled,
2020-04-21,buy,159928,472600,3.19,301.5188,filled,
2020-05-08,sell,512010,1464500,2.135,625.3414999999999,filled,
2020-05-08,sell,159928,472600,3.356,317.20912,filled,
2020-05-08,buy,159949,3906100,0.796,621.85112,filled,
2020-05-08,buy,159915,1527900,2.035,621.8553,filled,
2020-05-22,sell,159949,3906100,0.79,617.1638,filled,
2020-05-22,sell,159915,1527900,2.015,615.7437,filled,
2020-05-22,buy,512690,2382800,1.293,616.19208,filled,
2020-05-22,buy,518880,801100,3.846,616.20612,filled,
2020-05-29,sell,518880,801100,3.857,617.9685400000001,filled,
2020-05-29,buy,512400,2325800,0.664,308.86624000000006,filled,
2020-06-05,sell,512400,2325800,0.68,316.3088,filled,
2020-06-05,buy,512100,1970500,0.793,312.5213,filled,
2020-06-12,sell,512100,1970500,0.784,308.9744,filled,
2020-06-12,buy,159949,1878400,0.827,310.68735999999996,filled,
2020-06-19,sell,512690,2382800,1.372,653.84032,filled,
2020-06-19,buy,512980,2646200,0.911,482.13764000000003,filled,
2020-06-30,sell,512980,2646200,0.932,493.25168,filled,
2020-06-30,buy,512010,972800,2.506,487.56736,filled,
2020-07-07,sell,159949,1878400,0.99,371.9232,filled,
2020-07-07,sell,512010,972800,2.536,493.40416,filled,
2020-07-07,buy,512880,2495600,1.355,676.3076,filled,
2020-07-07,buy,512200,3074100,1.1,676.3020000000001,filled,
2020-07-14,sell,512200,3074100,1.028,632.0349600000001,filled,
2020-07-14,buy,512480,597600,2.643,315.89135999999996,filled,
2020-07-21,sell,512480,597600,2.312,276.33024,filled,
2020-07-21,buy,512660,1353100,1.094,296.05828,filled,
2020-07-28,sell,512880,2495600,1.202,599.94224,filled,
2020-07-28,buy,512400,2539000,0.882,447.87960000000004,filled,
2020-08-04,sell,512400,2539000,0.882,447.87960000000004,filled,
2020-08-04,buy,512010,728100,3.075,447.7815,filled,
2020-08-11,sell,512010,728100,2.946,428.99652000000003,filled,
2020-08-11,buy,518880,506900,4.323,438.26574000000005,filled,
2020-08-18,sell,518880,506900,4.202,425.99876,filled,
2020-08-18,buy,159928,480600,4.495,432.05940000000004,filled,
2020-09-01,sell,512660,1353100,1.16,313.9192,filled,
2020-09-01,buy,512690,937500,1.989,372.9375,filled,
2020-09-22,sell,159928,480600,4.34,417.1608,filled,
2020-09-22,buy,512800,1828600,1.08,394.97760000000005,filled,
2020-09-29,sell,512690,937500,1.824,342.0,filled,
2020-09-29,sell,512800,1828600,1.059,387.29748,filled,
2020-09-29,buy,511260,25400,110.566,561.67528,filled,
2020-09-29,buy,511010,23200,120.805,560.5352,filled,
2020-10-14,sell,511260,25400,109.79,557.7332,filled,
2020-10-14,sell,511010,23200,120.408,558.69312,filled,
2020-10-14,buy,159949,2495000,1.12,558.8800000000001,filled,
2020-10-14,buy,159915,1041900,2.682,558.8751599999999,filled,
2020-10-28,sell,159915,1041900,2.552,531.7857600000001,filled,
2020-10-28,buy,512690,678000,1.96,265.776,filled,
2020-11-11,sell,159949,2495000,1.137,567.363,filled,
2020-11-11,buy,512400,2390800,0.871,416.47736000000003,filled,
2020-12-02,sell,512690,678000,2.176,295.0656,filled,
2020-12-02,buy,512800,1471100,1.209,355.71198000000004,filled,
2020-12-09,sell,512800,1471100,1.158,340.70676,filled,
2020-12-09,buy,512660,1529600,1.138,348.13696,filled,
2020-12-16,sell,512400,2390800,0.919,439.42904000000004,filled,
2020-12-16,buy,512690,822600,2.393,393.69635999999997,filled,
2020-12-23,sell,512660,1529600,1.126,344.46592,filled,
2020-12-23,buy,512010,633400,2.913,369.01884,filled,
2021-01-07,sell,512010,633400,3.13,396.5084,filled,
2021-01-07,buy,512660,1380500,1.386,382.6746,filled,
2021-01-14,sell,512690,822600,2.811,462.46572000000003,filled,
2021-01-14,buy,159985,1535200,1.376,422.48704,filled,
2021-01-21,sell,159985,1535200,1.302,399.76608000000004,filled,
2021-01-21,buy,159949,1501200,1.369,411.02856,filled,
2021-01-28,sell,512660,1380500,1.231,339.87910000000005,filled,
2021-01-28,buy,159915,603300,3.111,375.37326,filled,
2021-02-04,sell,159915,603300,3.09,372.8394,filled,
2021-02-04,buy,512800,1515600,1.234,374.05008,filled,
2021-02-18,sell,159949,1501200,1.506,452.1614400000001,filled,
2021-02-18,sell,512800,1515600,1.293,391.93415999999996,filled,
2021-02-18,buy,512010,840300,3.623,608.8813800000001,filled,
2021-02-18,buy,515650,1447000,2.104,608.8976,filled,
2021-02-25,sell,512010,840300,3.078,517.28868,filled,
2021-02-25,buy,512400,1039200,1.244,258.55296000000004,filled,
2021-03-04,sell,515650,1447000,1.753,507.31820000000005,filled,
2021-03-04,buy,515180,1638900,1.168,382.84704,filled,
2021-03-11,sell,512400,1039200,1.06,220.31040000000002,filled,
2021-03-11,buy,512200,1831900,0.823,301.53074,filled,
2021-03-18,sell,515180,1638900,1.17,383.5026,filled,
2021-03-18,sell,512200,1831900,0.864,316.55232,filled,
2021-03-18,buy,515220,1803500,1.388,500.65160000000003,filled,
2021-03-18,buy,515210,1684500,1.486,500.63340000000005,filled,
2021-03-25,sell,515220,1803500,1.276,460.25320000000005,filled,
2021-03-25,buy,515180,1001900,1.148,230.03624,filled,
2021-04-01,sell,515210,1684500,1.427,480.7563,filled,
2021-04-01,sell,515180,1001900,1.165,233.4427,filled,
2021-04-01,buy,511260,21200,111.0,470.64000000000004,filled,
2021-04-01,buy,511010,19300,121.935,470.6691,filled,
2021-04-09,sell,511260,21200,110.724,469.46976000000006,filled,
2021-04-09,sell,511010,19300,121.756,469.97816,filled,
2021-04-09,buy,512690,974400,2.416,470.83008,filled,
2021-04-09,buy,515210,1493800,1.576,470.8457600000001,filled,
2021-04-30,sell,515210,1493800,1.559,465.76683999999995,filled,
2021-04-30,buy,159949,891300,1.306,232.80756000000002,filled,
2021-05-12,sell,512690,974400,2.581,502.98528,filled,
2021-05-12,sell,159949,891300,1.251,223.00325999999998,filled,
2021-05-12,buy,515210,1410400,1.699,479.25392000000005,filled,
2021-05-12,buy,515220,1471900,1.628,479.25064,filled,
2021-05-19,sell,515210,1410400,1.624,458.09792000000004,filled,
2021-05-19,sell,515220,1471900,1.552,456.8777600000001,filled,
2021-05-19,buy,159992,1463900,1.562,457.32236000000006,filled,
2021-05-19,buy,512010,699200,3.27,457.27680000000004,filled,
2021-05-26,sell,159992,1463900,1.559,456.44402,filled,
2021-05-26,buy,159949,816500,1.397,228.1301,filled,
2021-06-02,sell,512010,699200,3.356,469.30303999999995,filled,
2021-06-02,sell,159949,816500,1.441,235.3153,filled,
2021-06-02,buy,515030,1242000,1.877,466.2468,filled,
2021-06-02,buy,512660,2063000,1.13,466.238,filled,
2021-06-09,sell,512660,2063000,1.148,473.6648,filled,
2021-06-09,buy,512480,1065400,1.111,236.73188,filled,
2021-06-17,sell,515030,1242000,1.79,444.636,filled,
2021-06-17,buy,159995,1300000,1.31,340.6,filled,
2021-07-08,sell,512480,1065400,1.341,285.74028,filled,
2021-07-08,buy,515030,688800,2.273,313.12848,filled,
2021-07-15,sell,159995,1300000,1.542,400.92,filled,
2021-07-15,buy,512400,1377100,1.296,356.94432000000006,filled,
2021-07-29,sell,515030,688800,2.326,320.42976000000004,filled,
2021-07-29,buy,515210,1003600,1.687,338.61464,filled,
2021-08-05,sell,515210,1003600,1.736,348.44992,filled,
2021-08-05,buy,512660,1332300,1.289,343.46694,filled,
2021-08-12,sell,512400,1377100,1.435,395.2277,filled,
2021-08-12,buy,515220,974800,1.894,369.25424,filled,
2021-09-02,sell,512660,1332300,1.338,356.52348000000006,filled,
2021-09-02,buy,515210,860200,2.109,362.83236000000005,filled,
2021-10-11,sell,515220,974800,2.255,439.63480000000004,filled,
2021-10-11,sell,515210,860200,1.872,322.05888000000004,filled,
2021-10-11,buy,159928,2406300,1.168,562.11168,filled,
2021-10-11,buy,512690,2207800,1.273,562.10588,filled,
2021-10-25,sell,512690,2207800,1.25,551.95,filled,
2021-10-25,buy,515650,911600,1.513,275.85015999999996,filled,
2021-11-01,sell,515650,911600,1.448,263.99936,filled,
2021-11-01,buy,515030,511100,2.64,269.86080000000004,filled,
2021-11-08,sell,159928,2406300,1.193,574.1431800000001,filled,
2021-11-08,buy,512660,1568400,1.345,421.8996,filled,
2021-11-15,sell,515030,511100,2.629,268.73638,filled,
2021-11-15,buy,159995,1016100,1.699,345.27078000000006,filled,
2021-11-22,sell,159995,1016100,1.634,332.06148,filled,
2021-11-22,buy,512980,2187400,0.774,338.60952000000003,filled,
2021-12-06,sell,512660,1568400,1.473,462.05064000000004,filled,
2021-12-06,sell,512980,2187400,0.743,325.04764,filled,
2021-12-06,buy,512400,1927000,1.46,562.6840000000001,filled,
2021-12-06,buy,515210,1636700,1.719,562.6974600000001,filled,
2021-12-13,sell,512400,1927000,1.46,562.6840000000001,filled,
2021-12-13,buy,512690,1000800,1.405,281.2248,filled,
2021-12-20,sell,512690,1000800,1.335,267.2136,filled,
2021-12-20,buy,515220,664100,2.064,274.14048,filled,
2021-12-27,sell,515210,1636700,1.622,530.9454800000001,filled,
2021-12-27,buy,512980,2424500,0.83,402.46700000000004,filled,
2022-01-04,sell,515220,664100,1.947,258.60054,filled,
2022-01-04,buy,512200,2068100,0.799,330.48238000000003,filled,
2022-01-25,sell,512980,2424500,0.802,388.88980000000004,filled,
2022-01-25,buy,512800,1504600,1.195,359.5994,filled,
2022-02-08,sell,512200,2068100,0.8,330.896,filled,
2022-02-08,buy,159985,1219700,1.415,345.17510000000004,filled,
2022-02-15,sell,512800,1504600,1.201,361.40492000000006,filled,
2022-02-15,buy,515220,880000,2.007,353.232,filled,
2022-03-01,sell,515220,880000,2.11,371.36,filled,
2022-03-01,buy,512400,1265600,1.431,362.21472000000006,filled,
2022-03-08,sell,512400,1265600,1.381,349.55872000000005,filled,
2022-03-08,buy,515220,799900,2.224,355.79552,filled,
2022-03-15,sell,515220,799900,2.07,331.1586,filled,
2022-03-15,buy,515790,1153200,1.489,343.42296000000005,filled,
2022-03-29,sell,515790,1153200,1.429,329.58456,filled,
2022-03-29,buy,515220,741400,2.269,336.44732000000005,filled,
2022-04-07,sell,159985,1219700,1.511,368.59334,filled,
2022-04-07,sell,515220,741400,2.246,333.03688,filled,
2022-04-07,buy,512200,2854300,0.909,518.91174,filled,
2022-04-07,buy,159992,2384700,1.088,518.9107200000001,filled,
2022-04-14,sell,159992,2384700,1.02,486.47880000000004,filled,
2022-04-14,buy,515220,511200,2.378,243.12672000000003,filled,
2022-04-28,sell,512200,2854300,0.735,419.5821,filled,
2022-04-28,sell,515220,511200,2.108,215.52192000000002,filled,
2022-04-28,buy,515650,1797700,1.221,438.99834000000004,filled,
2022-04-28,buy,512690,2888200,0.76,439.00640000000004,filled,
2022-05-10,sell,515650,1797700,1.197,430.36938,filled,
2022-05-10,sell,512690,2888200,0.727,419.94428,filled,
2022-05-10,buy,518850,534700,3.974,424.97956000000005,filled,
2022-05-10,buy,518880,542200,3.919,424.97636,filled,
2022-05-17,sell,518850,534700,3.902,417.27988000000005,filled,
2022-05-17,sell,518880,542200,3.872,419.87968,filled,
2022-05-17,buy,159985,1276400,1.639,418.40392,filled,
2022-05-17,buy,516520,2526700,0.828,418.42152,filled,
2022-05-24,sell,159985,1276400,1.618,413.0430400000001,filled,
2022-05-24,sell,516520,2526700,0.887,448.23658,filled,
2022-05-24,buy,515790,1529700,1.407,430.45758,filled,
2022-05-24,buy,515030,1126900,1.91,430.4758,filled,
2022-06-08,sell,515790,1529700,1.5,458.91,filled,
2022-06-08,buy,516090,1610700,0.712,229.36368,filled,
2022-06-15,sell,516090,1610700,0.724,233.22936,filled,
2022-06-15,buy,515220,430100,2.688,231.22176000000002,filled,
2022-06-22,sell,515220,430100,2.379,204.64158,filled,
2022-06-22,buy,516160,869600,1.253,217.92175999999998,filled,
2022-06-29,sell,516160,869600,1.348,234.44416,filled,
2022-06-29,buy,516090,1387400,0.815,226.14620000000002,filled,
2022-07-06,sell,516090,1387400,0.823,228.36604,filled,
2022-07-06,buy,512010,1986100,0.572,227.20984,filled,
2022-07-13,sell,515030,1126900,2.254,508.00652,filled,
2022-07-13,buy,515790,1100300,1.67,367.5002,filled,
2022-07-20,sell,512010,1986100,0.527,209.33494000000002,filled,
2022-07-20,buy,516520,1393100,1.035,288.37170000000003,filled,
2022-07-27,sell,515790,1100300,1.704,374.98224,filled,
2022-07-27,sell,516520,1393100,1.01,281.4062,filled,
2022-07-27,buy,511380,201600,11.712,472.22783999999996,filled,
2022-07-27,buy,511260,19900,118.31,470.8738,filled,
2022-08-03,sell,511380,201600,11.786,475.21152000000006,filled,
2022-08-03,sell,511260,19900,119.035,473.7593,filled,
2022-08-03,buy,516520,2240500,1.06,474.98600000000005,filled,
2022-08-03,buy,159985,1530200,1.552,474.97408,filled,
2022-08-10,sell,516520,2240500,1.064,476.77840000000003,filled,
2022-08-10,sell,159985,1530200,1.602,490.27608,filled,
2022-08-10,buy,588000,2003900,1.206,483.34068,filled,
2022-08-10,buy,512480,2317100,1.043,483.34706,filled,
2022-08-17,sell,588000,2003900,1.189,476.52742000000006,filled,
2022-08-17,buy,159801,958800,1.242,238.16592000000003,filled,
2022-08-24,sell,512480,2317100,0.996,461.56632,filled,
2022-08-24,sell,159801,958800,1.23,235.8648,filled,
2022-08-24,buy,159985,1391800,1.68,467.64480000000003,filled,
2022-08-24,buy,515220,873100,2.678,467.63236,filled,
2022-08-31,sell,159985,1391800,1.629,453.44844000000006,filled,
2022-08-31,buy,512880,1233200,0.919,226.66216000000003,filled,
2022-09-07,sell,512880,1233200,0.927,228.63528000000005,filled,
2022-09-07,buy,512100,412400,2.759,227.56231999999997,filled,
2022-09-15,sell,515220,873100,2.722,475.3156400000001,filled,
2022-09-15,buy,159985,1013200,1.734,351.37776,filled,
2022-10-13,sell,512100,412400,2.456,202.57088000000002,filled,
2022-10-13,buy,518850,359500,3.851,276.8869,filled,
2022-10-20,sell,159985,1013200,1.75,354.62,filled,
2022-10-20,sell,518850,359500,3.838,275.9522,filled,
2022-10-20,buy,159883,3321100,0.683,453.66226000000006,filled,
2022-10-20,buy,159992,2473600,0.917,453.65824000000003,filled,
2022-11-03,sell,159883,3321100,0.672,446.35584000000006,filled,
2022-11-03,sell,159992,2473600,0.945,467.5104,filled,
2022-11-03,buy,512720,2152400,1.061,456.73928,filled,
2022-11-03,buy,159998,2836900,0.805,456.7409,filled,
2022-11-10,sell,512720,2152400,1.052,452.86496000000005,filled,
2022-11-10,sell,159998,2836900,0.807,457.8756600000001,filled,
2022-11-10,buy,159859,3838100,0.593,455.19865999999996,filled,
2022-11-10,buy,159992,2370800,0.96,455.1936,filled,
2022-11-17,sell,159859,3838100,0.61,468.2482,filled,
2022-11-17,sell,159992,2370800,0.985,467.04760000000005,filled,
2022-11-17,buy,512480,2605700,0.897,467.46258,filled,
2022-11-17,buy,159998,2785800,0.839,467.45723999999996,filled,
2022-11-24,sell,512480,2605700,0.88,458.6032,filled,
2022-11-24,sell,159998,2785800,0.828,461.32848,filled,
2022-11-24,buy,512980,3991200,0.576,459.78623999999996,filled,
2022-11-24,buy,512200,3192900,0.72,459.7776,filled,
2022-12-01,sell,512980,3991200,0.597,476.54928,filled,
2022-12-01,buy,512800,1096600,1.086,238.18152000000003,filled,
2022-12-08,sell,512200,3192900,0.762,486.59796,filled,
2022-12-08,sell,512800,1096600,1.07,234.6724,filled,
2022-12-08,buy,515650,1916800,1.251,479.58335999999997,filled,
2022-12-08,buy,512690,2942200,0.815,479.57860000000005,filled,
2023-01-06,sell,515650,1916800,1.301,498.75136,filled,
2023-01-06,buy,159859,2000600,0.623,249.27476000000001,filled,
2023-01-13,sell,512690,2942200,0.894,526.06536,filled,
2023-01-13,buy,515790,1330900,1.456,387.55808,filled,
2023-01-20,sell,515790,1330900,1.471,391.55078000000003,filled,
2023-01-20,buy,159992,1847600,1.054,389.4740800000001,filled,
2023-02-03,sell,159859,2000600,0.644,257.67728000000005,filled,
2023-02-03,sell,159992,1847600,1.025,378.758,filled,
2023-02-03,buy,159819,3317200,0.773,512.8391200000001,filled,
2023-02-03,buy,512400,2067900,1.24,512.8392,filled,
2023-02-10,sell,512400,2067900,1.211,500.8453800000001,filled,
2023-02-10,buy,159998,1337200,0.936,250.32384000000005,filled,
2023-02-17,sell,159998,1337200,0.938,250.85871999999998,filled,
2023-02-17,buy,512720,1022600,1.225,250.537,filled,
2023-02-24,sell,159819,3317200,0.793,526.10792,filled,
2023-02-24,sell,512720,1022600,1.203,246.03756,filled,
2023-02-24,buy,515210,1782400,1.434,511.19232000000005,filled,
2023-02-24,buy,512980,3797800,0.673,511.1838800000001,filled,
2023-03-03,sell,515210,1782400,1.44,513.3312000000001,filled,
2023-03-03,buy,159819,1549300,0.828,256.56408,filled,
2023-03-10,sell,512980,3797800,0.686,521.05816,filled,
2023-03-10,sell,159819,1549300,0.807,250.05702000000002,filled,
2023-03-10,buy,515210,1815100,1.415,513.6733,filled,
2023-03-10,buy,515180,1983300,1.295,513.6747,filled,
2023-03-17,sell,515210,1815100,1.384,502.41968,filled,
2023-03-17,sell,515180,1983300,1.284,509.31144000000006,filled,
2023-03-17,buy,518850,600200,4.212,505.60848,filled,
2023-03-17,buy,518880,605100,4.178,505.62156,filled,
2023-03-24,sell,518850,600200,4.307,517.0122800000001,filled,
2023-03-24,sell,518880,605100,4.28,517.9656,filled,
2023-03-24,buy,512980,3299400,0.784,517.3459200000001,filled,
2023-03-24,buy,159819,2811600,0.92,517.3344000000001,filled,
2023-03-31,sell,159819,2811600,0.908,510.5865600000001,filled,
2023-03-31,buy,512480,1318100,0.968,255.18416000000002,filled,
2023-04-17,sell,512480,1318100,1.083,285.50046000000003,filled,
2023-04-17,buy,159995,1058300,1.277,270.28981999999996,filled,
2023-04-24,sell,159995,1058300,1.185,250.8171,filled,
2023-04-24,buy,588000,1126700,1.156,260.49304,filled,
2023-05-04,sell,588000,1126700,1.125,253.50750000000002,filled,
2023-05-04,buy,515180,960200,1.338,256.94952,filled,
2023-05-11,sell,515180,960200,1.36,261.1744,filled,
2023-05-11,buy,512800,1137000,1.139,259.0086,filled,
2023-05-18,sell,512980,3299400,0.868,572.77584,filled,
2023-05-18,buy,515220,936900,2.219,415.79622,filled,
2023-05-25,sell,512800,1137000,1.076,244.6824,filled,
2023-05-25,sell,515220,936900,2.137,400.43106,filled,
2023-05-25,buy,518880,612800,4.327,530.31712,filled,
2023-05-25,buy,518850,608700,4.356,530.29944,filled,
2023-06-01,sell,518880,612800,4.373,535.95488,filled,
2023-06-01,sell,518850,608700,4.403,536.02122,filled,
2023-06-01,buy,516520,2973300,0.901,535.78866,filled,
2023-06-01,buy,159819,2986500,0.897,535.7781,filled,
2023-06-08,sell,516520,2973300,0.904,537.5726400000001,filled,
2023-06-08,buy,512480,1471400,0.913,268.67764,filled,
2023-06-15,sell,512480,1471400,0.943,277.50604,filled,
2023-06-15,buy,512980,1373400,0.994,273.03192,filled,
2023-06-26,sell,512980,1373400,0.923,253.52964,filled,
2023-06-26,buy,159998,1232400,1.068,263.24064000000004,filled,
2023-07-03,sell,159819,2986500,0.908,542.3484,filled,
2023-07-03,sell,159998,1232400,1.0,246.48000000000002,filled,
2023-07-03,buy,159985,1313300,2.002,525.8453199999999,filled,
2023-07-03,buy,516520,2713500,0.969,525.8763,filled,
2023-07-17,sell,516520,2713500,1.003,544.3281,filled,
2023-07-17,buy,515790,1121500,1.213,272.0759,filled,
2023-07-24,sell,515790,1121500,1.156,259.2908,filled,
2023-07-24,buy,515220,633900,2.095,265.6041000000001,filled,
2023-07-31,sell,515220,633900,2.132,270.29496,filled,
2023-07-31,buy,512880,1305600,1.026,267.90912000000003,filled,
2023-08-07,sell,159985,1313300,2.16,567.3456,filled,
2023-08-07,buy,512200,2995100,0.697,417.51694000000003,filled,
2023-08-21,sell,512200,2995100,0.658,394.15516,filled,
2023-08-21,buy,159985,864400,2.347,405.74936,filled,
2023-08-28,sell,512880,1305600,1.098,286.70976,filled,
2023-08-28,buy,518880,390000,4.438,346.16400000000004,filled,
2023-09-04,sell,518880,390000,4.491,350.29799999999994,filled,
2023-09-04,buy,515220,797500,2.183,348.1885,filled,
2023-09-18,sell,159985,864400,2.3,397.62399999999997,filled,
2023-09-18,buy,512480,2262300,0.824,372.82704,filled,
2023-09-25,sell,512480,2262300,0.815,368.75489999999996,filled,
2023-09-25,buy,159992,2277100,0.814,370.71188,filled,
2023-10-17,sell,515220,797500,2.265,361.26750000000004,filled,
2023-10-17,buy,159859,3711100,0.493,365.91446,filled,
2023-10-24,sell,159992,2277100,0.817,372.07814,filled,
2023-10-24,sell,159859,3711100,0.471,349.58562,filled,
2023-10-24,buy,518850,590500,4.603,543.6143000000001,filled,
2023-10-24,buy,518880,594200,4.574,543.57416,filled,
2023-10-31,sell,518850,590500,4.632,547.0392,filled,
2023-10-31,sell,518880,594200,4.617,548.6842800000001,filled,
2023-10-31,buy,159859,5466000,0.501,547.6932,filled,
2023-10-31,buy,159992,3133300,0.874,547.7008400000001,filled,
2023-11-07,sell,159859,5466000,0.514,561.9048,filled,
2023-11-07,sell,159992,3133300,0.894,560.23404,filled,
2023-11-07,buy,512480,3212200,0.873,560.8501200000001,filled,
2023-11-07,buy,159995,2765500,1.014,560.8434,filled,
2023-11-14,sell,159995,2765500,1.006,556.4186000000001,filled,
2023-11-14,buy,588200,1178300,1.18,278.0788,filled,
2023-11-21,sell,512480,3212200,0.867,556.99548,filled,
2023-11-21,buy,512980,2622100,0.796,417.43832000000003,filled,
2023-11-28,sell,588200,1178300,1.163,274.07258,filled,
2023-11-28,buy,515220,738300,2.341,345.67206000000004,filled,
2023-12-19,sell,512980,2622100,0.785,411.66970000000003,filled,
2023-12-19,buy,518880,412900,4.584,378.54672,filled,
2023-12-26,sell,518880,412900,4.638,383.00604,filled,
2023-12-26,buy,518850,408100,4.665,380.75730000000004,filled,
2024-01-03,sell,515220,738300,2.392,353.20272,filled,
2024-01-03,sell,518850,408100,4.68,381.9816,filled,
2024-01-03,buy,515790,3206000,0.87,557.844,filled,
2024-01-03,buy,516090,7079200,0.394,557.8409600000001,filled,
2024-01-10,sell,516090,7079200,0.381,539.4350400000001,filled,
2024-01-10,buy,515220,551100,2.446,269.59812000000005,filled,
2024-01-17,sell,515220,551100,2.4,264.528,filled,
2024-01-17,buy,516160,2105800,0.634,267.01544,filled,
2024-01-24,sell,516160,2105800,0.613,258.17108,filled,
2024-01-24,buy,512800,1226800,1.07,262.53520000000003,filled,
2024-01-31,sell,515790,3206000,0.772,495.00640000000004,filled,
2024-01-31,buy,515180,1515900,1.249,378.67182,filled,
2024-02-07,sell,515180,1515900,1.262,382.61316000000005,filled,
2024-02-07,buy,510050,808000,2.355,380.56800000000004,filled,
2024-02-22,sell,510050,808000,2.44,394.30400000000003,filled,
2024-02-22,buy,515220,751500,2.577,387.3231,filled,
2024-02-29,sell,512800,1226800,1.154,283.14544,filled,
2024-02-29,buy,515180,1272600,1.317,335.20284,filled,
2024-03-07,sell,515220,751500,2.704,406.41120000000006,filled,
2024-03-07,sell,515180,1272600,1.35,343.60200000000003,filled,
2024-03-07,buy,159819,3504400,0.774,542.48112,filled,
2024-03-07,buy,159998,3459700,0.784,542.4809600000001,filled,
2024-03-21,sell,159998,3459700,0.801,554.2439400000001,filled,
2024-03-21,buy,512720,1451800,0.954,277.00344,filled,
2024-03-28,sell,159819,3504400,0.72,504.6336,filled,
2024-03-28,sell,512720,1451800,0.86,249.70960000000002,filled,
2024-03-28,buy,159985,1212400,2.126,515.51248,filled,
2024-03-28,buy,512400,2598400,0.992,515.52256,filled,
2024-04-08,sell,159985,1212400,2.143,519.63464,filled,
2024-04-08,buy,518880,245500,5.289,259.6899,filled,
2024-04-22,sell,512400,2598400,1.117,580.48256,filled,
2024-04-22,buy,518850,381900,5.498,419.93724000000003,filled,
2024-04-29,sell,518880,245500,5.299,260.1809,filled,
2024-04-29,buy,512400,1568600,1.084,340.07248000000004,filled,
2024-05-09,sell,518850,381900,5.27,402.52259999999995,filled,
2024-05-09,sell,512400,1568600,1.074,336.93528000000003,filled,
2024-05-09,buy,159985,1168000,2.31,539.616,filled,
2024-05-09,buy,159883,5015000,0.538,539.614,filled,
2024-05-16,sell,159985,1168000,2.291,535.1776,filled,
2024-05-16,sell,159883,5015000,0.533,534.599,filled,
2024-05-16,buy,512200,5500800,0.486,534.67776,filled,
2024-05-16,buy,515650,2229600,1.199,534.6580800000002,filled,
2024-05-23,sell,515650,2229600,1.191,531.09072,filled,
2024-05-23,buy,159883,2542600,0.522,265.44744000000003,filled,
2024-05-30,sell,159883,2542600,0.508,258.32816,filled,
2024-05-30,buy,515220,977000,1.34,261.836,filled,
2024-06-06,sell,515220,977000,1.282,250.5028,filled,
2024-06-06,buy,159801,3020300,0.424,256.12144,filled,
2024-06-14,sell,512200,5500800,0.46,506.0736,filled,
2024-06-14,sell,159801,3020300,0.433,261.55798,filled,
2024-06-14,buy,512480,3495300,0.732,511.71192,filled,
2024-06-14,buy,588200,2637700,0.97,511.71380000000005,filled,
2024-06-28,sell,588200,2637700,0.93,490.61220000000003,filled,
2024-06-28,buy,159801,2905400,0.422,245.21576000000002,filled,
2024-07-05,sell,512480,3495300,0.688,480.95328,filled,
2024-07-05,sell,159801,2905400,0.412,239.40496000000002,filled,
2024-07-05,buy,512800,1897200,1.272,482.64768,filled,
2024-07-05,buy,518850,443600,5.44,482.63680000000005,filled,
2024-07-12,sell,518850,443600,5.483,486.45176,filled,
2024-07-12,buy,516520,1407000,0.864,243.1296,filled,
2024-07-19,sell,516520,1407000,0.858,241.4412,filled,
2024-07-19,buy,518880,221900,5.458,242.22604,filled,
2024-07-26,sell,518880,221900,5.312,235.74656000000002,filled,
2024-07-26,buy,159995,1371700,0.871,238.95014,filled,
2024-08-02,sell,512800,1897200,1.271,482.26824,filled,
2024-08-02,buy,588200,1809800,0.996,360.51216000000005,filled,
2024-08-09,sell,159995,1371700,0.855,234.5607,filled,
2024-08-09,sell,588200,1809800,0.962,348.20552,filled,
2024-08-09,buy,159992,3660900,0.644,471.52392000000003,filled,
2024-08-09,buy,512880,2882200,0.818,471.52791999999994,filled,
2024-08-16,sell,159992,3660900,0.626,458.34468,filled,
2024-08-16,buy,512200,960100,1.193,229.07986000000002,filled,
2024-08-23,sell,512880,2882200,0.786,453.08184000000006,filled,
2024-08-23,buy,518850,308500,5.526,340.9542,filled,
2024-08-30,sell,518850,308500,5.552,342.55839999999995,filled,
2024-08-30,buy,518880,309000,5.528,341.63039999999995,filled,
2024-09-13,sell,512200,960100,1.133,217.55866000000003,filled,
2024-09-13,sell,518880,309000,5.613,346.88340000000005,filled,
2024-09-13,buy,159985,1163300,1.947,452.98902000000004,filled,
2024-09-13,buy,515030,2422500,0.935,453.00750000000005,filled,
2024-09-24,sell,159985,1163300,1.961,456.24626000000006,filled,
2024-09-24,sell,515030,2422500,0.913,442.3485,filled,
2024-09-24,buy,512200,1808100,1.242,449.1320400000001,filled,
2024-09-24,buy,516160,1408800,1.594,449.1254400000001,filled,
2024-10-08,sell,512200,1808100,1.855,670.8051,filled,
2024-10-08,buy,159949,1384300,1.211,335.27746,filled,
2024-10-15,sell,159949,1384300,0.954,264.12444,filled,
2024-10-15,buy,588200,1173200,1.277,299.63528,filled,
2024-10-29,sell,516160,1408800,2.214,623.8166400000001,filled,
2024-10-29,buy,512480,2352700,0.981,461.59974000000005,filled,
2024-11-05,sell,588200,1173200,1.351,316.99864,filled,
2024-11-05,buy,159801,3373000,0.577,389.2442,filled,
2024-11-12,sell,512480,2352700,1.124,528.88696,filled,
2024-11-12,sell,159801,3373000,0.678,457.3788,filled,
2024-11-12,buy,159998,3403700,1.01,687.5474,filled,
2024-11-12,buy,512720,2876800,1.195,687.5552,filled,
2024-11-19,sell,159998,3403700,0.878,597.6897200000001,filled,
2024-11-19,sell,512720,2876800,1.046,601.8265600000001,filled,
2024-11-19,buy,512200,1859500,1.612,599.5028,filled,
2024-11-19,buy,515210,2396200,1.251,599.52924,filled,
2024-11-26,sell,512200,1859500,1.569,583.5111,filled,
2024-11-26,sell,515210,2396200,1.238,593.29912,filled,
2024-11-26,buy,512720,2764000,1.064,588.1792,filled,
2024-11-26,buy,159998,3326800,0.884,588.1782400000001,filled,
2024-12-03,sell,159998,3326800,0.931,619.4501600000001,filled,
2024-12-03,buy,512980,1849500,0.837,309.60630000000003,filled,
2024-12-10,sell,512720,2764000,1.143,631.8504,filled,
2024-12-10,buy,512800,1629500,1.444,470.5996,filled,
2024-12-17,sell,512800,1629500,1.427,465.0593,filled,
2024-12-17,buy,512100,919600,2.543,467.7085600000001,filled,
2024-12-24,sell,512980,1849500,0.812,300.35880000000003,filled,
2024-12-24,sell,512100,919600,2.48,456.1216,filled,
2024-12-24,buy,588200,2038500,1.501,611.9577,filled,
2024-12-24,buy,512480,2947800,1.038,611.96328,filled,
2024-12-31,sell,588200,2038500,1.527,622.5579,filled,
2024-12-31,sell,512480,2947800,1.055,621.9858,filled,
2024-12-31,buy,512800,2072000,1.501,622.0144,filled,
2024-12-31,buy,159995,2437400,1.276,622.02448,filled,
2025-01-08,sell,159995,2437400,1.181,575.71388,filled,
2025-01-08,buy,511260,10500,136.473,286.59330000000006,filled,
2025-01-15,sell,512800,2072000,1.458,604.1952,filled,
2025-01-15,sell,511260,10500,136.342,286.31820000000005,filled,
2025-01-15,buy,159801,4840200,0.609,589.53636,filled,
2025-01-15,buy,159995,2410200,1.223,589.53492,filled,
2025-01-22,sell,159801,4840200,0.609,589.53636,filled,
2025-01-22,sell,159995,2410200,1.224,590.01696,filled,
2025-01-22,buy,159985,1523300,1.935,589.5171,filled,
2025-01-22,buy,518850,475400,6.2,589.496,filled,
2025-02-06,sell,518850,475400,6.466,614.78728,filled,
2025-02-06,buy,518880,238500,6.441,307.2357,filled,
2025-02-13,sell,159985,1523300,1.921,585.2518600000001,filled,
2025-02-13,sell,518880,238500,6.564,313.1028,filled,
2025-02-13,buy,159998,2989500,1.008,602.6832,filled,
2025-02-13,buy,516520,2515400,1.198,602.68984,filled,
2025-02-20,sell,516520,2515400,1.204,605.7083200000001,filled,
2025-02-20,buy,512720,1253000,1.208,302.7248,filled,
2025-03-06,sell,159998,2989500,1.024,612.2496,filled,
2025-03-06,sell,512720,1253000,1.25,313.25,filled,
2025-03-06,buy,588200,1829300,1.678,613.91308,filled,
2025-03-06,buy,515030,2275500,1.349,613.9299,filled,
2025-03-13,sell,515030,2275500,1.339,609.3789,filled,
2025-03-13,buy,512690,2440600,0.624,304.58688,filled,
2025-03-20,sell,588200,1829300,1.621,593.05906,filled,
2025-03-20,buy,512400,2006700,1.118,448.69812,filled,
2025-04-03,sell,512690,2440600,0.611,298.24132,filled,
2025-04-03,sell,512400,2006700,1.066,427.82844000000006,filled,
2025-04-03,buy,518880,411500,7.135,587.2105,filled,
2025-04-03,buy,518850,410300,7.156,587.22136,filled,
2025-05-14,sell,518880,411500,7.309,601.5307,filled,
2025-05-14,sell,518850,410300,7.345,602.7307000000001,filled,
2025-05-14,buy,159949,3289100,0.915,601.9053,filled,
2025-05-14,buy,515030,2411500,1.248,601.9104,filled,
2025-05-28,sell,159949,3289100,0.885,582.1707,filled,
2025-05-28,sell,515030,2411500,1.217,586.9591,filled,
2025-05-28,buy,159992,3829200,0.763,584.3359200000001,filled,
2025-05-28,buy,159859,8253400,0.354,584.3407199999999,filled,
2025-06-05,sell,159859,8253400,0.375,619.005,filled,
2025-06-05,buy,512800,942000,1.642,309.3528,filled,
2025-06-12,sell,512800,942000,1.658,312.3672,filled,
2025-06-12,buy,159859,4166500,0.373,310.8209,filled,
2025-06-19,sell,159992,3829200,0.786,601.9502400000001,filled,
2025-06-19,sell,159859,4166500,0.362,301.6546,filled,
2025-06-19,buy,512400,2751700,1.103,607.02502,filled,
2025-06-19,buy,512800,1806600,1.68,607.0176,filled,
2025-06-26,sell,512400,2751700,1.11,610.8774000000001,filled,
2025-06-26,buy,512880,1317200,1.159,305.32696000000004,filled,
2025-07-03,sell,512800,1806600,1.742,629.4194400000001,filled,
2025-07-03,sell,512880,1317200,1.126,296.63344,filled,
2025-07-03,buy,512400,2632600,1.169,615.50188,filled,
2025-07-03,buy,515790,4473100,0.688,615.49856,filled,
2025-07-10,sell,512400,2632600,1.135,597.6002,filled,
2025-07-10,buy,516090,3909500,0.382,298.68580000000003,filled,
2025-07-17,sell,516090,3909500,0.379,296.3401,filled,
2025-07-17,buy,159949,1481300,1.004,297.44504,filled,
2025-07-24,sell,515790,4473100,0.733,655.75646,filled,
2025-07-24,sell,159949,1481300,1.047,310.18422,filled,
2025-07-24,buy,515210,2263400,1.395,631.4886,filled,
2025-07-24,buy,515220,2854900,1.106,631.5038800000001,filled,
2025-07-31,sell,515210,2263400,1.446,654.57528,filled,
2025-07-31,sell,515220,2854900,1.075,613.8035,filled,
2025-07-31,buy,159859,7371500,0.43,633.9490000000001,filled,
2025-07-31,buy,159992,3415700,0.928,633.95392,filled,
2025-08-07,sell,159859,7371500,0.423,623.6289,filled,
2025-08-07,buy,159819,1445600,1.078,311.67136000000005,filled,
2025-08-14,sell,159992,3415700,0.937,640.1021800000001,filled,
2025-08-14,buy,512400,1792600,1.327,475.75604,filled,
2025-08-21,sell,512400,1792600,1.355,485.7946,filled,
2025-08-21,buy,588200,1287300,1.867,480.67782000000005,filled,
2025-09-11,sell,159819,1445600,1.379,398.69648,filled,
2025-09-11,sell,588200,1287300,1.981,510.0282600000001,filled,
2025-09-11,buy,516090,7204800,0.482,694.54272,filled,
2025-09-11,buy,515030,2147600,1.617,694.53384,filled,
2025-09-18,sell,516090,7204800,0.509,733.4486400000001,filled,
2025-09-18,buy,159949,1247700,1.469,366.57426000000004,filled,
2025-09-25,sell,159949,1247700,1.497,373.56138000000004,filled,
2025-09-25,buy,516160,693900,2.666,369.98748,filled,
2025-10-17,sell,515030,2147600,1.799,772.70648,filled,
2025-10-17,sell,516160,693900,2.78,385.80839999999995,filled,
2025-10-17,buy,512480,2595200,1.472,764.02688,filled,
2025-10-17,buy,588200,1601000,2.386,763.9972,filled,
2025-10-24,sell,512480,2595200,1.474,765.06496,filled,
2025-10-24,sell,588200,1601000,2.407,770.7214,filled,
2025-10-24,buy,518880,424100,9.048,767.45136,filled,
2025-10-24,buy,518850,421800,9.099,767.5916400000001,filled,
2025-10-31,sell,518880,424100,8.81,747.2642000000001,filled,
2025-10-31,sell,518850,421800,8.886,749.62296,filled,
2025-10-31,buy,512400,2106500,1.776,748.2288000000001,filled,
2025-10-31,buy,516090,6506300,0.575,748.2244999999999,filled,
2025-11-07,sell,512400,2106500,1.724,726.3212000000001,filled,
2025-11-07,sell,516090,6506300,0.586,762.53836,filled,
2025-11-07,buy,515220,3005300,1.238,744.11228,filled,
2025-11-07,buy,515790,3520000,1.057,744.128,filled,
2025-11-14,sell,515220,3005300,1.224,735.69744,filled,
2025-11-14,sell,515790,3520000,1.04,732.1600000000001,filled,
2025-11-14,buy,516090,6144400,0.597,733.64136,filled,
2025-11-14,buy,516160,1204600,3.045,733.6014,filled,
2025-11-28,sell,516090,6144400,0.54,663.5952,filled,
2025-11-28,sell,516160,1204600,2.769,667.1074800000001,filled,
2025-11-28,buy,159985,1640600,2.027,665.0992400000001,filled,
2025-11-28,buy,512800,3954300,0.841,665.11326,filled,
2025-12-05,sell,159985,1640600,1.959,642.7870800000001,filled,
2025-12-05,sell,512800,3954300,0.829,655.62294,filled,
2025-12-05,buy,518880,356800,9.094,648.9478399999999,filled,
2025-12-05,buy,518850,354800,9.144,648.85824,filled,
2025-12-12,sell,518880,356800,9.201,656.5833600000001,filled,
2025-12-12,sell,518850,354800,9.278,658.3668800000002,filled,
2025-12-12,buy,159819,2211500,1.486,657.2578,filled,
2025-12-12,buy,512660,2693700,1.22,657.2628000000001,filled,
2025-12-19,sell,159819,2211500,1.482,655.4886,filled,
2025-12-19,buy,518850,174700,9.372,327.45768,filled,
2025-12-26,sell,518850,174700,9.74,340.3156,filled,
2025-12-26,buy,512400,891500,1.873,333.95590000000004,filled,
2026-01-13,sell,512400,891500,2.119,377.81770000000006,filled,
2026-01-13,buy,512980,1317900,1.35,355.8330000000001,filled,
2026-01-27,sell,512660,2693700,1.483,798.9514200000001,filled,
2026-01-27,buy,512400,1209600,2.386,577.22112,filled,
2026-02-03,sell,512400,1209600,2.189,529.56288,filled,
2026-02-03,buy,515790,2575800,1.074,553.2818400000001,filled,
2026-02-10,sell,512980,1317900,1.225,322.88550000000004,filled,
2026-02-10,buy,518850,202900,10.791,437.89878,filled,
2026-02-25,sell,515790,2575800,1.105,569.2518,filled,
2026-02-25,buy,515220,2142900,1.175,503.5815,filled,
2026-03-04,sell,518850,202900,11.093,450.15394000000003,filled,
2026-03-04,buy,515180,1610700,1.48,476.7672,filled,
2026-03-11,sell,515180,1610700,1.45,467.103,filled,
2026-03-11,buy,518880,213900,11.026,471.69228,filled,
2026-03-18,sell,518880,213900,10.638,455.09364000000005,filled,
2026-03-18,buy,159985,1025300,2.26,463.4356,filled,
2026-04-01,sell,515220,2142900,1.205,516.4389,filled,
2026-04-01,sell,159985,1025300,2.058,422.01348,filled,
2026-04-01,buy,159859,9221000,0.38,700.796,filled,
2026-04-01,buy,159992,4221600,0.83,700.7856,filled,
2026-04-16,sell,159859,9221000,0.4,737.6800000000001,filled,
2026-04-16,sell,159992,4221600,0.869,733.71408,filled,
2026-04-16,buy,159819,2253000,1.632,735.3792,filled,
2026-04-16,buy,159949,2186100,1.682,735.40404,filled,
2026-04-23,sell,159949,2186100,1.811,791.80542,filled,
2026-04-23,buy,588200,705400,2.805,395.7294,filled,
2026-04-30,sell,159819,2253000,1.757,791.7041999999999,filled,
2026-04-30,buy,512480,1695000,1.751,593.589,filled,
2026-05-12,sell,512480,1695000,2.01,681.39,filled,
2026-05-12,buy,159995,1380100,2.309,637.3301800000002,filled,
2026-05-26,sell,588200,705400,3.889,548.66012,filled,
2026-05-26,buy,159801,2179800,1.36,592.9056,filled,
2026-06-09,sell,159995,1380100,2.361,651.68322,filled,
2026-06-09,sell,159801,2179800,1.166,508.32936,filled,
2026-06-09,buy,515220,3262200,1.343,876.22692,filled,
2026-06-09,buy,512800,5581100,0.785,876.2327,filled,
2026-06-16,sell,515220,3262200,1.248,814.24512,filled,
2026-06-16,sell,512800,5581100,0.8,892.976,filled,
2026-06-16,buy,512480,1907100,2.237,853.2365400000001,filled,
2026-06-16,buy,159995,1689600,2.525,853.248,filled,
2026-06-24,sell,512480,1907100,2.471,942.4888200000001,filled,
2026-06-24,sell,159995,1689600,2.81,949.5552,filled,
2026-06-24,buy,512880,4206700,1.124,945.6661600000002,filled,
2026-06-24,buy,588200,1150100,4.111,945.61222,filled,
2026-07-01,sell,512880,4206700,1.122,943.9834800000001,filled,
2026-07-01,buy,512480,785000,3.005,471.785,filled,
2026-07-08,sell,512480,785000,1.342,210.69400000000002,filled,
2026-07-08,buy,159801,1152000,1.481,341.2224,filled,
2026-07-15,sell,159801,1152000,1.49,343.296,filled,
2026-07-15,buy,159992,1957700,0.874,342.20596,filled,
2026-07-22,sell,588200,1150100,1.302,299.48604,filled,
2026-07-22,buy,159859,4155400,0.386,320.79688000000004,filled,
