signal_date,execution_date,action,code
2012-01-11,2012-01-12,initial_buy,510050
2012-12-27,2012-12-28,replace,159915
2013-06-14,2013-06-17,replace,510300
2013-06-14,2013-06-17,replace,510050
2013-06-28,2013-07-01,replace,510300
2013-06-28,2013-07-01,replace,510050
2013-07-05,2013-07-08,replace,510300
2013-07-05,2013-07-08,replace,510050
2013-08-16,2013-08-19,replace,510050
2013-08-16,2013-08-19,replace,159915
2013-08-23,2013-08-26,replace,510050
2013-08-23,2013-08-26,replace,159915
2013-08-30,2013-09-02,replace,510050
2013-08-30,2013-09-02,replace,159915
2013-09-06,2013-09-09,replace,510300
2013-09-06,2013-09-09,replace,159915
2013-10-08,2013-10-09,replace,510300
2013-10-08,2013-10-09,replace,510050
2013-10-29,2013-10-30,replace,510050
2013-10-29,2013-10-30,replace,159915
2013-11-26,2013-11-27,replace,510050
2013-11-26,2013-11-27,replace,159915
2013-12-03,2013-12-04,replace,510050
2013-12-03,2013-12-04,replace,159915
2013-12-17,2013-12-18,replace,510050
2013-12-17,2013-12-18,replace,159915
2014-01-22,2014-01-23,replace,510300
2014-01-22,2014-01-23,replace,510050
2014-02-26,2014-02-27,replace,510300
2014-02-26,2014-02-27,replace,510050
2014-03-12,2014-03-13,replace,510050
2014-03-12,2014-03-13,replace,159915
2014-03-19,2014-03-20,replace,510300
2014-03-19,2014-03-20,replace,159915
2014-03-26,2014-03-27,replace,510300
2014-03-26,2014-03-27,replace,159915
2014-05-05,2014-05-06,replace,510300
2014-05-05,2014-05-06,replace,511010
2014-05-26,2014-05-27,replace,159915
2014-05-26,2014-05-27,replace,510050
2014-06-10,2014-06-11,replace,510500
2014-06-10,2014-06-11,replace,511010
2014-06-24,2014-06-25,replace,510500
2014-06-24,2014-06-25,replace,511010
2014-07-01,2014-07-02,replace,510500
2014-07-01,2014-07-02,replace,511010
2014-07-15,2014-07-16,replace,510300
2014-07-15,2014-07-16,replace,159915
2014-07-29,2014-07-30,replace,510500
2014-07-29,2014-07-30,replace,510050
2014-08-19,2014-08-20,replace,510500
2014-08-19,2014-08-20,replace,510050
2014-08-26,2014-08-27,replace,510300
2014-08-26,2014-08-27,replace,159915
2014-10-22,2014-10-23,replace,511010
2014-10-22,2014-10-23,replace,159915
2014-11-05,2014-11-06,replace,510300
2014-11-05,2014-11-06,replace,510500
2014-11-12,2014-11-13,replace,510050
2014-11-12,2014-11-13,replace,511010
2014-11-19,2014-11-20,replace,510500
2014-11-19,2014-11-20,replace,510050
2014-11-26,2014-11-27,replace,510500
2014-11-26,2014-11-27,replace,510050
2015-01-23,2015-01-26,replace,510300
2015-01-23,2015-01-26,replace,159915
2015-01-30,2015-02-02,replace,510500
2015-01-30,2015-02-02,replace,510050
2015-02-06,2015-02-09,replace,510500
2015-02-06,2015-02-09,replace,518880
2015-02-13,2015-02-16,replace,510500
2015-02-13,2015-02-16,replace,518880
2015-04-13,2015-04-14,replace,510300
2015-04-20,2015-04-21,replace,510300
2015-04-20,2015-04-21,replace,510500
2015-04-20,2015-04-21,replace,510050
2015-04-20,2015-04-21,replace,159915
2015-05-05,2015-05-06,replace,510050
2015-05-05,2015-05-06,replace,159915
2015-06-09,2015-06-10,replace,159928
2015-06-09,2015-06-10,replace,159915
2015-06-24,2015-06-25,replace,510500
2015-06-24,2015-06-25,replace,511010
2015-07-01,2015-07-02,replace,518880
2015-07-01,2015-07-02,replace,159928
2015-07-29,2015-07-30,replace,159915
2015-07-29,2015-07-30,replace,518880
2015-08-05,2015-08-06,replace,510500
2015-08-05,2015-08-06,replace,511010
2015-08-12,2015-08-13,replace,159928
2015-08-12,2015-08-13,replace,159915
2015-08-19,2015-08-20,replace,159928
2015-08-19,2015-08-20,replace,518880
2015-08-26,2015-08-27,replace,510500
2015-08-26,2015-08-27,replace,511010
2015-09-25,2015-09-28,replace,159915
2015-09-25,2015-09-28,replace,510050
2015-09-25,2015-09-28,replace,518880
2015-09-25,2015-09-28,replace,511010
2015-10-09,2015-10-12,replace,510500
2015-10-09,2015-10-12,replace,510050
2015-12-04,2015-12-07,replace,510500
2015-12-04,2015-12-07,replace,511010
2015-12-04,2015-12-07,replace,159928
2015-12-04,2015-12-07,replace,159915
2015-12-11,2015-12-14,replace,518880
2015-12-11,2015-12-14,replace,159928
2015-12-18,2015-12-21,replace,518880
2015-12-18,2015-12-21,replace,159928
2015-12-25,2015-12-28,replace,510300
2015-12-25,2015-12-28,replace,511010
2016-01-04,2016-01-05,replace,510300
2016-01-04,2016-01-05,replace,518880
2016-01-11,2016-01-12,replace,511010
2016-01-11,2016-01-12,replace,159928
2016-02-15,2016-02-16,replace,159915
2016-02-15,2016-02-16,replace,511010
2016-02-29,2016-03-01,replace,159915
2016-02-29,2016-03-01,replace,511010
2016-03-07,2016-03-08,replace,511010
2016-03-07,2016-03-08,replace,510050
2016-03-14,2016-03-15,replace,159928
2016-03-14,2016-03-15,replace,518880
2016-03-21,2016-03-22,replace,510300
2016-03-21,2016-03-22,replace,159928
2016-03-28,2016-03-29,replace,510500
2016-03-28,2016-03-29,replace,510300
2016-03-28,2016-03-29,replace,510050
2016-03-28,2016-03-29,replace,159915
2016-04-26,2016-04-27,replace,510500
2016-04-26,2016-04-27,replace,510050
2016-04-26,2016-04-27,replace,518880
2016-04-26,2016-04-27,replace,159915
2016-05-04,2016-05-05,replace,510050
2016-05-04,2016-05-05,replace,159928
2016-05-25,2016-05-26,replace,511010
2016-05-25,2016-05-26,replace,518880
2016-06-08,2016-06-13,replace,159915
2016-06-08,2016-06-13,replace,510500
2016-06-08,2016-06-13,replace,159928
2016-06-08,2016-06-13,replace,511010
2016-06-24,2016-06-27,replace,510500
2016-06-24,2016-06-27,replace,518880
2016-07-01,2016-07-04,replace,159915
2016-07-01,2016-07-04,replace,159928
2016-07-15,2016-07-18,replace,510500
2016-07-15,2016-07-18,replace,518880
2016-07-29,2016-08-01,replace,510300
2016-07-29,2016-08-01,replace,510500
2016-08-12,2016-08-15,replace,510300
2016-08-12,2016-08-15,replace,510050
2016-08-12,2016-08-15,replace,159928
2016-08-12,2016-08-15,replace,511010
2016-08-19,2016-08-22,replace,512010
2016-08-19,2016-08-22,replace,511010
2016-08-26,2016-08-29,replace,510300
2016-08-26,2016-08-29,replace,512010
2016-08-26,2016-08-29,replace,510050
2016-08-26,2016-08-29,replace,510500
2016-09-02,2016-09-05,replace,510500
2016-09-02,2016-09-05,replace,510050
2016-09-09,2016-09-12,replace,510500
2016-09-09,2016-09-12,replace,510300
2016-09-09,2016-09-12,replace,510050
2016-09-09,2016-09-12,replace,159915
2016-09-20,2016-09-21,replace,512010
2016-09-20,2016-09-21,replace,510500
2016-09-20,2016-09-21,replace,511010
2016-09-20,2016-09-21,replace,159915
2016-09-27,2016-09-28,replace,512010
2016-09-27,2016-09-28,replace,518880
2016-10-11,2016-10-12,replace,510500
2016-10-11,2016-10-12,replace,512010
2016-10-11,2016-10-12,replace,511010
2016-10-11,2016-10-12,replace,518880
2016-10-25,2016-10-26,replace,512010
2016-10-25,2016-10-26,replace,510050
2016-11-01,2016-11-02,replace,510500
2016-11-01,2016-11-02,replace,159928
2016-11-15,2016-11-16,replace,510300
2016-11-15,2016-11-16,replace,159928
2016-12-13,2016-12-14,replace,510300
2016-12-13,2016-12-14,replace,159928
2016-12-20,2016-12-21,replace,512010
2016-12-20,2016-12-21,replace,510050
2016-12-27,2016-12-28,replace,159928
2016-12-27,2016-12-28,replace,511010
2017-01-04,2017-01-05,replace,518880
2017-01-04,2017-01-05,replace,511010
2017-01-11,2017-01-12,replace,159928
2017-01-11,2017-01-12,replace,518880
2017-01-18,2017-01-19,replace,512010
2017-01-18,2017-01-19,replace,510050
2017-01-18,2017-01-19,replace,159928
2017-01-18,2017-01-19,replace,518880
2017-01-25,2017-01-26,replace,159928
2017-01-25,2017-01-26,replace,518880
2017-02-08,2017-02-09,replace,159928
2017-02-08,2017-02-09,replace,518880
2017-02-22,2017-02-23,replace,510500
2017-02-22,2017-02-23,replace,510050
2017-02-22,2017-02-23,replace,159928
2017-02-22,2017-02-23,replace,518880
2017-03-08,2017-03-09,replace,510500
2017-03-08,2017-03-09,replace,159915
2017-03-22,2017-03-23,replace,512010
2017-03-22,2017-03-23,replace,159915
2017-04-14,2017-04-17,replace,159928
2017-04-14,2017-04-17,replace,518880
2017-04-21,2017-04-24,replace,512010
2017-04-21,2017-04-24,replace,159928
2017-04-28,2017-05-02,replace,512010
2017-04-28,2017-05-02,replace,159928
2017-05-08,2017-05-09,replace,512010
2017-05-08,2017-05-09,replace,511010
2017-05-08,2017-05-09,replace,159928
2017-05-08,2017-05-09,replace,518880
2017-05-15,2017-05-16,replace,512010
2017-05-15,2017-05-16,replace,510050
2017-05-15,2017-05-16,replace,159928
2017-05-15,2017-05-16,replace,511010
2017-06-07,2017-06-08,replace,510300
2017-06-07,2017-06-08,replace,512010
2017-06-14,2017-06-15,replace,510300
2017-06-14,2017-06-15,replace,510050
2017-06-14,2017-06-15,replace,512010
2017-06-14,2017-06-15,replace,159928
2017-06-21,2017-06-22,replace,510300
2017-06-21,2017-06-22,replace,512010
2017-06-28,2017-06-29,replace,510300
2017-06-28,2017-06-29,replace,512010
2017-07-05,2017-07-06,replace,512010
2017-07-05,2017-07-06,replace,510500
2017-07-12,2017-07-13,replace,510300
2017-07-12,2017-07-13,replace,510500
2017-07-12,2017-07-13,replace,510050
2017-07-12,2017-07-13,replace,159928
2017-08-09,2017-08-10,replace,510500
2017-08-09,2017-08-10,replace,510300
2017-08-09,2017-08-10,replace,510050
2017-08-09,2017-08-10,replace,159928
2017-08-16,2017-08-17,replace,510500
2017-08-16,2017-08-17,replace,159949
2017-08-23,2017-08-24,replace,159928
2017-08-23,2017-08-24,replace,159915
2017-09-13,2017-09-14,replace,510500
2017-09-13,2017-09-14,replace,159949
2017-09-13,2017-09-14,replace,512880
2017-09-13,2017-09-14,replace,159915
2017-09-27,2017-09-28,replace,510500
2017-09-27,2017-09-28,replace,512660
2017-09-27,2017-09-28,replace,159928
2017-09-27,2017-09-28,replace,512880
2017-10-11,2017-10-12,replace,512010
2017-10-11,2017-10-12,replace,512660
2017-11-15,2017-11-16,replace,512010
2017-11-15,2017-11-16,replace,510050
2017-11-29,2017-11-30,replace,510300
2017-11-29,2017-11-30,replace,159928
2017-12-06,2017-12-07,replace,510300
2017-12-06,2017-12-07,replace,511010
2017-12-13,2017-12-14,replace,510050
2017-12-13,2017-12-14,replace,159928
2017-12-27,2017-12-28,replace,512010
2017-12-27,2017-12-28,replace,511010
2018-01-11,2018-01-12,replace,512010
2018-01-11,2018-01-12,replace,510050
2018-01-25,2018-01-26,replace,159928
2018-01-25,2018-01-26,replace,512880
2018-02-08,2018-02-09,replace,511010
2018-02-08,2018-02-09,replace,512880
2018-02-22,2018-02-23,replace,510050
2018-02-22,2018-02-23,replace,518880
2018-03-01,2018-03-02,replace,159949
2018-03-01,2018-03-02,replace,518880
2018-03-08,2018-03-09,replace,159915
2018-03-08,2018-03-09,replace,511010
2018-03-22,2018-03-23,replace,512010
2018-03-22,2018-03-23,replace,159915
2018-03-29,2018-03-30,replace,159949
2018-03-29,2018-03-30,replace,512660
2018-04-23,2018-04-24,replace,512010
2018-04-23,2018-04-24,replace,511010
2018-05-02,2018-05-03,replace,512010
2018-05-02,2018-05-03,replace,512660
2018-05-09,2018-05-10,replace,159928
2018-05-09,2018-05-10,replace,511010
2018-06-13,2018-06-14,replace,512010
2018-06-13,2018-06-14,replace,518880
2018-06-21,2018-06-22,replace,511010
2018-06-21,2018-06-22,replace,518880
2018-06-28,2018-06-29,replace,518880
2018-06-28,2018-06-29,replace,159928
2018-07-19,2018-07-20,replace,512660
2018-07-19,2018-07-20,replace,159949
2018-07-19,2018-07-20,replace,518880
2018-07-19,2018-07-20,replace,511010
2018-08-02,2018-08-03,replace,510300
2018-08-02,2018-08-03,replace,159949
2018-08-02,2018-08-03,replace,512660
2018-08-02,2018-08-03,replace,510050
2018-08-09,2018-08-10,replace,510300
2018-08-09,2018-08-10,replace,511010
2018-08-16,2018-08-17,replace,510050
2018-08-16,2018-08-17,replace,512800
2018-08-23,2018-08-24,replace,518880
2018-08-23,2018-08-24,replace,512800
2018-08-30,2018-08-31,replace,512660
2018-08-30,2018-08-31,replace,518880
2018-08-30,2018-08-31,replace,512800
2018-08-30,2018-08-31,replace,511010
2018-09-06,2018-09-07,replace,512800
2018-09-06,2018-09-07,replace,511010
2018-09-13,2018-09-14,replace,512800
2018-09-13,2018-09-14,replace,511010
2018-09-28,2018-10-08,replace,159928
2018-09-28,2018-10-08,replace,512660
2018-10-12,2018-10-15,replace,159928
2018-10-12,2018-10-15,replace,518880
2018-11-02,2018-11-05,replace,512880
2018-11-02,2018-11-05,replace,512800
2018-11-09,2018-11-12,replace,512200
2018-11-09,2018-11-12,replace,518880
2018-11-23,2018-11-26,replace,512010
2018-11-23,2018-11-26,replace,512200
2018-11-23,2018-11-26,replace,512100
2018-11-23,2018-11-26,replace,512880
2018-11-30,2018-12-03,replace,512010
2018-11-30,2018-12-03,replace,512200
2018-12-07,2018-12-10,replace,512200
2018-12-07,2018-12-10,replace,159928
2018-12-14,2018-12-17,replace,512100
2018-12-14,2018-12-17,replace,518880
2018-12-21,2018-12-24,replace,511010
2018-12-21,2018-12-24,replace,159928
2019-01-08,2019-01-09,replace,512880
2019-01-08,2019-01-09,replace,511010
2019-01-15,2019-01-16,replace,512660
2019-01-15,2019-01-16,replace,518880
2019-01-22,2019-01-23,replace,512660
2019-01-22,2019-01-23,replace,159928
2019-02-12,2019-02-13,replace,512010
2019-02-12,2019-02-13,replace,512880
2019-02-26,2019-02-27,replace,512010
2019-02-26,2019-02-27,replace,159949
2019-02-26,2019-02-27,replace,159928
2019-02-26,2019-02-27,replace,512880
2019-03-05,2019-03-06,replace,159915
2019-03-05,2019-03-06,replace,512880
2019-03-12,2019-03-13,replace,159949
2019-03-12,2019-03-13,replace,512980
2019-03-26,2019-03-27,replace,512980
2019-03-26,2019-03-27,replace,512200
2019-03-26,2019-03-27,replace,512100
2019-03-26,2019-03-27,replace,159915
2019-04-02,2019-04-03,replace,512100
2019-04-02,2019-04-03,replace,159928
2019-04-17,2019-04-18,replace,510050
2019-04-17,2019-04-18,replace,512200
2019-05-06,2019-05-07,replace,510050
2019-05-06,2019-05-07,replace,518880
2019-05-06,2019-05-07,replace,159928
2019-05-06,2019-05-07,replace,511010
2019-05-13,2019-05-14,replace,511260
2019-05-13,2019-05-14,replace,518880
2019-05-20,2019-05-21,replace,159928
2019-05-20,2019-05-21,replace,518880
2019-05-20,2019-05-21,replace,511260
2019-05-20,2019-05-21,replace,511010
2019-05-27,2019-05-28,replace,511260
2019-05-27,2019-05-28,replace,159928
2019-06-03,2019-06-04,replace,512400
2019-06-03,2019-06-04,replace,512660
2019-06-03,2019-06-04,replace,511260
2019-06-03,2019-06-04,replace,518880
2019-06-11,2019-06-12,replace,512660
2019-06-11,2019-06-12,replace,159928
2019-06-18,2019-06-19,replace,159928
2019-06-18,2019-06-19,replace,518880
2019-06-25,2019-06-26,replace,512400
2019-06-25,2019-06-26,replace,512880
2019-07-02,2019-07-03,replace,159928
2019-07-02,2019-07-03,replace,518880
2019-07-09,2019-07-10,replace,512010
2019-07-09,2019-07-10,replace,518880
2019-07-09,2019-07-10,replace,159928
2019-07-09,2019-07-10,replace,512880
2019-07-16,2019-07-17,replace,512010
2019-07-16,2019-07-17,replace,512880
2019-07-16,2019-07-17,replace,512660
2019-07-16,2019-07-17,replace,518880
2019-07-23,2019-07-24,replace,159915
2019-07-23,2019-07-24,replace,512880
2019-07-30,2019-07-31,replace,518880
2019-07-30,2019-07-31,replace,159915
2019-08-06,2019-08-07,replace,512660
2019-08-06,2019-08-07,replace,511260
2019-08-13,2019-08-14,replace,512400
2019-08-13,2019-08-14,replace,511260
2019-08-20,2019-08-21,replace,512400
2019-08-20,2019-08-21,replace,159949
2019-08-27,2019-08-28,replace,512010
2019-08-27,2019-08-28,replace,159949
2019-09-03,2019-09-04,replace,512660
2019-09-03,2019-09-04,replace,518880
2019-09-10,2019-09-11,replace,512010
2019-09-10,2019-09-11,replace,512980
2019-09-10,2019-09-11,replace,512660
2019-09-10,2019-09-11,replace,159949
2019-09-18,2019-09-19,replace,512100
2019-09-18,2019-09-19,replace,159949
2019-09-25,2019-09-26,replace,512100
2019-09-25,2019-09-26,replace,159949
2019-10-09,2019-10-10,replace,512980
2019-10-09,2019-10-10,replace,512200
2019-10-09,2019-10-10,replace,512800
2019-10-09,2019-10-10,replace,159949
2019-10-23,2019-10-24,replace,512010
2019-10-23,2019-10-24,replace,512200
2019-11-13,2019-11-14,replace,159928
2019-11-13,2019-11-14,replace,512800
2019-11-20,2019-11-21,replace,159949
2019-11-20,2019-11-21,replace,159928
2019-11-27,2019-11-28,replace,512400
2019-11-27,2019-11-28,replace,512010
2019-12-04,2019-12-05,replace,159949
2019-12-04,2019-12-05,replace,512980
2019-12-18,2019-12-19,replace,512400
2019-12-18,2019-12-19,replace,512880
2020-01-09,2020-01-10,replace,512400
2020-01-09,2020-01-10,replace,512880
2020-01-23,2020-02-03,replace,512400
2020-01-23,2020-02-03,replace,512980
2020-01-23,2020-02-03,replace,159915
2020-01-23,2020-02-03,replace,159949
2020-03-06,2020-03-09,replace,512880
2020-03-06,2020-03-09,replace,159949
2020-03-06,2020-03-09,replace,512100
2020-03-06,2020-03-09,replace,159915
2020-03-13,2020-03-16,replace,512660
2020-03-13,2020-03-16,replace,512100
2020-03-20,2020-03-23,replace,511010
2020-03-20,2020-03-23,replace,512660
2020-03-20,2020-03-23,replace,511260
2020-03-20,2020-03-23,replace,512880
2020-03-27,2020-03-30,replace,512010
2020-03-27,2020-03-30,replace,159928
2020-03-27,2020-03-30,replace,511260
2020-03-27,2020-03-30,replace,511010
2020-04-03,2020-04-07,replace,512010
2020-04-03,2020-04-07,replace,511260
2020-04-03,2020-04-07,replace,159928
2020-04-03,2020-04-07,replace,511010
2020-04-13,2020-04-14,replace,512010
2020-04-13,2020-04-14,replace,518880
2020-04-13,2020-04-14,replace,511260
2020-04-13,2020-04-14,replace,511010
2020-04-20,2020-04-21,replace,159928
2020-04-20,2020-04-21,replace,518880
2020-05-07,2020-05-08,replace,512010
2020-05-07,2020-05-08,replace,159949
2020-05-07,2020-05-08,replace,159928
2020-05-07,2020-05-08,replace,159915
2020-05-21,2020-05-22,replace,159949
2020-05-21,2020-05-22,replace,512690
2020-05-21,2020-05-22,replace,518880
2020-05-21,2020-05-22,replace,159915
2020-05-28,2020-05-29,replace,512400
2020-05-28,2020-05-29,replace,518880
2020-06-04,2020-06-05,replace,512400
2020-06-04,2020-06-05,replace,512100
2020-06-11,2020-06-12,replace,159949
2020-06-11,2020-06-12,replace,512100
2020-06-18,2020-06-19,replace,512690
2020-06-18,2020-06-19,replace,512980
2020-06-29,2020-06-30,replace,512010
2020-06-29,2020-06-30,replace,512980
2020-07-06,2020-07-07,replace,512010
2020-07-06,2020-07-07,replace,159949
2020-07-06,2020-07-07,replace,512200
2020-07-06,2020-07-07,replace,512880
2020-07-13,2020-07-14,replace,512480
2020-07-13,2020-07-14,replace,512200
2020-07-20,2020-07-21,replace,512480
2020-07-20,2020-07-21,replace,512660
2020-07-27,2020-07-28,replace,512400
2020-07-27,2020-07-28,replace,512880
2020-08-03,2020-08-04,replace,512400
2020-08-03,2020-08-04,replace,512010
2020-08-10,2020-08-11,replace,512010
2020-08-10,2020-08-11,replace,518880
2020-08-17,2020-08-18,replace,159928
2020-08-17,2020-08-18,replace,518880
2020-08-31,2020-09-01,replace,512690
2020-08-31,2020-09-01,replace,512660
2020-09-21,2020-09-22,replace,512800
2020-09-21,2020-09-22,replace,159928
2020-09-28,2020-09-29,replace,511260
2020-09-28,2020-09-29,replace,512690
2020-09-28,2020-09-29,replace,512800
2020-09-28,2020-09-29,replace,511010
2020-10-13,2020-10-14,replace,159915
2020-10-13,2020-10-14,replace,159949
2020-10-13,2020-10-14,replace,511260
2020-10-13,2020-10-14,replace,511010
2020-10-27,2020-10-28,replace,512690
2020-10-27,2020-10-28,replace,159915
2020-11-10,2020-11-11,replace,512400
2020-11-10,2020-11-11,replace,159949
2020-12-01,2020-12-02,replace,512690
2020-12-01,2020-12-02,replace,512800
2020-12-08,2020-12-09,replace,512660
2020-12-08,2020-12-09,replace,512800
2020-12-15,2020-12-16,replace,512400
2020-12-15,2020-12-16,replace,512690
2020-12-22,2020-12-23,replace,512010
2020-12-22,2020-12-23,replace,512660
2021-01-06,2021-01-07,replace,512010
2021-01-06,2021-01-07,replace,512660
2021-01-13,2021-01-14,replace,159985
2021-01-13,2021-01-14,replace,512690
2021-01-20,2021-01-21,replace,159985
2021-01-20,2021-01-21,replace,159949
2021-01-27,2021-01-28,replace,512660
2021-01-27,2021-01-28,replace,159915
2021-02-03,2021-02-04,replace,512800
2021-02-03,2021-02-04,replace,159915
2021-02-10,2021-02-18,replace,512010
2021-02-10,2021-02-18,replace,159949
2021-02-10,2021-02-18,replace,515650
2021-02-10,2021-02-18,replace,512800
2021-02-24,2021-02-25,replace,512400
2021-02-24,2021-02-25,replace,512010
2021-03-03,2021-03-04,replace,515180
2021-03-03,2021-03-04,replace,515650
2021-03-10,2021-03-11,replace,512400
2021-03-10,2021-03-11,replace,512200
2021-03-17,2021-03-18,replace,515210
2021-03-17,2021-03-18,replace,512200
2021-03-17,2021-03-18,replace,515180
2021-03-17,2021-03-18,replace,515220
2021-03-24,2021-03-25,replace,515180
2021-03-24,2021-03-25,replace,515220
2021-03-31,2021-04-01,replace,515210
2021-03-31,2021-04-01,replace,515180
2021-03-31,2021-04-01,replace,511260
2021-03-31,2021-04-01,replace,511010
2021-04-08,2021-04-09,replace,515210
2021-04-08,2021-04-09,replace,512690
2021-04-08,2021-04-09,replace,511260
2021-04-08,2021-04-09,replace,511010
2021-04-29,2021-04-30,replace,515210
2021-04-29,2021-04-30,replace,159949
2021-05-11,2021-05-12,replace,515210
2021-05-11,2021-05-12,replace,159949
2021-05-11,2021-05-12,replace,512690
2021-05-11,2021-05-12,replace,515220
2021-05-18,2021-05-19,replace,515210
2021-05-18,2021-05-19,replace,512010
2021-05-18,2021-05-19,replace,159992
2021-05-18,2021-05-19,replace,515220
2021-05-25,2021-05-26,replace,159949
2021-05-25,2021-05-26,replace,159992
2021-06-01,2021-06-02,replace,512010
2021-06-01,2021-06-02,replace,159949
2021-06-01,2021-06-02,replace,515030
2021-06-01,2021-06-02,replace,512660
2021-06-08,2021-06-09,replace,512480
2021-06-08,2021-06-09,replace,512660
2021-06-16,2021-06-17,replace,159995
2021-06-16,2021-06-17,replace,515030
2021-07-07,2021-07-08,replace,512480
2021-07-07,2021-07-08,replace,515030
2021-07-14,2021-07-15,replace,159995
2021-07-14,2021-07-15,replace,512400
2021-07-28,2021-07-29,replace,515210
2021-07-28,2021-07-29,replace,515030
2021-08-04,2021-08-05,replace,515210
2021-08-04,2021-08-05,replace,512660
2021-08-11,2021-08-12,replace,512400
2021-08-11,2021-08-12,replace,515220
2021-09-01,2021-09-02,replace,515210
2021-09-01,2021-09-02,replace,512660
2021-10-08,2021-10-11,replace,515210
2021-10-08,2021-10-11,replace,512690
2021-10-08,2021-10-11,replace,159928
2021-10-08,2021-10-11,replace,515220
2021-10-22,2021-10-25,replace,515650
2021-10-22,2021-10-25,replace,512690
2021-10-29,2021-11-01,replace,515650
2021-10-29,2021-11-01,replace,515030
2021-11-05,2021-11-08,replace,512660
2021-11-05,2021-11-08,replace,159928
2021-11-12,2021-11-15,replace,159995
2021-11-12,2021-11-15,replace,515030
2021-11-19,2021-11-22,replace,159995
2021-11-19,2021-11-22,replace,512980
2021-12-03,2021-12-06,replace,512400
2021-12-03,2021-12-06,replace,515210
2021-12-03,2021-12-06,replace,512980
2021-12-03,2021-12-06,replace,512660
2021-12-10,2021-12-13,replace,512400
2021-12-10,2021-12-13,replace,512690
2021-12-17,2021-12-20,replace,512690
2021-12-17,2021-12-20,replace,515220
2021-12-24,2021-12-27,replace,515210
2021-12-24,2021-12-27,replace,512980
2021-12-31,2022-01-04,replace,512200
2021-12-31,2022-01-04,replace,515220
2022-01-24,2022-01-25,replace,512980
2022-01-24,2022-01-25,replace,512800
2022-02-07,2022-02-08,replace,159985
2022-02-07,2022-02-08,replace,512200
2022-02-14,2022-02-15,replace,512800
2022-02-14,2022-02-15,replace,515220
2022-02-28,2022-03-01,replace,512400
2022-02-28,2022-03-01,replace,515220
2022-03-07,2022-03-08,replace,512400
2022-03-07,2022-03-08,replace,515220
2022-03-14,2022-03-15,replace,515790
2022-03-14,2022-03-15,replace,515220
2022-03-28,2022-03-29,replace,515790
2022-03-28,2022-03-29,replace,515220
2022-04-06,2022-04-07,replace,159985
2022-04-06,2022-04-07,replace,512200
2022-04-06,2022-04-07,replace,159992
2022-04-06,2022-04-07,replace,515220
2022-04-13,2022-04-14,replace,159992
2022-04-13,2022-04-14,replace,515220
2022-04-27,2022-04-28,replace,512200
2022-04-27,2022-04-28,replace,512690
2022-04-27,2022-04-28,replace,515650
2022-04-27,2022-04-28,replace,515220
2022-05-09,2022-05-10,replace,512690
2022-05-09,2022-05-10,replace,518880
2022-05-09,2022-05-10,replace,515650
2022-05-09,2022-05-10,replace,518850
2022-05-16,2022-05-17,replace,516520
2022-05-16,2022-05-17,replace,518850
2022-05-16,2022-05-17,replace,159985
2022-05-16,2022-05-17,replace,518880
2022-05-23,2022-05-24,replace,516520
2022-05-23,2022-05-24,replace,159985
2022-05-23,2022-05-24,replace,515790
2022-05-23,2022-05-24,replace,515030
2022-06-07,2022-06-08,replace,516090
2022-06-07,2022-06-08,replace,515790
2022-06-14,2022-06-15,replace,516090
2022-06-14,2022-06-15,replace,515220
2022-06-21,2022-06-22,replace,516160
2022-06-21,2022-06-22,replace,515220
2022-06-28,2022-06-29,replace,516090
2022-06-28,2022-06-29,replace,516160
2022-07-05,2022-07-06,replace,516090
2022-07-05,2022-07-06,replace,512010
2022-07-12,2022-07-13,replace,515790
2022-07-12,2022-07-13,replace,515030
2022-07-19,2022-07-20,replace,516520
2022-07-19,2022-07-20,replace,512010
2022-07-26,2022-07-27,replace,516520
2022-07-26,2022-07-27,replace,515790
2022-07-26,2022-07-27,replace,511260
2022-07-26,2022-07-27,replace,511380
2022-08-02,2022-08-03,replace,516520
2022-08-02,2022-08-03,replace,159985
2022-08-02,2022-08-03,replace,511260
2022-08-02,2022-08-03,replace,511380
2022-08-09,2022-08-10,replace,588000
2022-08-09,2022-08-10,replace,516520
2022-08-09,2022-08-10,replace,159985
2022-08-09,2022-08-10,replace,512480
2022-08-16,2022-08-17,replace,588000
2022-08-16,2022-08-17,replace,159801
2022-08-23,2022-08-24,replace,159801
2022-08-23,2022-08-24,replace,512480
2022-08-23,2022-08-24,replace,159985
2022-08-23,2022-08-24,replace,515220
2022-08-30,2022-08-31,replace,512880
2022-08-30,2022-08-31,replace,159985
2022-09-06,2022-09-07,replace,512880
2022-09-06,2022-09-07,replace,512100
2022-09-14,2022-09-15,replace,159985
2022-09-14,2022-09-15,replace,515220
2022-10-12,2022-10-13,replace,518850
2022-10-12,2022-10-13,replace,512100
2022-10-19,2022-10-20,replace,159985
2022-10-19,2022-10-20,replace,518850
2022-10-19,2022-10-20,replace,159992
2022-10-19,2022-10-20,replace,159883
2022-11-02,2022-11-03,replace,159998
2022-11-02,2022-11-03,replace,159992
2022-11-02,2022-11-03,replace,159883
2022-11-02,2022-11-03,replace,512720
2022-11-09,2022-11-10,replace,159998
2022-11-09,2022-11-10,replace,159859
2022-11-09,2022-11-10,replace,159992
2022-11-09,2022-11-10,replace,512720
2022-11-16,2022-11-17,replace,159998
2022-11-16,2022-11-17,replace,512480
2022-11-16,2022-11-17,replace,159859
2022-11-16,2022-11-17,replace,159992
2022-11-23,2022-11-24,replace,512200
2022-11-23,2022-11-24,replace,159998
2022-11-23,2022-11-24,replace,512480
2022-11-23,2022-11-24,replace,512980
2022-11-30,2022-12-01,replace,512980
2022-11-30,2022-12-01,replace,512800
2022-12-07,2022-12-08,replace,515650
2022-12-07,2022-12-08,replace,512200
2022-12-07,2022-12-08,replace,512690
2022-12-07,2022-12-08,replace,512800
2023-01-05,2023-01-06,replace,515650
2023-01-05,2023-01-06,replace,159859
2023-01-12,2023-01-13,replace,515790
2023-01-12,2023-01-13,replace,512690
2023-01-19,2023-01-20,replace,515790
2023-01-19,2023-01-20,replace,159992
2023-02-02,2023-02-03,replace,512400
2023-02-02,2023-02-03,replace,159819
2023-02-02,2023-02-03,replace,159859
2023-02-02,2023-02-03,replace,159992
2023-02-09,2023-02-10,replace,512400
2023-02-09,2023-02-10,replace,159998
2023-02-16,2023-02-17,replace,159998
2023-02-16,2023-02-17,replace,512720
2023-02-23,2023-02-24,replace,515210
2023-02-23,2023-02-24,replace,159819
2023-02-23,2023-02-24,replace,512980
2023-02-23,2023-02-24,replace,512720
2023-03-02,2023-03-03,replace,515210
2023-03-02,2023-03-03,replace,159819
2023-03-09,2023-03-10,replace,515210
2023-03-09,2023-03-10,replace,159819
2023-03-09,2023-03-10,replace,512980
2023-03-09,2023-03-10,replace,515180
2023-03-16,2023-03-17,replace,515210
2023-03-16,2023-03-17,replace,515180
2023-03-16,2023-03-17,replace,518880
2023-03-16,2023-03-17,replace,518850
2023-03-23,2023-03-24,replace,512980
2023-03-23,2023-03-24,replace,518850
2023-03-23,2023-03-24,replace,159819
2023-03-23,2023-03-24,replace,518880
2023-03-30,2023-03-31,replace,512480
2023-03-30,2023-03-31,replace,159819
2023-04-14,2023-04-17,replace,159995
2023-04-14,2023-04-17,replace,512480
2023-04-21,2023-04-24,replace,159995
2023-04-21,2023-04-24,replace,588000
2023-04-28,2023-05-04,replace,588000
2023-04-28,2023-05-04,replace,515180
2023-05-10,2023-05-11,replace,515180
2023-05-10,2023-05-11,replace,512800
2023-05-17,2023-05-18,replace,512980
2023-05-17,2023-05-18,replace,515220
2023-05-24,2023-05-25,replace,518850
2023-05-24,2023-05-25,replace,518880
2023-05-24,2023-05-25,replace,512800
2023-05-24,2023-05-25,replace,515220
2023-05-31,2023-06-01,replace,516520
2023-05-31,2023-06-01,replace,518850
2023-05-31,2023-06-01,replace,159819
2023-05-31,2023-06-01,replace,518880
2023-06-07,2023-06-08,replace,516520
2023-06-07,2023-06-08,replace,512480
2023-06-14,2023-06-15,replace,512980
2023-06-14,2023-06-15,replace,512480
2023-06-21,2023-06-26,replace,159998
2023-06-21,2023-06-26,replace,512980
2023-06-30,2023-07-03,replace,516520
2023-06-30,2023-07-03,replace,159998
2023-06-30,2023-07-03,replace,159819
2023-06-30,2023-07-03,replace,159985
2023-07-14,2023-07-17,replace,516520
2023-07-14,2023-07-17,replace,515790
2023-07-21,2023-07-24,replace,515790
2023-07-21,2023-07-24,replace,515220
2023-07-28,2023-07-31,replace,512880
2023-07-28,2023-07-31,replace,515220
2023-08-04,2023-08-07,replace,159985
2023-08-04,2023-08-07,replace,512200
2023-08-18,2023-08-21,replace,159985
2023-08-18,2023-08-21,replace,512200
2023-08-25,2023-08-28,replace,518880
2023-08-25,2023-08-28,replace,512880
2023-09-01,2023-09-04,replace,515220
2023-09-01,2023-09-04,replace,518880
2023-09-15,2023-09-18,replace,159985
2023-09-15,2023-09-18,replace,512480
2023-09-22,2023-09-25,replace,512480
2023-09-22,2023-09-25,replace,159992
2023-10-16,2023-10-17,replace,159859
2023-10-16,2023-10-17,replace,515220
2023-10-23,2023-10-24,replace,159859
2023-10-23,2023-10-24,replace,159992
2023-10-23,2023-10-24,replace,518880
2023-10-23,2023-10-24,replace,518850
2023-10-30,2023-10-31,replace,518850
2023-10-30,2023-10-31,replace,159859
2023-10-30,2023-10-31,replace,159992
2023-10-30,2023-10-31,replace,518880
2023-11-06,2023-11-07,replace,159995
2023-11-06,2023-11-07,replace,512480
2023-11-06,2023-11-07,replace,159859
2023-11-06,2023-11-07,replace,159992
2023-11-13,2023-11-14,replace,159995
2023-11-13,2023-11-14,replace,588200
2023-11-20,2023-11-21,replace,512480
2023-11-20,2023-11-21,replace,512980
2023-11-27,2023-11-28,replace,588200
2023-11-27,2023-11-28,replace,515220
2023-12-18,2023-12-19,replace,512980
2023-12-18,2023-12-19,replace,518880
2023-12-25,2023-12-26,replace,518850
2023-12-25,2023-12-26,replace,518880
2024-01-02,2024-01-03,replace,516090
2024-01-02,2024-01-03,replace,515790
2024-01-02,2024-01-03,replace,518850
2024-01-02,2024-01-03,replace,515220
2024-01-09,2024-01-10,replace,516090
2024-01-09,2024-01-10,replace,515220
2024-01-16,2024-01-17,replace,516160
2024-01-16,2024-01-17,replace,515220
2024-01-23,2024-01-24,replace,516160
2024-01-23,2024-01-24,replace,512800
2024-01-30,2024-01-31,replace,515790
2024-01-30,2024-01-31,replace,515180
2024-02-06,2024-02-07,replace,510050
2024-02-06,2024-02-07,replace,515180
2024-02-21,2024-02-22,replace,510050
2024-02-21,2024-02-22,replace,515220
2024-02-28,2024-02-29,replace,515180
2024-02-28,2024-02-29,replace,512800
2024-03-06,2024-03-07,replace,159998
2024-03-06,2024-03-07,replace,159819
2024-03-06,2024-03-07,replace,515180
2024-03-06,2024-03-07,replace,515220
2024-03-20,2024-03-21,replace,159998
2024-03-20,2024-03-21,replace,512720
2024-03-27,2024-03-28,replace,512400
2024-03-27,2024-03-28,replace,159819
2024-03-27,2024-03-28,replace,159985
2024-03-27,2024-03-28,replace,512720
2024-04-03,2024-04-08,replace,159985
2024-04-03,2024-04-08,replace,518880
2024-04-19,2024-04-22,replace,512400
2024-04-19,2024-04-22,replace,518850
2024-04-26,2024-04-29,replace,512400
2024-04-26,2024-04-29,replace,518880
2024-05-08,2024-05-09,replace,512400
2024-05-08,2024-05-09,replace,159985
2024-05-08,2024-05-09,replace,518850
2024-05-08,2024-05-09,replace,159883
2024-05-15,2024-05-16,replace,159985
2024-05-15,2024-05-16,replace,512200
2024-05-15,2024-05-16,replace,159883
2024-05-15,2024-05-16,replace,515650
2024-05-22,2024-05-23,replace,159883
2024-05-22,2024-05-23,replace,515650
2024-05-29,2024-05-30,replace,159883
2024-05-29,2024-05-30,replace,515220
2024-06-05,2024-06-06,replace,159801
2024-06-05,2024-06-06,replace,515220
2024-06-13,2024-06-14,replace,159801
2024-06-13,2024-06-14,replace,512480
2024-06-13,2024-06-14,replace,512200
2024-06-13,2024-06-14,replace,588200
2024-06-27,2024-06-28,replace,159801
2024-06-27,2024-06-28,replace,588200
2024-07-04,2024-07-05,replace,159801
2024-07-04,2024-07-05,replace,512480
2024-07-04,2024-07-05,replace,518850
2024-07-04,2024-07-05,replace,512800
2024-07-11,2024-07-12,replace,516520
2024-07-11,2024-07-12,replace,518850
2024-07-18,2024-07-19,replace,516520
2024-07-18,2024-07-19,replace,518880
2024-07-25,2024-07-26,replace,159995
2024-07-25,2024-07-26,replace,518880
2024-08-01,2024-08-02,replace,588200
2024-08-01,2024-08-02,replace,512800
2024-08-08,2024-08-09,replace,159995
2024-08-08,2024-08-09,replace,588200
2024-08-08,2024-08-09,replace,159992
2024-08-08,2024-08-09,replace,512880
2024-08-15,2024-08-16,replace,512200
2024-08-15,2024-08-16,replace,159992
2024-08-22,2024-08-23,replace,518850
2024-08-22,2024-08-23,replace,512880
2024-08-29,2024-08-30,replace,518880
2024-08-29,2024-08-30,replace,518850
2024-09-12,2024-09-13,replace,515030
2024-09-12,2024-09-13,replace,159985
2024-09-12,2024-09-13,replace,512200
2024-09-12,2024-09-13,replace,518880
2024-09-23,2024-09-24,replace,512200
2024-09-23,2024-09-24,replace,516160
2024-09-23,2024-09-24,replace,159985
2024-09-23,2024-09-24,replace,515030
2024-09-30,2024-10-08,replace,159949
2024-09-30,2024-10-08,replace,512200
2024-10-14,2024-10-15,replace,159949
2024-10-14,2024-10-15,replace,588200
2024-10-28,2024-10-29,replace,516160
2024-10-28,2024-10-29,replace,512480
2024-11-04,2024-11-05,replace,159801
2024-11-04,2024-11-05,replace,588200
2024-11-11,2024-11-12,replace,159801
2024-11-11,2024-11-12,replace,159998
2024-11-11,2024-11-12,replace,512480
2024-11-11,2024-11-12,replace,512720
2024-11-18,2024-11-19,replace,159998
2024-11-18,2024-11-19,replace,512200
2024-11-18,2024-11-19,replace,515210
2024-11-18,2024-11-19,replace,512720
2024-11-25,2024-11-26,replace,515210
2024-11-25,2024-11-26,replace,512200
2024-11-25,2024-11-26,replace,159998
2024-11-25,2024-11-26,replace,512720
2024-12-02,2024-12-03,replace,159998
2024-12-02,2024-12-03,replace,512980
2024-12-09,2024-12-10,replace,512800
2024-12-09,2024-12-10,replace,512720
2024-12-16,2024-12-17,replace,512100
2024-12-16,2024-12-17,replace,512800
2024-12-23,2024-12-24,replace,512980
2024-12-23,2024-12-24,replace,588200
2024-12-23,2024-12-24,replace,512100
2024-12-23,2024-12-24,replace,512480
2024-12-30,2024-12-31,replace,159995
2024-12-30,2024-12-31,replace,512480
2024-12-30,2024-12-31,replace,588200
2024-12-30,2024-12-31,replace,512800
2025-01-07,2025-01-08,replace,159995
2025-01-07,2025-01-08,replace,511260
2025-01-14,2025-01-15,replace,159801
2025-01-14,2025-01-15,replace,512800
2025-01-14,2025-01-15,replace,511260
2025-01-14,2025-01-15,replace,159995
2025-01-21,2025-01-22,replace,159801
2025-01-21,2025-01-22,replace,159985
2025-01-21,2025-01-22,replace,518850
2025-01-21,2025-01-22,replace,159995
2025-02-05,2025-02-06,replace,518850
2025-02-05,2025-02-06,replace,518880
2025-02-12,2025-02-13,replace,516520
2025-02-12,2025-02-13,replace,159998
2025-02-12,2025-02-13,replace,159985
2025-02-12,2025-02-13,replace,518880
2025-02-19,2025-02-20,replace,516520
2025-02-19,2025-02-20,replace,512720
2025-03-05,2025-03-06,replace,159998
2025-03-05,2025-03-06,replace,588200
2025-03-05,2025-03-06,replace,515030
2025-03-05,2025-03-06,replace,512720
2025-03-12,2025-03-13,replace,512690
2025-03-12,2025-03-13,replace,515030
2025-03-19,2025-03-20,replace,512400
2025-03-19,2025-03-20,replace,588200
2025-04-02,2025-04-03,replace,512400
2025-04-02,2025-04-03,replace,512690
2025-04-02,2025-04-03,replace,518880
2025-04-02,2025-04-03,replace,518850
2025-05-13,2025-05-14,replace,515030
2025-05-13,2025-05-14,replace,159949
2025-05-13,2025-05-14,replace,518850
2025-05-13,2025-05-14,replace,518880
2025-05-27,2025-05-28,replace,159949
2025-05-27,2025-05-28,replace,515030
2025-05-27,2025-05-28,replace,159992
2025-05-27,2025-05-28,replace,159859
2025-06-04,2025-06-05,replace,159859
2025-06-04,2025-06-05,replace,512800
2025-06-11,2025-06-12,replace,159859
2025-06-11,2025-06-12,replace,512800
2025-06-18,2025-06-19,replace,512400
2025-06-18,2025-06-19,replace,159859
2025-06-18,2025-06-19,replace,159992
2025-06-18,2025-06-19,replace,512800
2025-06-25,2025-06-26,replace,512400
2025-06-25,2025-06-26,replace,512880
2025-07-02,2025-07-03,replace,512400
2025-07-02,2025-07-03,replace,515790
2025-07-02,2025-07-03,replace,512800
2025-07-02,2025-07-03,replace,512880
2025-07-09,2025-07-10,replace,512400
2025-07-09,2025-07-10,replace,516090
2025-07-16,2025-07-17,replace,516090
2025-07-16,2025-07-17,replace,159949
2025-07-23,2025-07-24,replace,515210
2025-07-23,2025-07-24,replace,159949
2025-07-23,2025-07-24,replace,515790
2025-07-23,2025-07-24,replace,515220
2025-07-30,2025-07-31,replace,515210
2025-07-30,2025-07-31,replace,159859
2025-07-30,2025-07-31,replace,159992
2025-07-30,2025-07-31,replace,515220
2025-08-06,2025-08-07,replace,159819
2025-08-06,2025-08-07,replace,159859
2025-08-13,2025-08-14,replace,512400
2025-08-13,2025-08-14,replace,159992
2025-08-20,2025-08-21,replace,512400
2025-08-20,2025-08-21,replace,588200
2025-09-10,2025-09-11,replace,516090
2025-09-10,2025-09-11,replace,159819
2025-09-10,2025-09-11,replace,588200
2025-09-10,2025-09-11,replace,515030
2025-09-17,2025-09-18,replace,516090
2025-09-17,2025-09-18,replace,159949
2025-09-24,2025-09-25,replace,516160
2025-09-24,2025-09-25,replace,159949
2025-10-16,2025-10-17,replace,512480
2025-10-16,2025-10-17,replace,516160
2025-10-16,2025-10-17,replace,588200
2025-10-16,2025-10-17,replace,515030
2025-10-23,2025-10-24,replace,512480
2025-10-23,2025-10-24,replace,588200
2025-10-23,2025-10-24,replace,518880
2025-10-23,2025-10-24,replace,518850
2025-10-30,2025-10-31,replace,512400
2025-10-30,2025-10-31,replace,516090
2025-10-30,2025-10-31,replace,518850
2025-10-30,2025-10-31,replace,518880
2025-11-06,2025-11-07,replace,512400
2025-11-06,2025-11-07,replace,516090
2025-11-06,2025-11-07,replace,515790
2025-11-06,2025-11-07,replace,515220
2025-11-13,2025-11-14,replace,516090
2025-11-13,2025-11-14,replace,515790
2025-11-13,2025-11-14,replace,516160
2025-11-13,2025-11-14,replace,515220
2025-11-27,2025-11-28,replace,516090
2025-11-27,2025-11-28,replace,159985
2025-11-27,2025-11-28,replace,516160
2025-11-27,2025-11-28,replace,512800
2025-12-04,2025-12-05,replace,159985
2025-12-04,2025-12-05,replace,518850
2025-12-04,2025-12-05,replace,512800
2025-12-04,2025-12-05,replace,518880
2025-12-11,2025-12-12,replace,159819
2025-12-11,2025-12-12,replace,518850
2025-12-11,2025-12-12,replace,512660
2025-12-11,2025-12-12,replace,518880
2025-12-18,2025-12-19,replace,159819
2025-12-18,2025-12-19,replace,518850
2025-12-25,2025-12-26,replace,512400
2025-12-25,2025-12-26,replace,518850
2026-01-12,2026-01-13,replace,512400
2026-01-12,2026-01-13,replace,512980
2026-01-26,2026-01-27,replace,512400
2026-01-26,2026-01-27,replace,512660
2026-02-02,2026-02-03,replace,512400
2026-02-02,2026-02-03,replace,515790
2026-02-09,2026-02-10,replace,512980
2026-02-09,2026-02-10,replace,518850
2026-02-24,2026-02-25,replace,515790
2026-02-24,2026-02-25,replace,515220
2026-03-03,2026-03-04,replace,518850
2026-03-03,2026-03-04,replace,515180
2026-03-10,2026-03-11,replace,515180
2026-03-10,2026-03-11,replace,518880
2026-03-17,2026-03-18,replace,159985
2026-03-17,2026-03-18,replace,518880
2026-03-31,2026-04-01,replace,159985
2026-03-31,2026-04-01,replace,159859
2026-03-31,2026-04-01,replace,159992
2026-03-31,2026-04-01,replace,515220
2026-04-15,2026-04-16,replace,159819
2026-04-15,2026-04-16,replace,159859
2026-04-15,2026-04-16,replace,159992
2026-04-15,2026-04-16,replace,159949
2026-04-22,2026-04-23,replace,588200
2026-04-22,2026-04-23,replace,159949
2026-04-29,2026-04-30,replace,159819
2026-04-29,2026-04-30,replace,512480
2026-05-11,2026-05-12,replace,159995
2026-05-11,2026-05-12,replace,512480
2026-05-25,2026-05-26,replace,159801
2026-05-25,2026-05-26,replace,588200
2026-06-08,2026-06-09,replace,159995
2026-06-08,2026-06-09,replace,159801
2026-06-08,2026-06-09,replace,512800
2026-06-08,2026-06-09,replace,515220
2026-06-15,2026-06-16,replace,159995
2026-06-15,2026-06-16,replace,512480
2026-06-15,2026-06-16,replace,512800
2026-06-15,2026-06-16,replace,515220
2026-06-23,2026-06-24,replace,159995
2026-06-23,2026-06-24,replace,512480
2026-06-23,2026-06-24,replace,588200
2026-06-23,2026-06-24,replace,512880
2026-06-30,2026-07-01,replace,512480
2026-06-30,2026-07-01,replace,512880
2026-07-07,2026-07-08,replace,159801
2026-07-07,2026-07-08,replace,512480
2026-07-14,2026-07-15,replace,159801
2026-07-14,2026-07-15,replace,159992
2026-07-21,2026-07-22,replace,588200
2026-07-21,2026-07-22,replace,159859
