week_start,qc_bitfinex,qc_btc_asof,qc_btc_px,qc_sma,qc_roc,qc_yahoo,ours_decision,ours_weekend,agree_qcbf_ours,agree_qcbf_qcyh
2014-11-10,False,2014-11-09,362.61,366.04939999999993,-4.714229404808834,False,2014-11-07,False,True,True
2014-11-17,True,2014-11-16,391.65,363.467,12.217414973782992,True,2014-11-14,True,True,True
2014-11-24,True,2014-11-23,368.25,363.13800000000003,13.30769230769231,True,2014-11-21,False,False,True
2014-12-01,True,2014-11-30,379.89,367.2694,3.775234244816561,True,2014-11-28,True,True,True
2014-12-08,False,2014-12-07,376.02,365.80840000000006,-2.9625806451612946,False,2014-12-05,True,False,True
2014-12-15,False,2014-12-14,353.65,363.20380000000006,-5.956654700172859,False,2014-12-12,False,True,True
2014-12-22,False,2014-12-21,320.79,360.695,-16.023560209424083,False,2014-12-19,False,True,True
2014-12-29,False,2014-12-28,316.94,358.99600000000004,-12.474110077048417,False,2014-12-26,False,True,True
2015-01-05,False,2015-01-04,264.19,346.9386,-23.64671541284934,False,2015-01-02,False,True,True
2015-01-12,False,2015-01-11,267.27,334.7582,-19.64946036136248,False,2015-01-09,False,True,True
2015-01-20,False,2015-01-19,216.2,309.37199999999996,-30.437580437580447,False,2015-01-16,False,True,True
2015-01-26,False,2015-01-25,254.73,292.2328,-7.316984427303153,False,2015-01-23,False,True,True
2015-02-02,False,2015-02-01,226.92,276.1368,-15.5646511627907,False,2015-01-30,False,True,True
2015-02-09,False,2015-02-08,223.85,261.7968,3.5383903792784555,False,2015-02-06,False,True,True
2015-02-17,False,2015-02-16,233.5,246.9126,-11.916707533290571,False,2015-02-13,False,True,True
2015-02-23,False,2015-02-22,236.5,238.7324,-1.041884597681919,False,2015-02-20,True,False,True
2015-03-02,True,2015-03-01,262.4,233.77239999999998,19.013062409288818,True,2015-02-27,True,True,True
2015-03-09,True,2015-03-08,275.59,241.2216,18.025695931477514,True,2015-03-06,True,True,True
2015-03-16,True,2015-03-15,286.9,250.11260000000001,19.84126984126984,True,2015-03-13,True,True,True
2015-03-23,False,2015-03-22,268.82,253.74360000000001,-3.0964997656897864,False,2015-03-20,True,False,True
2015-03-30,False,2015-03-29,242.74,256.9726,-16.584192439862544,False,2015-03-27,False,True,True
2015-04-06,False,2015-04-05,260.5,260.181,-10.548726049035107,False,2015-04-02,False,True,True
2015-04-13,False,2015-04-12,236.38,260.7332,-11.544362534146623,False,2015-04-10,False,True,True
2015-04-20,False,2015-04-19,222.16,258.0036,-10.39406284031783,False,2015-04-17,False,True,True
2015-04-27,False,2015-04-26,219.7,251.6736,-14.089078324795679,False,2015-04-24,False,True,True
2015-05-04,False,2015-05-03,240.57,243.745,6.967541129390842,False,2015-05-01,False,True,True
2015-05-11,True,2015-05-10,240.73,239.0156,7.36809241336247,True,2015-05-08,True,True,True
2015-05-18,False,2015-05-17,236.15,236.7918,4.07209907011592,False,2015-05-15,True,False,True
2015-05-26,True,2015-05-25,237.1,234.55560000000003,0.5214736931360431,True,2015-05-22,True,True,True
2015-06-01,False,2015-05-31,228.7,233.3066,-5.675162913470267,False,2015-05-29,False,True,True
2015-06-08,False,2015-06-07,223.26,233.09560000000002,-4.106176445322562,False,2015-06-05,False,True,True
2015-06-15,False,2015-06-14,233.54,233.12579999999997,-1.5014761703922352,False,2015-06-12,False,True,True
2015-06-22,True,2015-06-21,244.25,235.56499999999997,10.022522522522515,True,2015-06-19,True,True,True
2015-06-29,True,2015-06-28,248.71,236.5208,8.720930232558155,True,2015-06-26,True,True,True
2015-07-06,True,2015-07-05,271.96,239.53080000000003,14.760739302894766,True,2015-07-02,True,True,True
2015-07-13,True,2015-07-12,311.15,245.81939999999997,26.14018729476628,True,2015-07-10,True,True,True
2015-07-20,True,2015-07-19,275.04,252.18200000000002,7.148700767462701,True,2015-07-17,True,True,True
2015-07-27,True,2015-07-26,293.01,260.328,8.832596664561887,True,2015-07-24,True,True,True
2015-08-03,False,2015-08-02,282.44,268.594,-3.488809157696904,False,2015-07-31,False,True,True
2015-08-10,False,2015-08-09,265.58,273.0792,-5.2177016416845134,False,2015-08-07,True,False,True
2015-08-17,False,2015-08-16,259.9,275.97700000000003,-11.850495183828514,False,2015-08-14,False,True,True
2015-08-24,False,2015-08-23,228.53,272.52819999999997,-18.753555176336732,False,2015-08-21,False,True,True
2015-08-31,False,2015-08-30,229.99,265.5768,-13.244058845718598,False,2015-08-28,False,True,True
2015-09-08,False,2015-09-07,240.85,257.1368,12.546728971962606,False,2015-09-04,False,True,True
2015-09-14,False,2015-09-13,230.96,251.97420000000002,9.71971496437054,False,2015-09-11,False,True,True
2015-09-21,False,2015-09-20,232.12,243.79420000000002,0.3328290468986417,False,2015-09-18,False,True,True
2015-09-28,False,2015-09-27,233.37,237.28560000000002,-3.1056674278596597,False,2015-09-25,False,True,True
2015-10-05,True,2015-10-04,239.5,233.4228,3.7290484646368416,True,2015-10-02,True,True,True
2015-10-12,True,2015-10-11,247.99,234.59259999999998,9.140920693600929,True,2015-10-09,True,True,True
2015-10-19,True,2015-10-18,265.01,239.2186,10.223349831551797,True,2015-10-16,True,True,True
2015-10-26,True,2015-10-25,284.79,245.51100000000002,17.681818181818198,True,2015-10-23,True,True,True
2015-11-02,True,2015-11-01,330.23,255.41819999999998,34.14713409432508,True,2015-10-30,True,True,True
2015-11-09,True,2015-11-08,374.1,277.1292,41.11655978875896,True,2015-11-06,True,True,True
2015-11-16,True,2015-11-15,320.52,291.9184,11.593900146229362,True,2015-11-13,True,True,True
2015-11-23,False,2015-11-22,324.66,304.76460000000003,-11.132400843073375,False,2015-11-20,True,False,True
2015-11-30,False,2015-11-29,373.89,319.0102,-1.8918918918919059,False,2015-11-27,False,True,True
2015-12-07,True,2015-12-06,390.6,335.25479999999993,17.615176151761514,True,2015-12-04,True,True,True
2015-12-14,True,2015-12-13,433.36,356.65939999999995,33.90600376973705,True,2015-12-11,True,True,True
2015-12-21,True,2015-12-20,442.62,377.79580000000004,17.443218000424544,True,2015-12-18,True,True,True
2015-12-28,True,2015-12-27,422.32,385.9703999999999,6.458280816738093,True,2015-12-24,True,True,True
2016-01-04,False,2016-01-03,428.39,397.5924,-3.208386994735535,False,2015-12-31,False,True,True
2016-01-11,True,2016-01-10,449.35,413.66439999999994,2.7038763942219823,True,2016-01-08,False,False,True
2016-01-19,False,2016-01-18,387.1,423.95859999999993,-10.349938627573586,False,2016-01-15,False,True,True
2016-01-25,False,2016-01-24,402.77,427.2928,-6.960036960036964,False,2016-01-22,False,True,True
2016-02-01,False,2016-01-31,365.52,422.08939999999996,-18.63954057783912,False,2016-01-29,False,True,True
2016-02-08,False,2016-02-07,372.01,411.232,-3.898217514854052,False,2016-02-05,False,True,True
2016-02-16,False,2016-02-15,399.9,402.8172,2.169081014792651,False,2016-02-12,False,True,True
2016-02-22,True,2016-02-21,440.49,402.2454,18.596198373808615,True,2016-02-19,True,True,True
2016-02-29,True,2016-02-28,434.45,400.9078,17.2636238494966,True,2016-02-26,True,True,True
2016-03-07,True,2016-03-06,403.75,400.6642,0.9627406851713038,True,2016-03-04,True,True,True
2016-03-14,False,2016-03-13,411.87,403.6806,-6.450587139709718,False,2016-03-11,False,True,True
2016-03-21,False,2016-03-20,411.25,407.33200000000005,-6.31905054784847,False,2016-03-18,False,True,True
2016-03-28,True,2016-03-27,427.36,413.21200000000005,3.5522171068572916,True,2016-03-24,True,True,True
2016-04-04,True,2016-04-03,420.6,418.73380000000003,1.1276478084200958,True,2016-04-01,False,False,True
2016-04-11,True,2016-04-10,421.32,419.4728,2.2919296882587092,True,2016-04-08,False,False,True
2016-04-18,True,2016-04-17,428.51,418.8714,1.049379804744599,True,2016-04-15,True,True,True
2016-04-25,True,2016-04-24,463.02,422.29780000000005,10.122247062740808,True,2016-04-22,True,True,True
2016-05-02,True,2016-05-01,451.11,428.10600000000005,6.459149478453763,True,2016-04-29,True,True,True
2016-05-09,True,2016-05-08,459.87,433.61199999999997,6.939050763900201,True,2016-05-06,True,True,True
2016-05-16,False,2016-05-15,457.89,439.2528,-0.8402451436862468,False,2016-05-13,True,False,True
2016-05-23,False,2016-05-22,437.48,442.8412,-1.4085141865548878,False,2016-05-20,False,True,True
2016-05-31,True,2016-05-30,532.89,452.5522,18.236077213223865,True,2016-05-27,True,True,True
2016-06-06,True,2016-06-05,574.02,467.74080000000004,26.71243460409263,True,2016-06-03,True,True,True
2016-06-13,True,2016-06-12,672.0,489.6106,51.518567788775904,True,2016-06-10,True,True,True
2016-06-20,True,2016-06-19,767.3,528.4015999999999,43.98844039107508,True,2016-06-17,True,True,True
2016-06-27,True,2016-06-26,627.42,557.1926,7.1889841801346055,True,2016-06-24,True,True,True
2016-07-05,False,2016-07-04,681.34,591.1162,-0.4616508400292152,False,2016-07-01,True,False,True
2016-07-11,False,2016-07-10,649.72,616.5418,-12.660303804274765,False,2016-07-08,False,True,True
2016-07-18,True,2016-07-17,683.2,644.853,3.1509972370268535,True,2016-07-15,False,False,True
2016-07-25,False,2016-07-24,661.82,661.4558000000001,-2.8649426130859745,False,2016-07-22,False,True,True
2016-08-01,False,2016-07-31,622.83,670.6724,-3.876842348946674,False,2016-07-29,False,True,True
2016-08-08,False,2016-08-02,604.1,667.3628,-7.587578399877626,False,2016-08-05,False,True,True
2016-08-15,False,2016-08-14,569.41,652.6358,-15.55539077561916,False,2016-08-12,False,True,True
2016-08-22,False,2016-08-21,581.42,638.197,-11.120962440955717,False,2016-08-19,False,True,True
2016-08-29,False,2016-08-28,574.17,626.5563999999999,-5.609166680366274,False,2016-08-26,False,True,True
2016-09-06,False,2016-09-05,611.5,615.1623999999999,6.501558771792326,True,2016-09-02,False,True,False
2016-09-12,True,2016-09-11,612.08,610.6342,4.093467798166706,True,2016-09-09,True,True,True
2016-09-19,True,2016-09-18,613.03,602.971,6.654720066808162,True,2016-09-16,True,True,True
2016-09-26,False,2016-09-25,600.36,595.3992,-1.8217497955846262,False,2016-09-23,True,False,True
2016-10-03,False,2016-10-02,609.09,596.8254000000001,-0.4136555377522,True,2016-09-30,False,True,False
2016-10-10,True,2016-10-09,616.56,602.8368,1.110218271864083,True,2016-10-07,True,True,True
2016-10-17,True,2016-10-16,644.18,610.9508,5.7523721968677055,True,2016-10-14,True,True,True
2016-10-24,True,2016-10-23,659.03,619.6786,7.566879396738857,True,2016-10-21,True,True,True
2016-10-31,True,2016-10-30,702.55,628.5804,13.521418068415002,True,2016-10-28,True,True,True
2016-11-07,True,2016-11-06,713.95,643.1428000000001,11.591303396426955,True,2016-11-04,True,True,True
2016-11-14,True,2016-11-13,703.64,658.2841999999999,7.48338806996105,True,2016-11-11,True,True,True
2016-11-21,True,2016-11-20,729.67,676.1483999999999,4.086901942883214,True,2016-11-18,True,True,True
2016-11-28,True,2016-11-27,724.9,693.427,2.742541279852606,True,2016-11-25,True,True,True
2016-12-05,True,2016-12-04,768.5,710.0396,8.632656234539105,True,2016-12-02,True,True,True
2016-12-12,True,2016-12-11,770.21,727.2998,4.224685043099363,True,2016-12-09,True,True,True
2016-12-19,True,2016-12-18,790.21,741.7344,8.023020559930028,True,2016-12-16,True,True,True
2016-12-27,True,2016-12-26,906.4,765.4096,19.678884546318788,True,2016-12-23,True,True,True
2017-01-03,True,2017-01-02,1019.3,802.5419999999999,31.52258064516129,True,2016-12-30,True,True,True
2017-01-09,True,2017-01-08,915.9,832.3536,15.850187834402153,True,2017-01-06,True,True,True
2017-01-17,False,2017-01-16,830.1,848.205,-11.35482630842668,False,2017-01-13,False,True,True
2017-01-23,False,2017-01-22,923.72,866.964,-9.37702344746394,False,2017-01-20,False,True,True
2017-01-30,True,2017-01-29,912.55,887.0014,1.0575858250276848,True,2017-01-27,True,True,True
2017-02-06,True,2017-02-05,1006.6,916.5491999999999,21.262498494157335,True,2017-02-03,True,True,True
2017-02-13,True,2017-02-12,996.01,940.8495999999999,9.629947607097256,True,2017-02-10,True,True,True
2017-02-21,True,2017-02-20,1091.2,954.9176,12.93844895931442,True,2017-02-17,True,True,True
2017-02-27,True,2017-02-26,1178.3,974.0275999999999,15.225894778016812,True,2017-02-24,True,True,True
2017-03-06,True,2017-03-05,1278.4,1029.2076000000002,28.289011540391385,True,2017-03-03,True,True,True
2017-03-13,True,2017-03-12,1224.4,1073.2448,12.20674486803519,True,2017-03-10,True,True,True
2017-03-20,False,2017-03-19,1016.5,1105.3202,-14.972814721873695,False,2017-03-17,False,True,True
2017-03-27,False,2017-03-26,968.9,1110.8758,-24.257348342714202,False,2017-03-24,False,True,True
2017-04-03,False,2017-04-02,1107.5,1117.7904,-10.577311263625354,False,2017-03-31,False,True,True
2017-04-10,True,2017-04-09,1215.9,1138.8762000000002,16.857280153772237,True,2017-04-07,True,True,True
2017-04-17,True,2017-04-16,1212.0,1149.9081999999999,16.236693200345243,True,2017-04-13,True,True,True
2017-04-24,True,2017-04-23,1355.2,1159.7462,17.833231892878885,True,2017-04-21,True,True,True
2017-05-01,True,2017-04-30,1435.0,1187.9942,17.594034253872003,True,2017-04-28,True,True,True
2017-05-08,True,2017-05-07,1619.9,1246.094,30.63709677419355,True,2017-05-05,True,True,True
2017-05-15,True,2017-05-14,1827.3,1352.836,35.858736059479554,True,2017-05-12,True,True,True
2017-05-22,True,2017-05-21,2026.6,1474.9920000000002,32.19830397912589,True,2017-05-19,True,True,True
2017-05-30,True,2017-05-29,2207.4,1635.692,25.42045454545454,True,2017-05-26,True,True,True
2017-06-05,True,2017-06-04,2488.2,1770.3980000000001,40.417607223476296,True,2017-06-02,True,True,True
2017-06-12,True,2017-06-11,2941.8,1980.4779999999998,40.938053945288175,True,2017-06-09,True,True,True
2017-06-19,True,2017-06-18,2491.4,2136.6119999999996,12.865814985956337,True,2017-06-16,True,True,True
2017-06-26,False,2017-06-25,2483.3,2283.808,-5.825021805908448,False,2017-06-23,True,False,True
2017-07-03,False,2017-07-02,2445.1,2380.38,-4.845112079701119,False,2017-06-30,False,True,True
2017-07-10,False,2017-07-09,2477.9,2471.822,-4.031758326878387,False,2017-07-07,False,True,True
2017-07-17,False,2017-07-16,1925.0,2477.516,-19.57720588235293,False,2017-07-14,False,True,True
2017-07-24,True,2017-07-23,2750.1,2519.784,8.958003169572116,True,2017-07-21,True,True,True
2017-07-31,True,2017-07-30,2748.2,2514.9607623991997,18.54376051416984,True,2017-07-28,True,True,True
2017-08-07,True,2017-08-06,3232.1,2563.2487623992,45.590090090090094,True,2017-08-04,True,True,True
2017-08-14,True,2017-08-13,4061.6,2700.5487623992,46.64404087085246,True,2017-08-11,True,True,True
2017-08-21,True,2017-08-20,4063.1,2945.8427623992,42.35013838769574,True,2017-08-18,True,True,True
2017-08-28,True,2017-08-27,4332.8,3181.7427623992,27.585394581861024,True,2017-08-25,True,True,True
2017-09-05,True,2017-09-04,4205.0,3553.8667623992,1.2813719350643016,True,2017-09-01,True,True,True
2017-09-11,True,2017-09-10,4233.9,3779.7327623992,5.895152818768445,True,2017-09-08,True,True,True
2017-09-18,False,2017-09-17,3666.6,3933.88,-16.385031128138483,False,2017-09-15,False,True,True
2017-09-25,False,2017-09-24,3654.7,4064.758,-13.086801426872775,False,2017-09-22,False,True,True
2017-10-02,True,2017-10-01,4404.3,4161.81,4.896753757115313,True,2017-09-29,False,False,True
2017-10-09,True,2017-10-08,4611.9,4186.56,12.91499363431592,True,2017-10-06,True,True,True
2017-10-16,True,2017-10-15,5713.9,4340.994000000001,45.38815806213581,True,2017-10-13,True,True,True
2017-10-23,True,2017-10-22,5981.3,4512.2339999999995,35.93245761556294,True,2017-10-20,True,True,True
2017-10-30,True,2017-10-29,6150.0,4705.304,28.599209585345964,True,2017-10-27,True,True,True
2017-11-06,True,2017-11-05,7366.7,5128.634,27.787607549264504,True,2017-11-03,True,True,True
2017-11-13,False,2017-11-12,5810.7,5544.4619999999995,-1.6352648418059057,True,2017-11-10,True,False,False
2017-11-20,True,2017-11-19,8052.7,6010.4288190456,31.36541598694942,True,2017-11-17,True,True,True
2017-11-27,True,2017-11-26,9305.1,6577.5168190456,33.76123050384532,True,2017-11-24,True,True,True
2017-12-04,True,2017-12-03,11162.0,7303.190819045601,72.34617463135953,True,2017-12-01,True,True,True
2017-12-11,True,2017-12-10,14960.0,8471.7128190456,81.35971292794105,True,2017-12-08,True,True,True
2017-12-18,True,2017-12-17,18960.0,10102.238819045599,94.9895100580032,True,2017-12-15,True,True,True
2017-12-26,True,2017-12-25,13633.0,11468.2168190456,17.606970324361626,True,2017-12-22,True,True,True
2018-01-02,False,2018-01-01,13376.0,12506.7248190456,-21.187838793306625,False,2017-12-29,False,True,True
2018-01-08,False,2018-01-07,16215.35727958,13540.317145591602,-14.331375319209638,False,2018-01-05,False,True,True
2018-01-16,False,2018-01-15,13601.0,14455.943145591598,-13.258928571428575,False,2018-01-12,False,True,True
2018-01-22,False,2018-01-21,11514.0,14613.847145591602,-13.920454545454541,False,2018-01-19,False,True,True
2018-01-29,False,2018-01-28,11828.0,14284.447145591601,-20.64940292499664,False,2018-01-26,False,True,True
2018-02-05,False,2018-02-04,8185.2,13266.8268846168,-39.819130946253956,False,2018-02-02,False,True,True
2018-02-12,False,2018-02-11,8069.3,12091.8548846168,-25.138695611837836,False,2018-02-09,False,True,True
2018-02-20,False,2018-02-19,11172.0,11426.1948846168,9.841706813489326,False,2018-02-16,False,True,True
2018-02-26,False,2018-02-25,9583.0,10794.070884616802,37.95237958137794,False,2018-02-23,False,True,True
2018-03-05,True,2018-03-04,11500.0,10282.282930057,29.171393590852436,True,2018-03-02,True,True,True
2018-03-12,False,2018-03-11,9527.7,9967.830930057,-14.718045112781953,False,2018-03-09,False,True,True
2018-03-19,False,2018-03-18,8200.3,9584.166930057,-20.539728682170555,False,2018-03-16,False,True,True
2018-03-26,False,2018-03-25,8445.0,9387.9391910318,-25.93404665848097,False,2018-03-23,False,True,True
2018-04-02,False,2018-04-01,6816.6,9300.9356535194,-25.340080173490175,False,2018-03-29,False,True,True
2018-04-09,False,2018-04-08,7023.9,8948.557653519401,-18.328643519918153,False,2018-04-06,False,True,True
2018-04-16,False,2018-04-15,8357.5,8545.413718381,2.784078806299717,False,2018-04-13,False,True,True
2018-04-23,True,2018-04-22,8791.4,8240.8425273492,24.642365984716363,True,2018-04-20,True,True,True
2018-04-30,True,2018-04-29,9400.0,8112.3025273492,38.84580729974445,True,2018-04-27,True,True,True
2018-05-07,True,2018-05-06,9658.7,8236.5605273492,19.89151212730569,True,2018-05-04,True,True,True
2018-05-14,False,2018-05-13,8683.6,8271.2205273492,-2.8680089485458526,False,2018-05-11,False,True,True
2018-05-21,False,2018-05-20,8523.7,8378.536064861599,-7.758154232409142,False,2018-05-18,False,True,True
2018-05-29,False,2018-05-28,7097.9,8484.815065753799,-22.720393698215524,False,2018-05-25,False,True,True
2018-06-04,False,2018-06-03,7718.0,8501.7774179536,-10.988605434331312,False,2018-06-01,False,True,True
2018-06-11,False,2018-06-10,6758.0,8377.7814179536,-19.54378779941902,False,2018-06-08,False,True,True
2018-06-18,False,2018-06-17,6438.4,8015.2254179536,-9.291480578762734,False,2018-06-15,False,True,True
2018-06-25,False,2018-06-24,6148.0390596,7595.114752126799,-17.898066856295824,False,2018-06-22,False,True,True
2018-07-02,False,2018-07-01,6349.7,7191.468485769799,-7.617883694877281,False,2018-06-29,False,True,True
2018-07-09,False,2018-07-08,6707.0,6944.202485769801,-0.03279079472962021,False,2018-07-06,False,True,True
2018-07-16,False,2018-07-15,6347.2,6737.3154848776,1.6104760989978484,False,2018-07-13,False,True,True
2018-07-23,True,2018-07-22,7397.6,6719.5790678162,11.786750483558993,True,2018-07-20,True,True,True
2018-07-30,True,2018-07-29,8221.0,6791.3210678162,23.31068412605559,True,2018-07-27,True,True,True
2018-08-06,True,2018-08-05,7025.8,6922.0433809148,4.407656184984843,True,2018-08-03,True,True,True
2018-08-13,False,2018-08-12,6313.9,6914.3388279335995,-18.21161169978498,False,2018-08-10,False,True,True
2018-08-20,False,2018-08-19,6485.1,6943.1032430478,-20.71520264074821,False,2018-08-17,False,True,True
2018-08-27,False,2018-08-26,6707.0,6939.0612430477995,-3.3740563591309836,False,2018-08-24,False,True,True
2018-09-04,True,2018-09-03,7267.8,7052.5492430478,17.430925836160927,True,2018-08-31,True,True,True
2018-09-10,False,2018-09-09,6239.9,6967.7981313678,-0.25575856391566454,False,2018-09-07,False,True,True
2018-09-17,False,2018-09-16,6498.4,6745.2004658042,-5.948418097085129,False,2018-09-14,False,True,True
2018-09-24,False,2018-09-23,6710.0,6584.4223023376,-7.674949778474915,False,2018-09-21,False,True,True
2018-10-01,True,2018-09-30,6622.4,6587.5523023376,4.8694357788722,True,2018-09-28,True,True,True
2018-10-08,False,2018-10-07,6609.4,6622.5853723884,5.716570697376833,False,2018-10-05,False,True,True
2018-10-15,False,2018-10-14,6336.4,6615.292861538801,-3.776708022657227,False,2018-10-12,False,True,True
2018-10-22,False,2018-10-21,6590.9,6567.484861538799,-0.16661870067707918,False,2018-10-19,False,True,True
2018-10-29,False,2018-10-28,6490.1,6527.333517743,-2.743811065156143,False,2018-10-26,False,True,True
2018-11-05,False,2018-11-04,6491.7,6529.310926490601,-3.7125482052803305,False,2018-11-02,False,True,True
2018-11-12,False,2018-11-11,6447.9,6526.962776858601,-1.8180987620483369,False,2018-11-09,False,True,True
2018-11-19,False,2018-11-18,5659.5,6434.9121654046,-10.824864098321907,False,2018-11-16,False,True,True
2018-11-26,False,2018-11-25,4089.1,6132.6161654046,-36.80102624339278,False,2018-11-23,False,True,True
2018-12-03,False,2018-12-02,4173.0,5800.2466762542,-35.27121562301261,False,2018-11-30,False,True,True
2018-12-10,False,2018-12-09,3642.3,5390.3846762542,-25.980043489747384,False,2018-12-07,False,True,True
2018-12-17,False,2018-12-16,3301.5,4948.240759286,-14.559664604953282,False,2018-12-14,False,True,True
2018-12-24,False,2018-12-23,4071.7,4605.355016102,4.370450117912439,False,2018-12-21,False,True,True
2018-12-31,False,2018-12-30,3977.3,4249.721016102,12.89525972182799,False,2018-12-28,False,True,True
2019-01-07,True,2019-01-06,4168.4,3959.561627556,14.990344827586188,True,2019-01-04,False,False,True
2019-01-14,False,2019-01-13,3591.0,3849.195627556,-13.275533122418913,False,2019-01-11,False,True,True
2019-01-22,False,2019-01-21,3579.4,3778.9276275559996,-9.681814740985583,False,2019-01-18,False,True,True
2019-01-28,False,2019-01-27,3597.1,3771.2937296403998,-12.562288825688517,False,2019-01-25,False,True,True
2019-02-04,False,2019-02-03,3501.73867085,3782.46000456,-6.602867979356153,False,2019-02-01,False,True,True
2019-02-11,True,2019-02-10,3747.7,3747.2793793940004,4.70190534726489,False,2019-02-08,False,False,False
2019-02-19,True,2019-02-18,3978.1,3709.0019034929996,14.382242157623848,True,2019-02-15,False,False,True
2019-02-25,True,2019-02-24,3831.3,3719.4419034929997,9.764627146725324,True,2019-02-22,True,True,True
2019-03-04,True,2019-03-03,3885.0,3714.031903493,5.539663220503743,True,2019-03-01,True,True,True
2019-03-11,True,2019-03-10,4000.0,3749.9685293978,0.5505140645031492,True,2019-03-08,True,True,True
2019-03-18,True,2019-03-17,4068.9,3802.3311926414,3.7508287011066344,True,2019-03-15,False,False,True
2019-03-25,True,2019-03-24,4041.4,3878.1471672782,6.344235981369883,True,2019-03-22,True,True,True
2019-04-01,True,2019-03-31,4167.5,3954.7784482504003,5.5303740092679465,True,2019-03-29,True,True,True
2019-04-08,True,2019-04-07,5238.0,4127.890008411,28.580896973267556,True,2019-04-05,True,True,True
2019-04-15,True,2019-04-14,5194.4,4293.332008411,30.841309823677566,True,2019-04-12,True,True,True
2019-04-22,True,2019-04-21,5321.9,4484.283816405,26.808393480455205,True,2019-04-18,True,True,True
2019-04-29,True,2019-04-28,5486.8,4693.2471905002,3.282885324900242,False,2019-04-26,True,True,False
2019-05-06,True,2019-05-05,6041.4021233,4947.2569222416005,19.802836851694817,True,2019-05-03,True,True,True
2019-05-13,True,2019-05-12,6983.4,5279.4778185462,28.897338403041807,True,2019-05-10,True,True,True
2019-05-20,True,2019-05-19,8188.3,5800.317072835,49.418806226163746,True,2019-05-17,True,True,True
2019-05-28,True,2019-05-27,8806.1,6327.912645386599,44.36229508196723,True,2019-05-24,True,True,True
2019-06-03,True,2019-06-02,8740.1,6735.719963611599,12.475066596316942,True,2019-05-31,True,True,True
2019-06-10,False,2019-06-09,7633.3,7101.1541556176,-4.471504017220241,False,2019-06-07,True,False,True
2019-06-17,True,2019-06-16,8985.9,7522.4121556176,2.04176650276513,True,2019-06-14,True,True,True
2019-06-24,True,2019-06-23,10913.0,8105.362500224,34.74170288423548,True,2019-06-21,True,True,True
2019-07-01,True,2019-06-30,10809.0,8860.3888957872,34.795730034419115,True,2019-06-28,True,True,True
2019-07-08,True,2019-07-07,11485.0,9361.5519259952,22.777759960659804,True,2019-07-05,True,True,True
2019-07-15,False,2019-07-14,10204.0,9880.061696497001,-7.814617399945789,False,2019-07-12,True,False,True
2019-07-22,False,2019-07-21,10569.43491181,10121.5611638874,-0.6632057160714244,True,2019-07-19,False,True,False
2019-07-29,False,2019-07-28,9519.0,10373.656526131,-22.61604747581497,False,2019-07-26,False,True,True
2019-08-05,True,2019-08-04,10973.0,10661.554461405998,1.4058406095861509,True,2019-08-02,False,False,True
2019-08-12,True,2019-08-11,11565.357744,10958.704822773601,11.98061332300544,True,2019-08-09,True,True,True
2019-08-19,False,2019-08-18,10332.192078,10790.186914484999,8.679836730829926,False,2019-08-16,False,True,True
2019-08-26,False,2019-08-25,10132.0,10688.6990042832,-14.30987821380244,False,2019-08-23,False,True,True
2019-09-03,False,2019-09-02,10388.0,10411.3350042832,-4.732301727208532,False,2019-08-30,False,True,True
2019-09-09,False,2019-09-08,10415.0,10435.6480200072,-4.781495703053573,False,2019-09-06,False,True,True
2019-09-16,False,2019-09-15,10321.0,10483.9519595274,-0.5396550062638505,False,2019-09-13,False,True,True
2019-09-23,False,2019-09-22,10055.0,10500.153688187202,-3.205621871390063,False,2019-09-20,False,True,True
2019-09-30,False,2019-09-29,8090.0,10057.027682489801,-21.585732286517402,False,2019-09-27,False,True,True
2019-10-07,False,2019-10-06,7883.0,9710.994088564,-23.391642371234212,False,2019-10-04,False,True,True
2019-10-14,False,2019-10-13,8304.9,9423.9924434858,-14.405417104693596,False,2019-10-11,False,True,True
2019-10-21,False,2019-10-20,8260.7,9179.1037404878,-0.8454459609222864,False,2019-10-18,False,True,True
2019-10-28,True,2019-10-27,9571.8,8898.935210071599,16.346177221344348,True,2019-10-25,False,False,True
2019-11-04,True,2019-11-03,9222.4,8751.9472100716,10.18445316278498,True,2019-11-01,True,True,True
2019-11-11,True,2019-11-10,9069.7,8601.9604902218,10.018438098934968,True,2019-11-08,True,True,True
2019-11-18,False,2019-11-17,8537.3,8587.001445915801,-7.461764418960093,False,2019-11-15,False,True,True
2019-11-25,False,2019-11-24,6965.3,8508.051196781,-26.21504237288136,False,2019-11-22,False,True,True
2019-12-02,False,2019-12-01,7450.1,8390.080843119,-14.736291306450312,False,2019-11-29,False,True,True
2019-12-09,False,2019-12-08,7564.6,8292.2051685808,-7.967637934180905,False,2019-12-06,False,True,True
2019-12-16,False,2019-12-15,7152.7,8155.6060428868,-0.14100631038141964,False,2019-12-13,False,True,True
2019-12-23,False,2019-12-22,7535.1,7851.248561042,2.514777795481171,False,2019-12-20,False,True,True
2019-12-30,False,2019-12-29,7413.6,7589.9956169570005,0.46179929824514687,False,2019-12-27,False,True,True
2020-01-06,False,2020-01-05,7364.6,7383.2632964858,6.3234487338665435,True,2020-01-03,False,True,False
2020-01-13,True,2020-01-12,8174.7,7398.2663257918,11.25976535917468,True,2020-01-10,True,True,True
2020-01-21,True,2020-01-20,8638.2,7604.616679453799,19.836854736900534,True,2020-01-17,True,True,True
2020-01-27,True,2020-01-26,8621.5,7739.1730207956,11.131878472266976,True,2020-01-24,True,True,True
2020-02-03,True,2020-02-02,9352.2,8023.416378846,15.519158081968442,True,2020-01-31,True,True,True
2020-02-10,True,2020-02-09,10151.0,8384.6818626916,17.51290778171377,True,2020-02-07,True,True,True
2020-02-18,True,2020-02-17,9708.0,8822.3218626916,3.3095668830477765,True,2020-02-14,True,True,True
2020-02-24,True,2020-02-23,9985.0,9128.5812274688,7.258333064784694,True,2020-02-21,True,True,True
2020-03-02,False,2020-03-01,8556.7,9271.732198162801,-13.140531102809804,False,2020-02-28,False,True,True
2020-03-09,False,2020-03-08,8073.99728926,9300.614143948,-16.831507115162758,False,2020-03-06,False,True,True
2020-03-16,False,2020-03-15,5383.2,9000.8461801424,-44.35451359816417,False,2020-03-13,False,True,True
2020-03-23,False,2020-03-22,5820.09678077,8514.7818834014,-34.886592893918376,False,2020-03-20,False,True,True
2020-03-30,False,2020-03-29,5892.7,8080.9457430744005,-26.038934143310787,False,2020-03-27,False,True,True
2020-04-06,False,2020-04-05,6780.2,7594.4853988019995,34.035781358110114,False,2020-04-03,False,True,True
2020-04-13,False,2020-04-12,6919.0,7224.6413653722,6.585534930293457,False,2020-04-09,False,True,True
2020-04-20,True,2020-04-19,7133.3,6924.7238207742,11.325613334165684,True,2020-04-17,True,True,True
2020-04-27,True,2020-04-26,7697.9,6700.705820774199,4.873164218958603,True,2020-04-24,True,True,True
2020-05-04,True,2020-05-03,8899.8,6940.7462858854005,29.948749397695895,True,2020-05-01,True,True,True
2020-05-11,True,2020-05-10,8722.2,7446.577705754,27.560436989046046,True,2020-05-08,True,True,True
2020-05-18,True,2020-05-17,9668.2,7840.6380334112,24.308215691082502,True,2020-05-15,True,True,True
2020-05-26,False,2020-05-25,8902.0,8268.210880935801,-1.3092981230806822,False,2020-05-22,True,False,True
2020-06-01,True,2020-05-31,9451.1,8533.506888701,10.473284941146211,True,2020-05-29,False,False,True
2020-06-08,True,2020-06-07,9747.1,8924.5353164746,0.3322225243354682,True,2020-06-05,True,True,True
2020-06-15,True,2020-06-14,9344.75144536,9254.9659090746,4.973617674230502,True,2020-06-12,True,True,True
2020-06-22,False,2020-06-21,9301.0,9402.7415326382,-9.045356650821269,False,2020-06-19,False,True,True
2020-06-29,False,2020-06-28,9125.366022,9402.0986898964,-6.735558419524956,False,2020-06-26,False,True,True
2020-07-06,False,2020-07-05,9084.28473392,9404.0869366476,-3.7171729314255497,False,2020-07-02,False,True,True
2020-07-13,False,2020-07-12,9315.8,9386.9200157606,-3.9383261572458084,False,2020-07-10,False,True,True
2020-07-20,False,2020-07-19,9231.2,9388.3806136566,0.39987398502150384,False,2020-07-17,False,True,True
2020-07-27,True,2020-07-26,9948.4,9368.7035345638,6.273835339863898,True,2020-07-24,True,True,True
2020-08-03,True,2020-08-02,11053.77256233,9588.7215599648,19.474411611867694,True,2020-07-31,True,True,True
2020-08-10,True,2020-08-09,11675.32006989,9889.7284271376,27.193220214070934,True,2020-08-07,True,True,True
2020-08-17,True,2020-08-16,11925.0,10226.0167370412,7.977545106156181,True,2020-08-14,True,True,True
2020-08-24,True,2020-08-23,11663.0,10601.461087391199,3.88792078410376,True,2020-08-21,False,False,True
2020-08-31,False,2020-08-30,11730.0,10916.077842885597,-1.3622603430877955,False,2020-08-28,False,True,True
2020-09-08,False,2020-09-07,10397.0,11171.419521270198,-13.081931532149582,False,2020-09-04,False,True,True
2020-09-14,False,2020-09-13,10331.0,11269.6017171874,-12.211080897348747,False,2020-09-11,False,True,True
2020-09-21,False,2020-09-20,10934.54183144,11251.3589088492,-6.310154815868396,False,2020-09-18,False,True,True
2020-09-28,False,2020-09-27,10803.0,11130.535928460398,3.9049725882466024,False,2020-09-25,False,True,True
2020-10-05,False,2020-10-04,10687.0,10988.0237000452,-0.028063610851258858,False,2020-10-02,False,True,True
2020-10-12,True,2020-10-11,11385.0,10863.007457356,9.103977000479158,True,2020-10-09,False,False,True
2020-10-19,True,2020-10-18,11518.0,10853.917424818,7.50420011200299,True,2020-10-16,True,True,True
2020-10-26,True,2020-10-25,13037.0,11073.4459069024,20.634773757749603,True,2020-10-23,True,True,True
2020-11-02,True,2020-11-01,13756.0,11518.1659069024,18.996539792387534,True,2020-10-30,True,True,True
2020-11-09,True,2020-11-08,15500.0,12066.626883833198,31.836352811091274,True,2020-11-06,True,True,True
2020-11-16,True,2020-11-15,15965.0,12798.398837995,22.252852438931004,True,2020-11-13,True,True,True
2020-11-23,True,2020-11-22,18392.0,13813.424375286999,35.61421619230203,True,2020-11-20,True,True,True
2020-11-30,True,2020-11-29,18195.987488,14822.183935946601,18.66028528375574,True,2020-11-27,True,True,True
2020-12-07,True,2020-12-06,19410.0,15909.889383626602,16.09546025479993,True,2020-12-04,True,True,True
2020-12-14,True,2020-12-13,19180.0,16776.5082445706,4.397996951883298,True,2020-12-11,False,False,True
2020-12-21,True,2020-12-20,23427.0,17964.6682445706,18.941287687667273,True,2020-12-18,True,True,True
2020-12-28,True,2020-12-27,26241.0,19351.8934569846,36.69987095301344,True,2020-12-24,True,True,True
2021-01-04,True,2021-01-03,32968.0,21275.301103574002,70.9781143034955,True,2020-12-31,True,True,True
2021-01-11,True,2021-01-10,38200.0,24030.143826708998,68.19093905556343,True,2021-01-08,True,True,True
2021-01-19,True,2021-01-18,36699.0,26959.331755930205,34.34983160052716,True,2021-01-15,True,True,True
2021-01-25,True,2021-01-24,32320.0,28654.206308250203,1.031572366364486,True,2021-01-22,True,True,True
2021-02-01,False,2021-01-31,33138.0,30648.391445601996,-6.410980569362856,False,2021-01-29,False,True,True
2021-02-08,True,2021-02-07,38837.0,32871.102411862,5.825771819395631,True,2021-02-05,True,True,True
2021-02-16,True,2021-02-15,47906.0,36522.587729637,47.316953165841504,True,2021-02-12,True,True,True
2021-02-22,True,2021-02-21,57376.0,39486.277292257,70.93487457546325,True,2021-02-19,True,True,True
2021-03-01,False,2021-02-28,45300.0,41124.317292257,-2.4631814658513496,False,2021-02-26,True,False,True
2021-03-08,True,2021-03-07,51000.0,42896.21569725619,6.458481192334986,True,2021-03-05,True,True,True
2021-03-15,True,2021-03-14,59000.0,46069.859594877,9.107720758206206,True,2021-03-12,True,True,True
2021-03-22,True,2021-03-21,57366.0,49531.527423466396,15.703912868091962,True,2021-03-19,True,True,True
2021-03-29,True,2021-03-28,55780.0,52018.692453776,6.452413213992636,True,2021-03-26,True,True,True
2021-04-05,True,2021-04-04,58240.23918672,53799.9372375104,4.583104415170225,True,2021-04-01,True,True,True
2021-04-12,True,2021-04-11,60032.0,54763.2972375104,11.026447198076571,True,2021-04-09,False,False,True
2021-04-19,False,2021-04-18,56172.0,56306.9572375104,-2.605981794538359,False,2021-04-16,True,False,True
2021-04-26,False,2021-04-25,49129.0,56869.803016360805,-16.9346521261307,False,2021-04-23,False,True,True
2021-05-03,False,2021-05-02,56605.0,56847.07911874,-5.459798911046532,False,2021-04-30,False,True,True
2021-05-10,True,2021-05-09,58276.0,56739.6265591544,4.756426388639223,True,2021-05-07,False,False,True
2021-05-17,False,2021-05-16,46597.0,56238.4861509776,-13.871945584266754,False,2021-05-14,False,True,True
2021-05-24,False,2021-05-23,34747.0,53591.08293335701,-39.19715820603006,False,2021-05-21,False,True,True
2021-06-01,False,2021-05-31,37280.0,50206.735108946006,-34.27536829237952,False,2021-05-28,False,True,True
2021-06-07,False,2021-06-06,35780.0,47224.035108946,-17.811365829007208,False,2021-06-04,False,True,True
2021-06-14,False,2021-06-13,38998.89297611,44780.4071896178,0.3961719040030953,False,2021-06-11,False,True,True
2021-06-21,False,2021-06-20,35631.0,42420.5471896178,-4.423283261802579,False,2021-06-18,False,True,True
2021-06-28,False,2021-06-27,34744.0,39103.6028695656,3.491004408435594,False,2021-06-25,False,True,True
2021-07-06,False,2021-07-05,33672.36648837,36362.0810826722,-16.1064192929965,False,2021-07-02,False,True,True
2021-07-12,False,2021-07-11,34244.0,35638.924884893,7.935390370660689,False,2021-07-09,False,True,True
2021-07-19,False,2021-07-18,31820.0,34944.2607888076,-7.753365520013922,False,2021-07-16,False,True,True
2021-07-26,True,2021-07-25,35415.0,34339.1207888076,5.175262962975546,True,2021-07-23,False,False,True
2021-08-02,True,2021-08-01,39867.0,34952.252173820205,20.524215490658438,True,2021-07-30,True,True,True
2021-08-09,True,2021-08-08,43793.0,35386.903439449,41.88563097359468,True,2021-08-06,True,True,True
2021-08-16,True,2021-08-15,47022.0,37218.1921297258,26.165817011000804,True,2021-08-13,True,True,True
2021-08-23,True,2021-08-22,49266.0,38963.6956006146,25.840828224782864,True,2021-08-20,True,True,True
2021-08-30,True,2021-08-29,48800.0,41016.202671818595,5.440062230722753,True,2021-08-27,True,True,True
2021-09-07,True,2021-09-06,52676.0,43757.046666210794,17.856583510459778,True,2021-09-03,True,True,True
2021-09-13,False,2021-09-12,46038.87431928,45402.8765003148,-7.039123030227157,False,2021-09-10,False,True,True
2021-09-20,True,2021-09-19,47239.0,46502.5251153022,0.4981553051464749,True,2021-09-17,False,False,True
2021-09-27,False,2021-09-26,43190.0,46816.648842693,-18.008201078289922,False,2021-09-24,False,True,True
2021-10-04,True,2021-10-03,48242.0,46658.36447246839,7.299822064056949,True,2021-10-01,True,True,True
2021-10-11,True,2021-10-10,54691.0,47582.17519199519,27.114468332364904,True,2021-10-08,True,True,True
2021-10-18,True,2021-10-17,61504.0,49021.320206423596,45.809724757592285,True,2021-10-15,True,True,True
2021-10-25,True,2021-10-24,60847.0,50949.19324192341,23.542191180053607,True,2021-10-22,True,True,True
2021-11-01,True,2021-10-31,61330.0,52831.5407808334,6.681278157560566,True,2021-10-29,True,True,True
2021-11-08,True,2021-11-07,63263.0,54923.58196238399,2.046972287640747,True,2021-11-05,True,True,True
2021-11-15,True,2021-11-14,65474.0,57985.4091098422,3.7622820919176014,True,2021-11-12,True,True,True
2021-11-22,False,2021-11-21,58691.0,60184.14542903201,-3.704736747116444,False,2021-11-19,False,True,True
2021-11-29,False,2021-11-28,57356.0,60763.68168815141,-15.060865444421411,False,2021-11-26,False,True,True
2021-12-06,False,2021-12-05,49474.0,60273.96168815141,-22.162961564481364,False,2021-12-03,False,True,True
2021-12-13,False,2021-12-12,50123.0,58434.12262340999,-10.941626359762079,False,2021-12-10,False,True,True
2021-12-20,False,2021-12-19,46704.0,56515.1572102476,-19.25311203319502,False,2021-12-17,False,True,True
2021-12-27,False,2021-12-26,50797.0,54815.203424575404,0.562231504761157,False,2021-12-23,False,True,True
2022-01-03,False,2022-01-02,47302.0,52359.463424575406,1.1829291878854953,False,2021-12-31,False,True,True
2022-01-10,False,2022-01-09,41856.0,49951.696537611395,-10.756700283576048,False,2022-01-07,False,True,True
2022-01-18,False,2022-01-17,42223.0,47708.314549083,-11.214147531331486,False,2022-01-14,False,True,True
2022-01-24,False,2022-01-23,36308.0,45730.8331340558,-21.830864622803993,False,2022-01-21,False,True,True
2022-01-31,False,2022-01-30,37914.38083181,44054.755534291806,-9.397613134011994,False,2022-01-28,False,True,True
2022-02-07,False,2022-02-06,42412.0,42895.5410608258,0.44762333325438775,False,2022-02-04,False,True,True
2022-02-14,True,2022-02-13,42090.0,42083.8961785618,14.680398888343959,True,2022-02-11,False,False,True
2022-02-22,False,2022-02-21,37060.861799,40950.002959082,-4.26765737865834,False,2022-02-18,False,True,True
2022-02-28,False,2022-02-27,37734.2155012,40310.8202202832,-13.976483526273798,False,2022-02-25,False,True,True
2022-03-07,False,2022-03-06,38437.04838587,40151.106255262,-9.674652474808475,False,2022-03-04,False,True,True
2022-03-14,False,2022-03-13,37776.0,39989.3476702892,1.9296318711598204,False,2022-03-11,False,True,True
2022-03-21,False,2022-03-20,41264.0,40517.4931668898,-4.485903430396743,False,2022-03-18,True,False,True
2022-03-28,True,2022-03-27,46813.0,41187.9140751196,23.12406301780594,True,2022-03-25,True,True,True
2022-04-04,True,2022-04-03,46390.0,41640.894075119606,16.818071040820758,True,2022-04-01,True,True,True
2022-04-11,True,2022-04-10,42177.51505057,41883.4330714476,2.8443955294189305,True,2022-04-08,True,True,True
2022-04-18,False,2022-04-17,39707.55271232,42155.07161633099,-15.731000186078091,False,2022-04-14,False,True,True
2022-04-25,False,2022-04-24,39480.58123889,42004.0453539612,-15.297716764519098,False,2022-04-22,False,True,True
2022-05-02,False,2022-05-01,38496.07041811,41967.3928216708,-2.704164135596221,False,2022-04-29,False,True,True
2022-05-09,False,2022-05-08,34064.0,41473.204105417004,-16.554798882955268,False,2022-05-06,False,True,True
2022-05-16,False,2022-05-15,31318.0,39668.335580551,-22.586613829581204,False,2022-05-13,False,True,True
2022-05-23,False,2022-05-22,30283.0,37311.8642808076,-21.38573764959373,False,2022-05-20,False,True,True
2022-05-31,False,2022-05-30,31726.27832771,34991.6067694296,2.1056846283148856,False,2022-05-27,False,True,True
2022-06-06,False,2022-06-05,29923.41356674,33789.047930744404,0.198947116059478,False,2022-06-03,False,True,True
2022-06-13,False,2022-06-12,26636.0,32267.7501342098,-8.473644423063709,False,2022-06-10,False,True,True
2022-06-21,False,2022-06-20,20549.09798559,29393.0916726086,-35.34969958914582,False,2022-06-17,False,True,True
2022-06-27,False,2022-06-26,21056.0,27420.409280273398,-32.88246627381029,False,2022-06-24,False,True,True
2022-07-05,False,2022-07-04,20231.0,25717.909280273398,-8.637979991310274,False,2022-07-01,False,True,True
2022-07-11,False,2022-07-10,20854.59638401,24685.5487560094,1.4866754668950932,False,2022-07-08,False,True,True
2022-07-18,False,2022-07-17,20787.94254165,23435.612813428797,0.33759311540690895,False,2022-07-15,False,True,True
2022-07-25,True,2022-07-24,22580.43244993,22375.472372988403,11.613031733132306,True,2022-07-22,True,True,True
2022-08-01,True,2022-07-31,23294.0,21370.444421065404,16.79703168872844,True,2022-07-29,True,True,True
2022-08-08,True,2022-08-07,23177.92133232,21519.203993216004,3.302229943040502,True,2022-08-05,True,True,True
2022-08-15,True,2022-08-14,24300.0,21968.3764886172,14.100577546133252,True,2022-08-12,True,True,True
2022-08-22,False,2022-08-21,21511.72749449,22315.5207459606,-7.502027244981269,False,2022-08-19,False,True,True
2022-08-29,False,2022-08-28,19571.0,22329.536727541603,-17.827602132930267,False,2022-08-26,False,True,True
2022-09-06,False,2022-09-05,19788.90905518,22252.753460609598,-17.04850328982227,False,2022-09-02,False,True,True
2022-09-12,False,2022-09-11,21834.0,21951.7568521728,2.0518812806730624,False,2022-09-09,False,True,True
2022-09-19,False,2022-09-18,19417.99098587,21602.4122576288,-4.377845147633819,False,2022-09-16,False,True,True
2022-09-26,False,2022-09-25,18817.0,21045.694239996003,-4.911382696589783,False,2022-09-23,False,True,True
2022-10-03,False,2022-10-02,19066.91978561,20411.7714666062,-14.860818103996431,False,2022-09-30,False,True,True
2022-10-10,False,2022-10-09,19444.42907034,19966.2692332182,-0.5120917005384307,False,2022-10-07,False,True,True
2022-10-17,False,2022-10-16,19267.0,19698.162453435,0.16636340005198313,False,2022-10-14,False,True,True
2022-10-24,False,2022-10-23,19585.0,19605.122453435,-0.23940505297473935,False,2022-10-21,False,True,True
2022-10-31,True,2022-10-30,20647.0,19653.184403653002,7.941237975742377,True,2022-10-28,True,True,True
2022-11-07,True,2022-11-06,20932.0,19663.520168915802,7.047151477958469,True,2022-11-04,True,True,True
2022-11-14,False,2022-11-13,16345.0,19441.897582435202,-15.486039296794207,False,2022-11-11,False,True,True
2022-11-21,False,2022-11-20,16278.0,19073.9858697778,-20.62996733141548,False,2022-11-18,False,True,True
2022-11-28,False,2022-11-27,16435.0,18604.0885814068,-20.253287398709297,False,2022-11-25,False,True,True
2022-12-05,False,2022-12-04,17127.0,18273.98,3.013352580295914,False,2022-12-02,False,True,True
2022-12-12,False,2022-12-11,17110.0,17970.02,8.53155724706629,False,2022-12-09,False,True,True
2022-12-19,False,2022-12-18,16755.0,17546.54,3.3366226717651326,False,2022-12-16,False,True,True
2022-12-27,False,2022-12-26,16946.0,16927.72,-0.8658008658008698,False,2022-12-23,False,True,True
2023-01-03,False,2023-01-02,16690.0,16798.98,-6.1568737700309235,False,2022-12-30,False,True,True
2023-01-09,True,2023-01-08,17140.0,16823.62,4.213534383170181,True,2023-01-06,True,True,True
2023-01-17,True,2023-01-16,21197.0,17294.02,26.77631578947368,True,2023-01-13,True,True,True
2023-01-23,True,2023-01-22,22713.0,17899.08,36.08747753145596,True,2023-01-20,True,True,True
2023-01-30,True,2023-01-29,23746.0,18736.66,38.178644166424206,True,2023-01-27,True,True,True
2023-02-06,True,2023-02-05,22932.0,19578.94,8.185120535924906,True,2023-02-03,True,True,True
2023-02-13,False,2023-02-12,21796.0,20350.64,-4.862505456132693,False,2023-02-10,False,True,True
2023-02-21,True,2023-02-20,24835.0,21482.6,7.348173762697208,True,2023-02-17,True,True,True
2023-02-27,True,2023-02-26,23561.0,22313.3,3.5420786640298907,True,2023-02-24,False,False,True
2023-03-06,False,2023-03-05,22431.0,22941.82,3.0220915813162996,False,2023-03-03,False,True,True
2023-03-13,False,2023-03-12,22083.0,22923.76,-11.081135494262128,False,2023-03-10,False,True,True
2023-03-20,True,2023-03-19,27943.0,23325.84,18.89626414773211,True,2023-03-17,True,True,True
2023-03-27,True,2023-03-26,27978.0,23938.48,24.873912073197957,True,2023-03-24,True,True,True
2023-04-03,True,2023-04-02,28173.0,24711.24,16.499193648430712,True,2023-03-31,True,True,True
2023-04-10,True,2023-04-09,28320.0,25379.28,2.1866204806235023,True,2023-04-06,True,True,True
2023-04-17,True,2023-04-16,30286.0,26239.14,11.645224315257853,True,2023-04-14,True,True,True
2023-04-24,False,2023-04-23,27612.0,26990.92,-0.6583917970858111,False,2023-04-21,False,True,True
2023-05-01,False,2023-04-30,29254.0,28025.48,-1.212305406409342,False,2023-04-28,True,False,True
2023-05-08,False,2023-05-07,28484.0,28564.12,-3.2374222916737416,False,2023-05-05,False,True,True
2023-05-15,False,2023-05-14,26937.0,28489.76,-2.1255722694571655,False,2023-05-12,False,True,True
2023-05-22,False,2023-05-21,26760.0,28363.62,-4.772072168250241,False,2023-05-19,False,True,True
2023-05-30,False,2023-05-29,27772.0,28204.4,0.37588549949401084,False,2023-05-26,False,True,True
2023-06-05,False,2023-06-04,27126.0,27852.84,-0.2573907927636454,False,2023-06-02,False,True,True
2023-06-12,False,2023-06-11,25953.0,27490.48,-3.409133201831105,False,2023-06-09,False,True,True
2023-06-20,False,2023-06-19,26858.0,27081.26,-3.12015294160084,False,2023-06-16,False,True,True
2023-06-26,True,2023-06-25,30488.0,27219.66,18.492032646715906,True,2023-06-23,True,True,True
2023-07-03,True,2023-07-02,30649.0,27644.0,18.185323718813873,True,2023-06-30,True,True,True
2023-07-10,True,2023-07-09,30188.0,28119.66,12.398540472112597,True,2023-07-07,True,True,True
2023-07-17,False,2023-07-16,30262.0,28651.8,-0.08254366559909965,False,2023-07-14,False,True,True
2023-07-24,False,2023-07-23,30122.0,29006.72,-3.3839048016165774,False,2023-07-21,False,True,True
2023-07-31,False,2023-07-30,29315.0,29404.32,-3.711611101987189,False,2023-07-28,False,True,True
2023-08-07,False,2023-08-06,29095.0,29868.58,-3.5695346679040174,False,2023-08-04,False,True,True
2023-08-14,False,2023-08-13,29314.0,29939.04,0.3079660552970154,False,2023-08-11,False,True,True
2023-08-21,False,2023-08-20,26215.0,29524.04,-10.446486523417487,False,2023-08-18,False,True,True
2023-08-28,False,2023-08-27,26121.0,28911.18,-10.614926598911811,False,2023-08-25,False,True,True
2023-09-05,False,2023-09-04,25823.0,28242.18,-11.565068493150687,False,2023-09-01,False,True,True
2023-09-11,False,2023-09-10,25860.0,27760.86,-1.0862913096695181,False,2023-09-08,False,True,True
2023-09-18,False,2023-09-17,26547.0,27311.44,1.5298122155505522,False,2023-09-15,False,True,True
2023-09-25,False,2023-09-24,26299.0,26958.76,1.8433179723502224,False,2023-09-22,False,True,True
2023-10-02,True,2023-10-01,28010.0,26596.4,11.225826946749784,True,2023-09-29,True,True,True
2023-10-09,True,2023-10-08,27929.0,26566.96,4.259369867104668,True,2023-10-06,True,True,True
2023-10-16,True,2023-10-15,27168.0,26695.58,3.1826813520698716,True,2023-10-13,True,True,True
2023-10-23,True,2023-10-22,30023.0,27068.64,9.047653639401432,True,2023-10-20,True,True,True
2023-10-30,True,2023-10-29,34552.0,28205.32,25.10681439640814,True,2023-10-27,True,True,True
2023-11-06,True,2023-11-05,35074.0,29437.34,22.9631187771701,True,2023-11-03,True,True,True
2023-11-13,True,2023-11-12,37046.0,30773.18,11.975577318341202,True,2023-11-10,True,True,True
2023-11-20,True,2023-11-19,37369.0,32181.84,8.347347057118014,True,2023-11-17,True,True,True
2023-11-27,True,2023-11-26,37443.0,33516.0,6.8182466550651855,True,2023-11-24,True,True,True
2023-12-04,True,2023-12-03,39940.0,35081.88,9.415664465934315,True,2023-12-01,True,True,True
2023-12-11,True,2023-12-10,43809.0,37163.74,16.97684975034044,True,2023-12-08,True,True,True
2023-12-18,True,2023-12-17,41411.0,38377.24,11.13168558623836,True,2023-12-15,True,True,True
2023-12-26,False,2023-12-25,43641.0,39738.44,-1.0677366702937952,False,2023-12-22,True,False,True
2024-01-02,True,2024-01-01,44175.0,40642.02,6.443218235705173,True,2023-12-29,False,False,True
2024-01-08,True,2024-01-07,43959.0,41541.46,3.0160292463442095,True,2024-01-05,True,True,True
2024-01-16,False,2024-01-15,42520.0,42696.7,-0.1127607592557811,False,2024-01-12,False,True,True
2024-01-22,False,2024-01-21,41679.0,43170.7,-5.650254668930388,False,2024-01-19,False,True,True
2024-01-29,False,2024-01-28,42044.0,42863.74,-10.441784177565715,False,2024-01-26,False,True,True
2024-02-05,False,2024-02-04,42583.0,42941.36,0.1481655691439432,False,2024-02-02,True,False,True
2024-02-12,True,2024-02-11,48321.0,43278.64,22.022727272727273,True,2024-02-09,True,True,True
2024-02-20,True,2024-02-19,51731.0,44657.76,20.427879690846453,True,2024-02-16,True,True,True
2024-02-26,True,2024-02-25,51715.0,45556.1,21.092560938487836,True,2024-02-23,True,True,True
2024-03-04,True,2024-03-03,63121.0,47689.84,26.375958516026987,True,2024-03-01,True,True,True
2024-03-11,True,2024-03-10,68951.0,51186.0,33.2875838472096,True,2024-03-08,True,True,True
2024-03-18,True,2024-03-17,68453.0,55295.58,25.828094555347224,True,2024-03-15,True,True,True
2024-03-25,False,2024-03-24,67280.0,58457.06,-1.2012100208523058,False,2024-03-22,True,False,True
2024-04-01,False,2024-03-31,71402.0,62017.9,-0.7437062985668041,False,2024-03-28,True,False,True
2024-04-08,True,2024-04-07,69342.0,64422.04,2.563268203937352,True,2024-04-05,True,True,True
2024-04-15,False,2024-04-14,65793.0,66762.4,-5.773086617781853,False,2024-04-12,True,False,True
2024-04-22,False,2024-04-21,65011.0,67467.36,-6.7153577936892805,False,2024-04-19,False,True,True
2024-04-29,False,2024-04-28,63216.0,67245.7,-11.801883501918386,False,2024-04-26,False,True,True
2024-05-06,False,2024-05-05,64180.0,66091.48,1.089969758064524,False,2024-05-03,False,True,True
2024-05-13,False,2024-05-12,61612.0,65574.42,-7.896074386342566,False,2024-05-10,False,True,True
2024-05-20,True,2024-05-19,66339.0,64973.92,3.7195121951219434,True,2024-05-17,True,True,True
2024-05-28,True,2024-05-27,69492.0,65128.94,11.30473780312009,True,2024-05-24,True,True,True
2024-06-03,True,2024-06-02,67816.0,65029.44,7.610282450015871,True,2024-05-31,True,True,True
2024-06-10,False,2024-06-09,69646.0,65885.58,-2.4948199585596686,False,2024-06-07,True,False,True
2024-06-17,False,2024-06-16,66677.0,66208.28,-4.050825994359064,False,2024-06-14,False,True,True
2024-06-24,False,2024-06-23,63292.0,66632.08,-8.084636721416228,False,2024-06-21,False,True,True
2024-07-01,False,2024-06-30,62867.0,66498.9,-9.58291385013663,False,2024-06-28,False,True,True
2024-07-08,False,2024-07-07,56039.0,65730.92,-15.818173624359687,False,2024-07-05,False,True,True
2024-07-15,False,2024-07-14,60946.0,64245.24,0.9507718810044308,False,2024-07-12,False,True,True
2024-07-22,True,2024-07-21,68265.0,63897.84,8.438041078264735,True,2024-07-19,True,True,True
2024-07-29,True,2024-07-28,68419.0,63531.54,20.301373235102773,True,2024-07-26,True,True,True
2024-08-05,False,2024-08-04,58220.0,62936.12,-10.267870904102839,False,2024-08-02,False,True,True
2024-08-12,False,2024-08-11,58817.0,61954.48,-13.118555939614174,False,2024-08-09,False,True,True
2024-08-19,False,2024-08-18,58543.0,61628.1,-12.534922982684172,False,2024-08-16,False,True,True
2024-08-26,True,2024-08-25,64361.0,61882.04,18.839321983825098,True,2024-08-23,True,True,True
2024-09-03,False,2024-09-02,59308.0,62112.96,-2.2384861372102938,False,2024-08-30,False,True,True
2024-09-09,False,2024-09-08,55011.0,60977.46,-7.681076726857761,False,2024-09-06,False,True,True
2024-09-16,False,2024-09-15,59296.0,59801.6,-5.828542387955404,False,2024-09-13,False,True,True
2024-09-23,True,2024-09-22,63663.0,59395.62,7.343022863694615,True,2024-09-20,True,True,True
2024-09-30,True,2024-09-29,65762.0,60327.76,15.149711083873218,True,2024-09-27,True,True,True
2024-10-07,True,2024-10-06,62894.0,60717.1,7.802269377121118,True,2024-10-04,True,True,True
2024-10-14,False,2024-10-13,62986.0,60856.24,-0.7406707009581459,False,2024-10-11,False,True,True
2024-10-21,True,2024-10-20,69045.0,61860.0,8.787105312913601,True,2024-10-18,True,True,True
2024-10-28,True,2024-10-27,68035.0,63344.44,9.280884077292505,True,2024-10-25,True,True,True
2024-11-04,True,2024-11-03,68807.0,65079.3,3.9710482177125694,True,2024-11-01,True,True,True
2024-11-11,True,2024-11-10,80365.0,66934.06,19.19169447534297,True,2024-11-08,True,True,True
2024-11-18,True,2024-11-17,89843.0,70407.6,28.367314863764314,True,2024-11-15,True,True,True
2024-11-25,True,2024-11-24,97828.0,75071.0,44.16575790621593,True,2024-11-22,True,True,True
2024-12-02,True,2024-12-01,97365.0,79753.8,9.934963755843107,True,2024-11-29,True,True,True
2024-12-09,True,2024-12-08,101240.0,84160.8,11.824156403600817,True,2024-12-06,True,True,True
2024-12-16,True,2024-12-15,104340.0,88753.14,12.00085873765564,True,2024-12-13,True,True,True
2024-12-23,False,2024-12-22,95201.0,92902.52,-0.7413045291517206,False,2024-12-20,True,False,True
2024-12-30,False,2024-12-29,93944.0,96144.28,-3.5581562467919103,False,2024-12-27,False,True,True
2025-01-06,False,2025-01-05,98400.0,97288.16,-7.055823179370924,False,2025-01-03,False,True,True
2025-01-13,False,2025-01-12,94580.0,97486.66,-0.3560968414842325,False,2025-01-10,False,True,True
2025-01-21,True,2025-01-20,102210.0,98240.68,9.013534700668746,True,2025-01-17,True,True,True
2025-01-27,True,2025-01-26,102660.0,99014.2,0.36171668784827915,True,2025-01-24,True,True,True
2025-02-03,False,2025-02-02,97600.0,99293.4,3.0818951859910015,False,2025-01-31,True,False,True
2025-02-10,False,2025-02-09,96615.0,98756.96,-5.474024068095096,False,2025-02-07,False,True,True
2025-02-18,False,2025-02-17,95955.0,98907.96,-5.425783560023656,False,2025-02-14,False,True,True
2025-02-24,False,2025-02-23,96450.0,99019.54,-4.759553668411176,False,2025-02-21,False,True,True
2025-03-03,False,2025-03-02,94466.0,97832.6,-3.1614556637621694,False,2025-02-28,False,True,True
2025-03-10,False,2025-03-09,80952.0,96120.26,-15.635454119118341,False,2025-03-07,False,True,True
2025-03-17,False,2025-03-16,82759.0,93157.52,-10.016200758934879,False,2025-03-14,False,True,True
2025-03-24,False,2025-03-23,86267.0,90652.0,-0.2439926917828794,False,2025-03-21,False,True,True
2025-03-31,False,2025-03-30,82553.0,88981.32,4.7454100211894,False,2025-03-28,False,True,True
2025-04-07,False,2025-04-06,78441.0,86970.86,-6.890534862189302,False,2025-04-04,False,True,True
2025-04-14,False,2025-04-13,83676.0,84842.9,-4.485994109992464,False,2025-04-11,False,True,True
2025-04-21,True,2025-04-20,85019.0,84314.18,2.837685822457159,True,2025-04-17,True,True,True
2025-04-28,True,2025-04-27,93784.0,84887.64,18.340925437544954,True,2025-04-25,True,True,True
2025-05-05,True,2025-05-04,94703.0,86709.9,12.016228236184713,True,2025-05-02,True,True,True
2025-05-12,True,2025-05-11,104090.0,89005.66,18.996718987573313,True,2025-05-09,True,True,True
2025-05-19,True,2025-05-18,106430.0,91484.6,11.97735833175515,True,2025-05-16,True,True,True
2025-05-27,True,2025-05-26,109390.0,95574.0,12.851144605036469,True,2025-05-23,True,True,True
2025-06-02,True,2025-06-01,105630.0,98578.94,2.6929807505347014,True,2025-05-30,False,False,True
2025-06-09,True,2025-06-08,105830.0,101448.9,0.34132928794918804,True,2025-06-06,True,True,True
2025-06-16,False,2025-06-15,105740.0,103636.54,-3.336685254593652,False,2025-06-13,False,True,True
2025-06-23,False,2025-06-22,101200.0,104860.34,-4.420098224404989,False,2025-06-20,False,True,True
2025-06-30,False,2025-06-29,108370.0,105940.8,-1.7408649922930453,False,2025-06-27,True,False,True
2025-07-07,True,2025-07-06,109380.0,106598.6,2.386969952260598,True,2025-07-03,True,True,True
2025-07-14,True,2025-07-13,118940.0,107473.6,12.696607921167335,True,2025-07-11,True,True,True
2025-07-21,True,2025-07-20,117240.0,109065.4,9.314685314685311,True,2025-07-18,True,True,True
2025-07-28,True,2025-07-27,119580.0,110999.8,10.293303818483679,True,2025-07-25,True,True,True
2025-08-04,False,2025-08-03,114450.0,112174.8,-4.481722583875813,False,2025-08-01,False,True,True
2025-08-11,True,2025-08-10,119370.0,113816.6,1.6260854759067023,True,2025-08-08,False,False,True
2025-08-18,False,2025-08-17,117540.0,115651.2,-0.5583756345177715,False,2025-08-15,False,True,True
2025-08-25,False,2025-08-24,113700.0,116573.8,-1.302083333333337,False,2025-08-22,True,False,True
2025-09-02,False,2025-09-01,109410.0,116056.2,-8.885742838107923,False,2025-08-29,False,True,True
2025-09-08,False,2025-09-07,111220.0,115152.2,-4.450171821305837,False,2025-09-05,False,True,True
2025-09-15,True,2025-09-14,115530.0,114605.8,4.684668358100752,True,2025-09-12,True,True,True
2025-09-22,True,2025-09-21,115460.0,114545.0,5.5296590805228085,True,2025-09-19,True,True,True
2025-09-29,False,2025-09-28,112370.0,113946.8,0.2855867916108812,False,2025-09-26,False,True,True
2025-10-06,True,2025-10-05,123480.0,113960.0,6.835092576570334,True,2025-10-03,True,True,True
2025-10-13,True,2025-10-12,115230.0,114436.2,2.1451998936264483,True,2025-10-10,False,False,True
2025-10-20,False,2025-10-19,108840.0,114299.6,-5.009600279280857,False,2025-10-17,False,True,True
2025-10-27,False,2025-10-26,114500.0,114332.4,-8.164902149502728,False,2025-10-24,False,True,True
2025-11-03,False,2025-11-02,110710.0,113946.0,-4.055810728832654,False,2025-10-31,False,True,True
2025-11-10,False,2025-11-09,104780.0,112168.4,-5.39906103286385,False,2025-11-07,False,True,True
2025-11-17,False,2025-11-16,94600.0,110424.5,-17.126587823039863,False,2025-11-14,False,True,True
2025-11-24,False,2025-11-23,87008.0,106358.98,-18.501311352566507,False,2025-11-21,False,True,True
2025-12-01,False,2025-11-30,90413.0,102188.66,-14.7127629468918,False,2025-11-28,False,True,True
2025-12-08,False,2025-12-07,90473.0,99291.8,-2.2346851665748124,False,2025-12-05,False,True,True
2025-12-15,False,2025-12-14,88181.0,96649.58,-0.3277910275683582,False,2025-12-12,False,True,True
2025-12-22,False,2025-12-21,88726.0,93278.66,2.636297384524622,False,2025-12-19,False,True,True
2025-12-29,False,2025-12-28,88013.0,90964.16,-2.9282657607976326,False,2025-12-26,False,True,True
2026-01-05,True,2026-01-04,91456.0,89330.76,5.686716357543187,True,2026-01-02,False,False,True
2026-01-12,True,2026-01-11,90984.0,89589.18,2.627037392138054,True,2026-01-09,True,True,True
2026-01-20,True,2026-01-19,92596.0,90355.42,4.59988251773531,True,2026-01-16,True,True,True
2026-01-26,False,2026-01-25,86653.0,90173.74,-7.5760484662315,False,2026-01-23,False,True,True
2026-02-02,False,2026-02-01,77011.0,89226.5,-15.59143320619054,False,2026-01-30,False,True,True
2026-02-09,False,2026-02-08,70394.0,87025.96,-23.977277636182993,False,2026-02-06,False,True,True
2026-02-17,False,2026-02-16,68961.0,83943.98,-22.725846574482865,False,2026-02-13,False,True,True
2026-02-23,False,2026-02-22,67710.0,81385.22,-14.134625139494773,False,2026-02-20,False,True,True
2026-03-02,False,2026-03-01,65800.0,77802.92,-6.231741553018965,False,2026-02-27,False,True,True
2026-03-09,False,2026-03-08,65993.0,74236.76,-4.303881904264728,False,2026-03-06,False,True,True
2026-03-16,True,2026-03-15,72798.0,71467.04,12.464081569596797,True,2026-03-13,False,False,True
2026-03-23,False,2026-03-22,67877.0,69385.48,-1.4203761527848413,False,2026-03-20,True,False,True
2026-03-30,False,2026-03-29,66015.0,68833.76,-3.5643853626469935,False,2026-03-27,False,True,True
2026-04-06,False,2026-04-05,68990.0,68663.04,-7.854843664436162,False,2026-04-02,False,True,True
2026-04-13,False,2026-04-12,70707.0,69164.8,-0.2876845623387081,False,2026-04-10,True,False,True
2026-04-20,True,2026-04-19,73798.0,70361.04,10.525685187958667,True,2026-04-17,True,True,True
2026-04-27,True,2026-04-26,78694.0,71572.08,14.34092758340113,True,2026-04-24,True,True,True
2026-05-04,True,2026-05-03,78566.0,72653.48,5.632117455665053,True,2026-05-01,True,True,True
2026-05-11,True,2026-05-10,82154.0,73909.34,8.322565333192689,True,2026-05-08,True,True,True
2026-05-18,True,2026-05-17,77427.0,75405.1,0.025837456560773298,True,2026-05-15,True,True,True
2026-05-26,False,2026-05-25,77381.0,76939.48,-4.282374478928297,False,2026-05-22,False,True,True
2026-06-01,False,2026-05-31,73731.0,77252.66,-9.737405888474015,False,2026-05-29,False,True,True
2026-06-08,False,2026-06-07,63410.0,75844.92,-17.676079195066542,False,2026-06-05,False,True,True
2026-06-15,False,2026-06-14,65655.0,73966.22,-15.153590674713435,False,2026-06-12,False,True,True
2026-06-22,False,2026-06-21,63291.0,72142.56,-11.355901343156072,False,2026-06-18,False,True,True
2026-06-29,False,2026-06-28,59576.0,69462.74,-5.652070631087181,False,2026-06-26,False,True,True
2026-07-06,False,2026-07-05,63653.0,66825.9,-3.957692075562802,False,2026-07-02,False,True,True
2026-07-13,False,2026-07-12,63775.0,64943.16,-0.3842489183236708,False,2026-07-10,False,True,True
2026-07-20,True,2026-07-19,64764.0,63416.94,7.513529665659546,True,2026-07-17,True,True,True
2026-07-27,True,2026-07-26,65441.0,63323.2,2.1478186217123163,True,2026-07-24,True,True,True
2026-08-03,True,2026-08-02,63601.0,63412.54,2.030961738990933,True,2026-07-31,False,False,True
2026-08-10,False,2026-08-09,64927.0,63389.74,-0.5437946141355954,False,2026-08-07,True,False,True
2026-08-17,False,2026-08-16,62921.0,63642.26,-1.3313470283832562,False,2026-08-14,False,True,True
