trait,mean_diff,median_diff,pct_months_low_max_lower,size_valuation_quality,sector_composition
realized_vol_20d,-0.10928096776026491,-0.09901478021005422,1.0,BLOCKED_BY_PIT_DATA,BLOCKED_NO_RELIABLE_HISTORICAL_SECTOR_METADATA
realized_vol_60d,-0.08535789929547175,-0.07542002655833766,0.9927536231884058,BLOCKED_BY_PIT_DATA,BLOCKED_NO_RELIABLE_HISTORICAL_SECTOR_METADATA
realized_vol_252d,-0.07255412807539977,-0.07146469525079191,0.9637681159420289,BLOCKED_BY_PIT_DATA,BLOCKED_NO_RELIABLE_HISTORICAL_SECTOR_METADATA
beta_60d,-0.38780028743699807,-0.41132870224314294,1.0,BLOCKED_BY_PIT_DATA,BLOCKED_NO_RELIABLE_HISTORICAL_SECTOR_METADATA
beta_252d,-0.31923695574329686,-0.324906106526737,0.9565217391304348,BLOCKED_BY_PIT_DATA,BLOCKED_NO_RELIABLE_HISTORICAL_SECTOR_METADATA
mom_12_1,-0.006524796474816167,-0.005375130108798698,0.47101449275362317,BLOCKED_BY_PIT_DATA,BLOCKED_NO_RELIABLE_HISTORICAL_SECTOR_METADATA
downside_vol_60d,-0.044265896587090334,-0.03892888525739885,1.0,BLOCKED_BY_PIT_DATA,BLOCKED_NO_RELIABLE_HISTORICAL_SECTOR_METADATA
recent_drawdown_252d,0.025068111155915597,0.014891869602226104,0.2608695652173913,BLOCKED_BY_PIT_DATA,BLOCKED_NO_RELIABLE_HISTORICAL_SECTOR_METADATA
max_factor,-0.011524006160043766,-0.010570333931930619,1.0,BLOCKED_BY_PIT_DATA,BLOCKED_NO_RELIABLE_HISTORICAL_SECTOR_METADATA
