signal_date,execution_date,symbol,reason,top_k,detail,spy_above_ma,vs,challenger_score,incumbent_score,needed,cash,weight,replaced
2005-01-31,2005-02-01,SPY,below_ma,,,,,,,,,,
2005-01-31,2005-02-01,QQQ,below_ma,,,,,,,,,,
2005-01-31,2005-02-01,IWM,below_ma,,,,,,,,,,
2005-01-31,2005-02-01,GLD,below_ma,,,,,,,,,,
2005-01-31,2005-02-01,,regime_topk,0.0,all_risk_below_ma,False,,,,,,,
2005-02-28,2005-03-01,SPY,below_ma,,,,,,,,,,
2005-02-28,2005-03-01,QQQ,below_ma,,,,,,,,,,
2005-02-28,2005-03-01,IWM,below_ma,,,,,,,,,,
2005-02-28,2005-03-01,GLD,below_ma,,,,,,,,,,
2005-02-28,2005-03-01,,regime_topk,0.0,all_risk_below_ma,False,,,,,,,
2005-03-31,2005-04-01,SPY,below_ma,,,,,,,,,,
2005-03-31,2005-04-01,QQQ,below_ma,,,,,,,,,,
2005-03-31,2005-04-01,IWM,below_ma,,,,,,,,,,
2005-03-31,2005-04-01,GLD,below_ma,,,,,,,,,,
2005-03-31,2005-04-01,,regime_topk,0.0,all_risk_below_ma,False,,,,,,,
2005-04-29,2005-05-02,SPY,below_ma,,,,,,,,,,
2005-04-29,2005-05-02,QQQ,below_ma,,,,,,,,,,
2005-04-29,2005-05-02,IWM,below_ma,,,,,,,,,,
2005-04-29,2005-05-02,GLD,below_ma,,,,,,,,,,
2005-04-29,2005-05-02,,regime_topk,0.0,all_risk_below_ma,False,,,,,,,
2005-05-31,2005-06-01,SPY,below_ma,,,,,,,,,,
2005-05-31,2005-06-01,QQQ,below_ma,,,,,,,,,,
2005-05-31,2005-06-01,IWM,below_ma,,,,,,,,,,
2005-05-31,2005-06-01,GLD,below_ma,,,,,,,,,,
2005-05-31,2005-06-01,,regime_topk,0.0,all_risk_below_ma,False,,,,,,,
2005-06-30,2005-07-01,SPY,below_ma,,,,,,,,,,
2005-06-30,2005-07-01,QQQ,below_ma,,,,,,,,,,
2005-06-30,2005-07-01,IWM,below_ma,,,,,,,,,,
2005-06-30,2005-07-01,GLD,below_ma,,,,,,,,,,
2005-06-30,2005-07-01,,regime_topk,0.0,all_risk_below_ma,False,,,,,,,
2005-07-29,2005-08-01,SPY,below_ma,,,,,,,,,,
2005-07-29,2005-08-01,QQQ,below_ma,,,,,,,,,,
2005-07-29,2005-08-01,IWM,below_ma,,,,,,,,,,
2005-07-29,2005-08-01,GLD,below_ma,,,,,,,,,,
2005-07-29,2005-08-01,,regime_topk,0.0,all_risk_below_ma,False,,,,,,,
2005-08-31,2005-09-01,SPY,below_ma,,,,,,,,,,
2005-08-31,2005-09-01,QQQ,below_ma,,,,,,,,,,
2005-08-31,2005-09-01,IWM,below_ma,,,,,,,,,,
2005-08-31,2005-09-01,GLD,below_ma,,,,,,,,,,
2005-08-31,2005-09-01,,regime_topk,0.0,all_risk_below_ma,False,,,,,,,
2005-09-30,2005-10-03,SPY,below_ma,,,,,,,,,,
2005-09-30,2005-10-03,QQQ,below_ma,,,,,,,,,,
2005-09-30,2005-10-03,IWM,below_ma,,,,,,,,,,
2005-09-30,2005-10-03,GLD,below_ma,,,,,,,,,,
2005-09-30,2005-10-03,,regime_topk,0.0,all_risk_below_ma,False,,,,,,,
2005-10-31,2005-11-01,SPY,trend_inconsistent,,,,,,,,,,
2005-10-31,2005-11-01,QQQ,trend_inconsistent,,,,,,,,,,
2005-10-31,2005-11-01,IWM,trend_inconsistent,,,,,,,,,,
2005-10-31,2005-11-01,GLD,trend_inconsistent,,,,,,,,,,
2005-10-31,2005-11-01,,regime_topk,0.0,all_risk_below_ma,True,,,,,,,
2005-11-30,2005-12-01,SPY,trend_inconsistent,,,,,,,,,,
2005-11-30,2005-12-01,QQQ,trend_inconsistent,,,,,,,,,,
2005-11-30,2005-12-01,IWM,trend_inconsistent,,,,,,,,,,
2005-11-30,2005-12-01,GLD,trend_inconsistent,,,,,,,,,,
2005-11-30,2005-12-01,,regime_topk,0.0,all_risk_below_ma,True,,,,,,,
2005-12-30,2006-01-03,SPY,trend_inconsistent,,,,,,,,,,
2005-12-30,2006-01-03,QQQ,trend_inconsistent,,,,,,,,,,
2005-12-30,2006-01-03,IWM,trend_inconsistent,,,,,,,,,,
2005-12-30,2006-01-03,GLD,trend_inconsistent,,,,,,,,,,
2005-12-30,2006-01-03,,regime_topk,0.0,all_risk_below_ma,True,,,,,,,
2006-01-31,2006-02-01,,regime_topk,2.0,fixed_topk,True,,,,,,,
2006-02-28,2006-03-01,QQQ,trend_inconsistent,,,,,,,,,,
2006-02-28,2006-03-01,,regime_topk,2.0,fixed_topk,True,,,,,,,
2006-02-28,2006-03-01,SPY,hysteresis_block,,,,IWM,0.061323333451466545,0.12461849636522797,0.13084942118348938,,,
2006-03-31,2006-04-03,,regime_topk,2.0,fixed_topk,True,,,,,,,
2006-03-31,2006-04-03,QQQ,hysteresis_block,,,,IWM,0.10973211878851137,0.2223605207283293,0.23347854676474578,,,
2006-04-28,2006-05-01,QQQ,trend_inconsistent,,,,,,,,,,
2006-04-28,2006-05-01,,regime_topk,2.0,fixed_topk,True,,,,,,,
2006-04-28,2006-05-01,SPY,hysteresis_block,,,,IWM,0.09720075501841233,0.2170871080633702,0.2279414634665387,,,
2006-05-31,2006-06-01,SPY,trend_inconsistent,,,,,,,,,,
2006-05-31,2006-06-01,QQQ,below_ma,,,,,,,,,,
2006-05-31,2006-06-01,IWM,trend_inconsistent,,,,,,,,,,
2006-05-31,2006-06-01,,regime_topk,2.0,fixed_topk,True,,,,,,,
2006-05-31,2006-06-01,IWM,incumbent_ineligible,,,,,,,,,,
2006-05-31,2006-06-01,,cash_fill,,,,,,,,BIL,0.5,
2006-06-30,2006-07-03,SPY,trend_inconsistent,,,,,,,,,,
2006-06-30,2006-07-03,QQQ,below_ma,,,,,,,,,,
2006-06-30,2006-07-03,IWM,trend_inconsistent,,,,,,,,,,
2006-06-30,2006-07-03,,regime_topk,2.0,fixed_topk,True,,,,,,,
2006-06-30,2006-07-03,,cash_fill,,,,,,,,BIL,0.5,
2006-07-31,2006-08-01,SPY,trend_inconsistent,,,,,,,,,,
2006-07-31,2006-08-01,QQQ,below_ma,,,,,,,,,,
2006-07-31,2006-08-01,IWM,below_ma,,,,,,,,,,
2006-07-31,2006-08-01,GLD,trend_inconsistent,,,,,,,,,,
2006-07-31,2006-08-01,,regime_topk,0.0,all_risk_below_ma,True,,,,,,,
2006-08-31,2006-09-01,QQQ,below_ma,,,,,,,,,,
2006-08-31,2006-09-01,IWM,trend_inconsistent,,,,,,,,,,
2006-08-31,2006-09-01,GLD,trend_inconsistent,,,,,,,,,,
2006-08-31,2006-09-01,,regime_topk,2.0,fixed_topk,True,,,,,,,
2006-08-31,2006-09-01,,cash_fill,,,,,,,,BIL,0.5,
2006-09-29,2006-10-02,QQQ,trend_inconsistent,,,,,,,,,,
2006-09-29,2006-10-02,IWM,trend_inconsistent,,,,,,,,,,
2006-09-29,2006-10-02,GLD,below_ma,,,,,,,,,,
2006-09-29,2006-10-02,,regime_topk,2.0,fixed_topk,True,,,,,,,
2006-09-29,2006-10-02,,cash_fill,,,,,,,,BIL,0.5,
2006-10-31,2006-11-01,GLD,below_ma,,,,,,,,,,
2006-10-31,2006-11-01,,regime_topk,2.0,fixed_topk,True,,,,,,,
2006-10-31,2006-11-01,IWM,fill_vacancy,,,,,,,,,,
2006-10-31,2006-11-01,QQQ,hysteresis_block,,,,SPY,0.09902880864168892,0.12126416467020035,0.12732737290371038,,,
2006-11-30,2006-12-01,,regime_topk,2.0,fixed_topk,True,,,,,,,
2006-11-30,2006-12-01,GLD,hysteresis_replace,,,,,0.1555273413228485,0.12176627181179497,0.12785458540238473,,,SPY
2006-11-30,2006-12-01,QQQ,hysteresis_block,,,,IWM,0.11097478362306021,0.12315712905994708,0.12931498551294443,,,
2006-12-29,2007-01-03,,regime_topk,2.0,fixed_topk,True,,,,,,,
2006-12-29,2007-01-03,SPY,hysteresis_replace,,,,,0.13464567065621058,0.09066494854191527,0.09519819596901104,,,GLD
2006-12-29,2007-01-03,QQQ,hysteresis_block,,,,SPY,0.12783414737031876,0.13464567065621058,0.1413779541890211,,,
2007-01-31,2007-02-01,,regime_topk,2.0,fixed_topk,True,,,,,,,
2007-01-31,2007-02-01,QQQ,hysteresis_block,,,,IWM,0.10253419097880263,0.11197421563915727,0.11757292642111514,,,
2007-02-28,2007-03-01,QQQ,trend_inconsistent,,,,,,,,,,
2007-02-28,2007-03-01,,regime_topk,2.0,fixed_topk,True,,,,,,,
2007-02-28,2007-03-01,GLD,hysteresis_replace,,,,,0.14498909425757994,0.08428683098098291,0.08850117253003206,,,SPY
2007-03-30,2007-04-02,,regime_topk,2.0,fixed_topk,True,,,,,,,
2007-03-30,2007-04-02,SPY,hysteresis_replace,,,,,0.0698247033525643,0.05210589010062697,0.05471118460565832,,,IWM
2007-03-30,2007-04-02,QQQ,hysteresis_block,,,,SPY,0.031072096573524454,0.0698247033525643,0.07331593852019251,,,
2007-04-30,2007-05-01,,regime_topk,2.0,fixed_topk,True,,,,,,,
2007-04-30,2007-05-01,QQQ,hysteresis_replace,,,,,0.06796078459938766,0.03744983315284141,0.03932232481048348,,,GLD
2007-04-30,2007-05-01,IWM,hysteresis_block,,,,QQQ,0.05282088915115311,0.06796078459938766,0.07135882382935704,,,
2007-05-31,2007-06-01,GLD,trend_inconsistent,,,,,,,,,,
2007-05-31,2007-06-01,,regime_topk,2.0,fixed_topk,True,,,,,,,
2007-05-31,2007-06-01,IWM,hysteresis_block,,,,SPY,0.12337209318520523,0.14200087530564984,0.14910091907093234,,,
2007-06-29,2007-07-02,GLD,trend_inconsistent,,,,,,,,,,
2007-06-29,2007-07-02,,regime_topk,2.0,fixed_topk,True,,,,,,,
2007-06-29,2007-07-02,IWM,hysteresis_block,,,,SPY,0.09676642616440408,0.11452654181691968,0.12025286890776567,,,
2007-07-31,2007-08-01,SPY,trend_inconsistent,,,,,,,,,,
2007-07-31,2007-08-01,IWM,below_ma,,,,,,,,,,
2007-07-31,2007-08-01,VEA,below_ma,,,,,,,,,,
2007-07-31,2007-08-01,GLD,trend_inconsistent,,,,,,,,,,
2007-07-31,2007-08-01,,regime_topk,2.0,fixed_topk,True,,,,,,,
2007-07-31,2007-08-01,SPY,incumbent_ineligible,,,,,,,,,,
2007-07-31,2007-08-01,,cash_fill,,,,,,,,BIL,0.5,
2007-08-31,2007-09-04,SPY,trend_inconsistent,,,,,,,,,,
2007-08-31,2007-09-04,IWM,below_ma,,,,,,,,,,
2007-08-31,2007-09-04,VEA,below_ma,,,,,,,,,,
2007-08-31,2007-09-04,,regime_topk,2.0,fixed_topk,True,,,,,,,
2007-08-31,2007-09-04,GLD,fill_vacancy,,,,,,,,,,
2007-09-28,2007-10-01,IWM,trend_inconsistent,,,,,,,,,,
2007-09-28,2007-10-01,VEA,below_ma,,,,,,,,,,
2007-09-28,2007-10-01,,regime_topk,2.0,fixed_topk,True,,,,,,,
2007-09-28,2007-10-01,SPY,hysteresis_block,,,,GLD,0.08840862293471252,0.15184963983058825,0.15944212182211767,,,
2007-10-31,2007-11-01,VEA,below_ma,,,,,,,,,,
2007-10-31,2007-11-01,,regime_topk,2.0,fixed_topk,True,,,,,,,
2007-10-31,2007-11-01,SPY,hysteresis_block,,,,QQQ,0.06804574923819477,0.21592907179244789,0.22672552538207028,,,
2007-11-30,2007-12-03,SPY,trend_inconsistent,,,,,,,,,,
2007-11-30,2007-12-03,IWM,below_ma,,,,,,,,,,
2007-11-30,2007-12-03,VEA,below_ma,,,,,,,,,,
2007-11-30,2007-12-03,,regime_topk,2.0,fixed_topk,True,,,,,,,
2007-12-31,2008-01-02,SPY,below_ma,,,,,,,,,,
2007-12-31,2008-01-02,QQQ,trend_inconsistent,,,,,,,,,,
2007-12-31,2008-01-02,IWM,below_ma,,,,,,,,,,
2007-12-31,2008-01-02,VEA,below_ma,,,,,,,,,,
2007-12-31,2008-01-02,,regime_topk,2.0,fixed_topk,False,,,,,,,
2007-12-31,2008-01-02,QQQ,incumbent_ineligible,,,,,,,,,,
2007-12-31,2008-01-02,,cash_fill,,,,,,,,BIL,0.5,
2008-01-31,2008-02-01,SPY,below_ma,,,,,,,,,,
2008-01-31,2008-02-01,QQQ,below_ma,,,,,,,,,,
2008-01-31,2008-02-01,IWM,below_ma,,,,,,,,,,
2008-01-31,2008-02-01,VEA,below_ma,,,,,,,,,,
2008-01-31,2008-02-01,,regime_topk,2.0,fixed_topk,False,,,,,,,
2008-01-31,2008-02-01,,cash_fill,,,,,,,,BIL,0.5,
2008-02-29,2008-03-03,SPY,below_ma,,,,,,,,,,
2008-02-29,2008-03-03,QQQ,below_ma,,,,,,,,,,
2008-02-29,2008-03-03,IWM,below_ma,,,,,,,,,,
2008-02-29,2008-03-03,VEA,below_ma,,,,,,,,,,
2008-02-29,2008-03-03,,regime_topk,2.0,fixed_topk,False,,,,,,,
2008-02-29,2008-03-03,,cash_fill,,,,,,,,BIL,0.5,
2008-03-31,2008-04-01,SPY,below_ma,,,,,,,,,,
2008-03-31,2008-04-01,QQQ,below_ma,,,,,,,,,,
2008-03-31,2008-04-01,IWM,below_ma,,,,,,,,,,
2008-03-31,2008-04-01,VEA,below_ma,,,,,,,,,,
2008-03-31,2008-04-01,,regime_topk,2.0,fixed_topk,False,,,,,,,
2008-03-31,2008-04-01,,cash_fill,,,,,,,,BIL,0.5,
2008-04-30,2008-05-01,SPY,below_ma,,,,,,,,,,
2008-04-30,2008-05-01,QQQ,below_ma,,,,,,,,,,
2008-04-30,2008-05-01,IWM,below_ma,,,,,,,,,,
2008-04-30,2008-05-01,VEA,below_ma,,,,,,,,,,
2008-04-30,2008-05-01,GLD,trend_inconsistent,,,,,,,,,,
2008-04-30,2008-05-01,,regime_topk,0.0,all_risk_below_ma,False,,,,,,,
2008-05-30,2008-06-02,SPY,below_ma,,,,,,,,,,
2008-05-30,2008-06-02,QQQ,trend_inconsistent,,,,,,,,,,
2008-05-30,2008-06-02,IWM,trend_inconsistent,,,,,,,,,,
2008-05-30,2008-06-02,VEA,trend_inconsistent,,,,,,,,,,
2008-05-30,2008-06-02,GLD,trend_inconsistent,,,,,,,,,,
2008-05-30,2008-06-02,,regime_topk,0.0,all_risk_below_ma,False,,,,,,,
2008-06-30,2008-07-01,SPY,below_ma,,,,,,,,,,
2008-06-30,2008-07-01,QQQ,below_ma,,,,,,,,,,
2008-06-30,2008-07-01,IWM,below_ma,,,,,,,,,,
2008-06-30,2008-07-01,VEA,below_ma,,,,,,,,,,
2008-06-30,2008-07-01,,regime_topk,2.0,fixed_topk,False,,,,,,,
2008-06-30,2008-07-01,,cash_fill,,,,,,,,BIL,0.5,
2008-07-31,2008-08-01,SPY,below_ma,,,,,,,,,,
2008-07-31,2008-08-01,QQQ,below_ma,,,,,,,,,,
2008-07-31,2008-08-01,IWM,below_ma,,,,,,,,,,
2008-07-31,2008-08-01,VEA,below_ma,,,,,,,,,,
2008-07-31,2008-08-01,GLD,trend_inconsistent,,,,,,,,,,
2008-07-31,2008-08-01,,regime_topk,0.0,all_risk_below_ma,False,,,,,,,
2008-08-29,2008-09-02,SPY,below_ma,,,,,,,,,,
2008-08-29,2008-09-02,QQQ,below_ma,,,,,,,,,,
2008-08-29,2008-09-02,IWM,trend_inconsistent,,,,,,,,,,
2008-08-29,2008-09-02,VEA,below_ma,,,,,,,,,,
2008-08-29,2008-09-02,GLD,below_ma,,,,,,,,,,
2008-08-29,2008-09-02,,regime_topk,0.0,all_risk_below_ma,False,,,,,,,
2008-09-30,2008-10-01,SPY,below_ma,,,,,,,,,,
2008-09-30,2008-10-01,QQQ,below_ma,,,,,,,,,,
2008-09-30,2008-10-01,IWM,below_ma,,,,,,,,,,
2008-09-30,2008-10-01,VEA,below_ma,,,,,,,,,,
2008-09-30,2008-10-01,GLD,below_ma,,,,,,,,,,
2008-09-30,2008-10-01,,regime_topk,0.0,all_risk_below_ma,False,,,,,,,
2008-10-31,2008-11-03,SPY,below_ma,,,,,,,,,,
2008-10-31,2008-11-03,QQQ,below_ma,,,,,,,,,,
2008-10-31,2008-11-03,IWM,below_ma,,,,,,,,,,
2008-10-31,2008-11-03,VEA,below_ma,,,,,,,,,,
2008-10-31,2008-11-03,GLD,below_ma,,,,,,,,,,
2008-10-31,2008-11-03,,regime_topk,0.0,all_risk_below_ma,False,,,,,,,
2008-11-28,2008-12-01,SPY,below_ma,,,,,,,,,,
2008-11-28,2008-12-01,QQQ,below_ma,,,,,,,,,,
2008-11-28,2008-12-01,IWM,below_ma,,,,,,,,,,
2008-11-28,2008-12-01,VEA,below_ma,,,,,,,,,,
2008-11-28,2008-12-01,GLD,below_ma,,,,,,,,,,
2008-11-28,2008-12-01,,regime_topk,0.0,all_risk_below_ma,False,,,,,,,
2008-12-31,2009-01-02,SPY,below_ma,,,,,,,,,,
2008-12-31,2009-01-02,QQQ,below_ma,,,,,,,,,,
2008-12-31,2009-01-02,IWM,below_ma,,,,,,,,,,
2008-12-31,2009-01-02,VEA,below_ma,,,,,,,,,,
2008-12-31,2009-01-02,GLD,trend_inconsistent,,,,,,,,,,
2008-12-31,2009-01-02,,regime_topk,0.0,all_risk_below_ma,False,,,,,,,
2009-01-30,2009-02-02,SPY,below_ma,,,,,,,,,,
2009-01-30,2009-02-02,QQQ,below_ma,,,,,,,,,,
2009-01-30,2009-02-02,IWM,below_ma,,,,,,,,,,
2009-01-30,2009-02-02,VEA,below_ma,,,,,,,,,,
2009-01-30,2009-02-02,GLD,trend_inconsistent,,,,,,,,,,
2009-01-30,2009-02-02,,regime_topk,0.0,all_risk_below_ma,False,,,,,,,
2009-02-27,2009-03-02,SPY,below_ma,,,,,,,,,,
2009-02-27,2009-03-02,QQQ,below_ma,,,,,,,,,,
2009-02-27,2009-03-02,IWM,below_ma,,,,,,,,,,
2009-02-27,2009-03-02,VEA,below_ma,,,,,,,,,,
2009-02-27,2009-03-02,GLD,trend_inconsistent,,,,,,,,,,
2009-02-27,2009-03-02,,regime_topk,0.0,all_risk_below_ma,False,,,,,,,
2009-03-31,2009-04-01,SPY,below_ma,,,,,,,,,,
2009-03-31,2009-04-01,QQQ,below_ma,,,,,,,,,,
2009-03-31,2009-04-01,IWM,below_ma,,,,,,,,,,
2009-03-31,2009-04-01,VEA,below_ma,,,,,,,,,,
2009-03-31,2009-04-01,GLD,trend_inconsistent,,,,,,,,,,
2009-03-31,2009-04-01,,regime_topk,0.0,all_risk_below_ma,False,,,,,,,
2009-04-30,2009-05-01,SPY,below_ma,,,,,,,,,,
2009-04-30,2009-05-01,QQQ,trend_inconsistent,,,,,,,,,,
2009-04-30,2009-05-01,IWM,below_ma,,,,,,,,,,
2009-04-30,2009-05-01,VEA,below_ma,,,,,,,,,,
2009-04-30,2009-05-01,GLD,trend_inconsistent,,,,,,,,,,
2009-04-30,2009-05-01,,regime_topk,0.0,all_risk_below_ma,False,,,,,,,
2009-05-29,2009-06-01,SPY,below_ma,,,,,,,,,,
2009-05-29,2009-06-01,QQQ,trend_inconsistent,,,,,,,,,,
2009-05-29,2009-06-01,IWM,below_ma,,,,,,,,,,
2009-05-29,2009-06-01,VEA,trend_inconsistent,,,,,,,,,,
2009-05-29,2009-06-01,,regime_topk,2.0,fixed_topk,False,,,,,,,
2009-05-29,2009-06-01,,cash_fill,,,,,,,,BIL,0.5,
2009-06-30,2009-07-01,SPY,trend_inconsistent,,,,,,,,,,
2009-06-30,2009-07-01,QQQ,trend_inconsistent,,,,,,,,,,
2009-06-30,2009-07-01,IWM,trend_inconsistent,,,,,,,,,,
2009-06-30,2009-07-01,VEA,trend_inconsistent,,,,,,,,,,
2009-06-30,2009-07-01,GLD,trend_inconsistent,,,,,,,,,,
2009-06-30,2009-07-01,,regime_topk,0.0,all_risk_below_ma,True,,,,,,,
2009-07-31,2009-08-03,SPY,trend_inconsistent,,,,,,,,,,
2009-07-31,2009-08-03,QQQ,trend_inconsistent,,,,,,,,,,
2009-07-31,2009-08-03,IWM,trend_inconsistent,,,,,,,,,,
2009-07-31,2009-08-03,VEA,trend_inconsistent,,,,,,,,,,
2009-07-31,2009-08-03,,regime_topk,2.0,fixed_topk,True,,,,,,,
2009-07-31,2009-08-03,,cash_fill,,,,,,,,BIL,0.5,
2009-08-31,2009-09-01,SPY,trend_inconsistent,,,,,,,,,,
2009-08-31,2009-09-01,QQQ,trend_inconsistent,,,,,,,,,,
2009-08-31,2009-09-01,IWM,trend_inconsistent,,,,,,,,,,
2009-08-31,2009-09-01,VEA,trend_inconsistent,,,,,,,,,,
2009-08-31,2009-09-01,GLD,trend_inconsistent,,,,,,,,,,
2009-08-31,2009-09-01,,regime_topk,0.0,all_risk_below_ma,True,,,,,,,
2009-09-30,2009-10-01,SPY,trend_inconsistent,,,,,,,,,,
2009-09-30,2009-10-01,IWM,trend_inconsistent,,,,,,,,,,
2009-09-30,2009-10-01,,regime_topk,2.0,fixed_topk,True,,,,,,,
2009-10-30,2009-11-02,,regime_topk,2.0,fixed_topk,True,,,,,,,
2009-10-30,2009-11-02,GLD,hysteresis_replace,,,,,0.2143611370758233,0.1826451809179499,0.1917774399638474,,,VEA
2009-10-30,2009-11-02,SPY,hysteresis_block,,,,QQQ,0.11742768316711198,0.1969494517524935,0.2067969243401182,,,
2009-11-30,2009-12-01,,regime_topk,2.0,fixed_topk,True,,,,,,,
2009-11-30,2009-12-01,VEA,hysteresis_block,,,,QQQ,0.2810417813182585,0.32064297850946494,0.3366751274349382,,,
2009-12-31,2010-01-04,,regime_topk,2.0,fixed_topk,True,,,,,,,
2009-12-31,2010-01-04,IWM,hysteresis_block,,,,GLD,0.1924531805326858,0.18584334289232998,0.19513551003694649,,,
2010-01-29,2010-02-01,VEA,trend_inconsistent,,,,,,,,,,
2010-01-29,2010-02-01,,regime_topk,2.0,fixed_topk,True,,,,,,,
2010-01-29,2010-02-01,IWM,hysteresis_replace,,,,,0.18228974429215436,0.1448621957583318,0.1521053055462484,,,GLD
2010-01-29,2010-02-01,SPY,hysteresis_block,,,,IWM,0.16587721481091525,0.18228974429215436,0.19140423150676208,,,
2010-02-26,2010-03-01,VEA,trend_inconsistent,,,,,,,,,,
2010-02-26,2010-03-01,GLD,trend_inconsistent,,,,,,,,,,
2010-02-26,2010-03-01,,regime_topk,2.0,fixed_topk,True,,,,,,,
2010-02-26,2010-03-01,SPY,hysteresis_block,,,,IWM,0.24568361101357833,0.27816789640783357,0.29207629122822526,,,
2010-03-31,2010-04-01,,regime_topk,2.0,fixed_topk,True,,,,,,,
2010-03-31,2010-04-01,SPY,hysteresis_block,,,,QQQ,0.2846626521081441,0.3458965574386558,0.36319138531058864,,,
2010-04-30,2010-05-03,,regime_topk,2.0,fixed_topk,True,,,,,,,
2010-04-30,2010-05-03,SPY,hysteresis_block,,,,QQQ,0.2091188229124398,0.25749556123160966,0.27037033929319015,,,
2010-05-28,2010-06-01,SPY,trend_inconsistent,,,,,,,,,,
2010-05-28,2010-06-01,VEA,below_ma,,,,,,,,,,
2010-05-28,2010-06-01,,regime_topk,2.0,fixed_topk,True,,,,,,,
2010-05-28,2010-06-01,GLD,hysteresis_replace,,,,,0.15899462024173178,0.11676472116973381,0.12260295722822051,,,QQQ
2010-06-30,2010-07-01,SPY,below_ma,,,,,,,,,,
2010-06-30,2010-07-01,QQQ,below_ma,,,,,,,,,,
2010-06-30,2010-07-01,IWM,below_ma,,,,,,,,,,
2010-06-30,2010-07-01,VEA,below_ma,,,,,,,,,,
2010-06-30,2010-07-01,,regime_topk,2.0,fixed_topk,False,,,,,,,
2010-06-30,2010-07-01,IWM,incumbent_ineligible,,,,,,,,,,
2010-06-30,2010-07-01,,cash_fill,,,,,,,,BIL,0.5,
2010-07-30,2010-08-02,SPY,trend_inconsistent,,,,,,,,,,
2010-07-30,2010-08-02,QQQ,trend_inconsistent,,,,,,,,,,
2010-07-30,2010-08-02,IWM,trend_inconsistent,,,,,,,,,,
2010-07-30,2010-08-02,VEA,trend_inconsistent,,,,,,,,,,
2010-07-30,2010-08-02,,regime_topk,2.0,fixed_topk,True,,,,,,,
2010-07-30,2010-08-02,,cash_fill,,,,,,,,BIL,0.5,
2010-08-31,2010-09-01,SPY,below_ma,,,,,,,,,,
2010-08-31,2010-09-01,QQQ,below_ma,,,,,,,,,,
2010-08-31,2010-09-01,IWM,below_ma,,,,,,,,,,
2010-08-31,2010-09-01,VEA,below_ma,,,,,,,,,,
2010-08-31,2010-09-01,,regime_topk,2.0,fixed_topk,False,,,,,,,
2010-08-31,2010-09-01,,cash_fill,,,,,,,,BIL,0.5,
2010-09-30,2010-10-01,SPY,trend_inconsistent,,,,,,,,,,
2010-09-30,2010-10-01,VEA,trend_inconsistent,,,,,,,,,,
2010-09-30,2010-10-01,,regime_topk,2.0,fixed_topk,True,,,,,,,
2010-09-30,2010-10-01,QQQ,fill_vacancy,,,,,,,,,,
2010-09-30,2010-10-01,IWM,hysteresis_block,,,,QQQ,0.0223016001269774,0.07038096965590648,0.07390001813870181,,,
2010-10-29,2010-11-01,IWM,trend_inconsistent,,,,,,,,,,
2010-10-29,2010-11-01,,regime_topk,2.0,fixed_topk,True,,,,,,,
2010-10-29,2010-11-01,VEA,hysteresis_block,,,,GLD,0.1647090939466043,0.18673725103196065,0.1960741135835587,,,
2010-11-30,2010-12-01,,regime_topk,2.0,fixed_topk,True,,,,,,,
2010-11-30,2010-12-01,IWM,hysteresis_replace,,,,,0.22548216650646014,0.13617069682465122,0.14297923166588378,,,GLD
2010-11-30,2010-12-01,SPY,hysteresis_block,,,,QQQ,0.1320743100740734,0.21610560030932632,0.22691088032479265,,,
2010-12-31,2011-01-03,,regime_topk,2.0,fixed_topk,True,,,,,,,
2010-12-31,2011-01-03,GLD,hysteresis_replace,,,,,0.23776716273599613,0.19695667052781732,0.2068045040542082,,,QQQ
2010-12-31,2011-01-03,SPY,hysteresis_block,,,,IWM,0.15173460459009674,0.23475798781443258,0.24649588720515422,,,
2011-01-31,2011-02-01,GLD,trend_inconsistent,,,,,,,,,,
2011-01-31,2011-02-01,,regime_topk,2.0,fixed_topk,True,,,,,,,
2011-01-31,2011-02-01,GLD,incumbent_ineligible,,,,,,,,,,
2011-01-31,2011-02-01,QQQ,fill_vacancy,,,,,,,,,,
2011-01-31,2011-02-01,SPY,hysteresis_block,,,,QQQ,0.22965934833558815,0.3048204677321179,0.32006149111872384,,,
2011-02-28,2011-03-01,,regime_topk,2.0,fixed_topk,True,,,,,,,
2011-02-28,2011-03-01,SPY,hysteresis_block,,,,QQQ,0.1940605773304655,0.22883818379202836,0.24028009298162978,,,
2011-03-31,2011-04-01,,regime_topk,2.0,fixed_topk,True,,,,,,,
2011-03-31,2011-04-01,GLD,hysteresis_block,,,,QQQ,0.14623853241577317,0.14419972854879184,0.15140971497623143,,,
2011-04-29,2011-05-02,,regime_topk,2.0,fixed_topk,True,,,,,,,
2011-04-29,2011-05-02,GLD,hysteresis_replace,,,,,0.20342836774675951,0.16738515499647763,0.17575441274630152,,,QQQ
2011-04-29,2011-05-02,VEA,hysteresis_block,,,,GLD,0.19601329818229893,0.20342836774675951,0.2135997861340975,,,
2011-05-31,2011-06-01,,regime_topk,2.0,fixed_topk,True,,,,,,,
2011-05-31,2011-06-01,VEA,hysteresis_replace,,,,,0.17083736718783107,0.15073116220619376,0.15826772031650346,,,GLD
2011-05-31,2011-06-01,QQQ,hysteresis_block,,,,IWM,0.16073641413807976,0.17060325474806973,0.17913341748547323,,,
2011-06-30,2011-07-01,QQQ,trend_inconsistent,,,,,,,,,,
2011-06-30,2011-07-01,IWM,trend_inconsistent,,,,,,,,,,
2011-06-30,2011-07-01,,regime_topk,2.0,fixed_topk,True,,,,,,,
2011-06-30,2011-07-01,IWM,incumbent_ineligible,,,,,,,,,,
2011-06-30,2011-07-01,GLD,fill_vacancy,,,,,,,,,,
2011-06-30,2011-07-01,SPY,hysteresis_block,,,,VEA,0.14275079831106052,0.15289108868193677,0.1605356431160336,,,
2011-07-29,2011-08-01,SPY,trend_inconsistent,,,,,,,,,,
2011-07-29,2011-08-01,QQQ,trend_inconsistent,,,,,,,,,,
2011-07-29,2011-08-01,IWM,trend_inconsistent,,,,,,,,,,
2011-07-29,2011-08-01,VEA,trend_inconsistent,,,,,,,,,,
2011-07-29,2011-08-01,,regime_topk,2.0,fixed_topk,True,,,,,,,
2011-07-29,2011-08-01,VEA,incumbent_ineligible,,,,,,,,,,
2011-07-29,2011-08-01,,cash_fill,,,,,,,,BIL,0.5,
2011-08-31,2011-09-01,SPY,below_ma,,,,,,,,,,
2011-08-31,2011-09-01,QQQ,below_ma,,,,,,,,,,
2011-08-31,2011-09-01,IWM,below_ma,,,,,,,,,,
2011-08-31,2011-09-01,VEA,below_ma,,,,,,,,,,
2011-08-31,2011-09-01,,regime_topk,2.0,fixed_topk,False,,,,,,,
2011-08-31,2011-09-01,,cash_fill,,,,,,,,BIL,0.5,
2011-09-30,2011-10-03,SPY,below_ma,,,,,,,,,,
2011-09-30,2011-10-03,QQQ,below_ma,,,,,,,,,,
2011-09-30,2011-10-03,IWM,below_ma,,,,,,,,,,
2011-09-30,2011-10-03,VEA,below_ma,,,,,,,,,,
2011-09-30,2011-10-03,,regime_topk,2.0,fixed_topk,False,,,,,,,
2011-09-30,2011-10-03,,cash_fill,,,,,,,,BIL,0.5,
2011-10-31,2011-11-01,SPY,below_ma,,,,,,,,,,
2011-10-31,2011-11-01,QQQ,trend_inconsistent,,,,,,,,,,
2011-10-31,2011-11-01,IWM,below_ma,,,,,,,,,,
2011-10-31,2011-11-01,VEA,below_ma,,,,,,,,,,
2011-10-31,2011-11-01,,regime_topk,2.0,fixed_topk,False,,,,,,,
2011-10-31,2011-11-01,,cash_fill,,,,,,,,BIL,0.5,
2011-11-30,2011-12-01,SPY,below_ma,,,,,,,,,,
2011-11-30,2011-12-01,QQQ,below_ma,,,,,,,,,,
2011-11-30,2011-12-01,IWM,below_ma,,,,,,,,,,
2011-11-30,2011-12-01,VEA,below_ma,,,,,,,,,,
2011-11-30,2011-12-01,GLD,trend_inconsistent,,,,,,,,,,
2011-11-30,2011-12-01,,regime_topk,0.0,all_risk_below_ma,False,,,,,,,
2011-12-30,2012-01-03,SPY,below_ma,,,,,,,,,,
2011-12-30,2012-01-03,QQQ,below_ma,,,,,,,,,,
2011-12-30,2012-01-03,IWM,below_ma,,,,,,,,,,
2011-12-30,2012-01-03,VEA,below_ma,,,,,,,,,,
2011-12-30,2012-01-03,GLD,below_ma,,,,,,,,,,
2011-12-30,2012-01-03,,regime_topk,0.0,all_risk_below_ma,False,,,,,,,
2012-01-31,2012-02-01,IWM,trend_inconsistent,,,,,,,,,,
2012-01-31,2012-02-01,VEA,below_ma,,,,,,,,,,
2012-01-31,2012-02-01,,regime_topk,2.0,fixed_topk,True,,,,,,,
2012-02-29,2012-03-01,IWM,trend_inconsistent,,,,,,,,,,
2012-02-29,2012-03-01,VEA,trend_inconsistent,,,,,,,,,,
2012-02-29,2012-03-01,GLD,trend_inconsistent,,,,,,,,,,
2012-02-29,2012-03-01,,regime_topk,2.0,fixed_topk,True,,,,,,,
2012-02-29,2012-03-01,GLD,incumbent_ineligible,,,,,,,,,,
2012-02-29,2012-03-01,SPY,fill_vacancy,,,,,,,,,,
2012-03-30,2012-04-02,IWM,trend_inconsistent,,,,,,,,,,
2012-03-30,2012-04-02,VEA,trend_inconsistent,,,,,,,,,,
2012-03-30,2012-04-02,GLD,below_ma,,,,,,,,,,
2012-03-30,2012-04-02,,regime_topk,2.0,fixed_topk,True,,,,,,,
2012-04-30,2012-05-01,IWM,trend_inconsistent,,,,,,,,,,
2012-04-30,2012-05-01,VEA,trend_inconsistent,,,,,,,,,,
2012-04-30,2012-05-01,GLD,below_ma,,,,,,,,,,
2012-04-30,2012-05-01,,regime_topk,2.0,fixed_topk,True,,,,,,,
2012-05-31,2012-06-01,SPY,trend_inconsistent,,,,,,,,,,
2012-05-31,2012-06-01,QQQ,trend_inconsistent,,,,,,,,,,
2012-05-31,2012-06-01,IWM,trend_inconsistent,,,,,,,,,,
2012-05-31,2012-06-01,VEA,below_ma,,,,,,,,,,
2012-05-31,2012-06-01,GLD,below_ma,,,,,,,,,,
2012-05-31,2012-06-01,,regime_topk,0.0,all_risk_below_ma,True,,,,,,,
2012-06-29,2012-07-02,SPY,trend_inconsistent,,,,,,,,,,
2012-06-29,2012-07-02,QQQ,trend_inconsistent,,,,,,,,,,
2012-06-29,2012-07-02,IWM,trend_inconsistent,,,,,,,,,,
2012-06-29,2012-07-02,VEA,below_ma,,,,,,,,,,
2012-06-29,2012-07-02,GLD,below_ma,,,,,,,,,,
2012-06-29,2012-07-02,,regime_topk,0.0,all_risk_below_ma,True,,,,,,,
2012-07-31,2012-08-01,SPY,trend_inconsistent,,,,,,,,,,
2012-07-31,2012-08-01,QQQ,trend_inconsistent,,,,,,,,,,
2012-07-31,2012-08-01,IWM,trend_inconsistent,,,,,,,,,,
2012-07-31,2012-08-01,VEA,below_ma,,,,,,,,,,
2012-07-31,2012-08-01,GLD,below_ma,,,,,,,,,,
2012-07-31,2012-08-01,,regime_topk,0.0,all_risk_below_ma,True,,,,,,,
2012-08-31,2012-09-04,VEA,trend_inconsistent,,,,,,,,,,
2012-08-31,2012-09-04,GLD,trend_inconsistent,,,,,,,,,,
2012-08-31,2012-09-04,,regime_topk,2.0,fixed_topk,True,,,,,,,
2012-09-28,2012-10-01,VEA,trend_inconsistent,,,,,,,,,,
2012-09-28,2012-10-01,,regime_topk,2.0,fixed_topk,True,,,,,,,
2012-09-28,2012-10-01,IWM,hysteresis_block,,,,SPY,0.14781405624822586,0.14395262149123514,0.1511502525657969,,,
2012-10-31,2012-11-01,QQQ,below_ma,,,,,,,,,,
2012-10-31,2012-11-01,GLD,trend_inconsistent,,,,,,,,,,
2012-10-31,2012-11-01,,regime_topk,2.0,fixed_topk,True,,,,,,,
2012-10-31,2012-11-01,QQQ,incumbent_ineligible,,,,,,,,,,
2012-10-31,2012-11-01,VEA,fill_vacancy,,,,,,,,,,
2012-10-31,2012-11-01,IWM,hysteresis_block,,,,SPY,0.09787832906429253,0.11205877255999681,0.11766171118799666,,,
2012-11-30,2012-12-03,QQQ,trend_inconsistent,,,,,,,,,,
2012-11-30,2012-12-03,GLD,trend_inconsistent,,,,,,,,,,
2012-11-30,2012-12-03,,regime_topk,2.0,fixed_topk,True,,,,,,,
2012-11-30,2012-12-03,IWM,hysteresis_block,,,,SPY,0.07424972503428551,0.09467409409977723,0.09940779880476609,,,
2012-12-31,2013-01-02,SPY,trend_inconsistent,,,,,,,,,,
2012-12-31,2013-01-02,QQQ,below_ma,,,,,,,,,,
2012-12-31,2013-01-02,GLD,trend_inconsistent,,,,,,,,,,
2012-12-31,2013-01-02,,regime_topk,2.0,fixed_topk,True,,,,,,,
2012-12-31,2013-01-02,SPY,incumbent_ineligible,,,,,,,,,,
2012-12-31,2013-01-02,IWM,fill_vacancy,,,,,,,,,,
2013-01-31,2013-02-01,GLD,below_ma,,,,,,,,,,
2013-01-31,2013-02-01,,regime_topk,2.0,fixed_topk,True,,,,,,,
2013-01-31,2013-02-01,SPY,hysteresis_block,,,,IWM,0.11032848619087407,0.13377872741329255,0.1404676637839572,,,
2013-02-28,2013-03-01,QQQ,trend_inconsistent,,,,,,,,,,
2013-02-28,2013-03-01,GLD,below_ma,,,,,,,,,,
2013-02-28,2013-03-01,,regime_topk,2.0,fixed_topk,True,,,,,,,
2013-02-28,2013-03-01,SPY,hysteresis_block,,,,VEA,0.08872777795333628,0.10580133437336023,0.11109140109202824,,,
2013-03-28,2013-04-01,GLD,below_ma,,,,,,,,,,
2013-03-28,2013-04-01,,regime_topk,2.0,fixed_topk,True,,,,,,,
2013-03-28,2013-04-01,SPY,hysteresis_replace,,,,,0.1276775941430198,0.11043035067379145,0.11595186820748103,,,VEA
2013-03-28,2013-04-01,QQQ,hysteresis_block,,,,SPY,0.05592411679016554,0.1276775941430198,0.13406147385017078,,,
2013-04-30,2013-05-01,GLD,below_ma,,,,,,,,,,
2013-04-30,2013-05-01,,regime_topk,2.0,fixed_topk,True,,,,,,,
2013-04-30,2013-05-01,VEA,hysteresis_replace,,,,,0.161203033668354,0.14860043450830746,0.15603045623372283,,,SPY
2013-04-30,2013-05-01,QQQ,hysteresis_block,,,,VEA,0.07923078853946733,0.161203033668354,0.1692631853517717,,,
2013-05-31,2013-06-03,GLD,below_ma,,,,,,,,,,
2013-05-31,2013-06-03,,regime_topk,2.0,fixed_topk,True,,,,,,,
2013-05-31,2013-06-03,SPY,hysteresis_replace,,,,,0.20006860499056994,0.15793554873346038,0.1658323261701334,,,VEA
2013-05-31,2013-06-03,QQQ,hysteresis_block,,,,SPY,0.1546723253789894,0.20006860499056994,0.21007203524009846,,,
2013-06-28,2013-07-01,VEA,trend_inconsistent,,,,,,,,,,
2013-06-28,2013-07-01,GLD,below_ma,,,,,,,,,,
2013-06-28,2013-07-01,,regime_topk,2.0,fixed_topk,True,,,,,,,
2013-06-28,2013-07-01,QQQ,hysteresis_block,,,,SPY,0.0935205262684684,0.13125912148574642,0.13782207756003376,,,
2013-07-31,2013-08-01,VEA,trend_inconsistent,,,,,,,,,,
2013-07-31,2013-08-01,GLD,below_ma,,,,,,,,,,
2013-07-31,2013-08-01,,regime_topk,2.0,fixed_topk,True,,,,,,,
2013-07-31,2013-08-01,QQQ,hysteresis_block,,,,SPY,0.15549203979194837,0.1751899744217873,0.18394947314287666,,,
2013-08-30,2013-09-03,GLD,below_ma,,,,,,,,,,
2013-08-30,2013-09-03,,regime_topk,2.0,fixed_topk,True,,,,,,,
2013-08-30,2013-09-03,QQQ,hysteresis_block,,,,SPY,0.10770904606393295,0.10414192924591585,0.10934902570821164,,,
2013-09-30,2013-10-01,GLD,below_ma,,,,,,,,,,
2013-09-30,2013-10-01,,regime_topk,2.0,fixed_topk,True,,,,,,,
2013-09-30,2013-10-01,QQQ,hysteresis_replace,,,,,0.14000475265981543,0.11473964066567555,0.12047662269895933,,,SPY
2013-09-30,2013-10-01,VEA,hysteresis_block,,,,QQQ,0.1297528110754326,0.14000475265981543,0.14700499029280623,,,
2013-10-31,2013-11-01,GLD,below_ma,,,,,,,,,,
2013-10-31,2013-11-01,,regime_topk,2.0,fixed_topk,True,,,,,,,
2013-10-31,2013-11-01,VEA,hysteresis_block,,,,QQQ,0.1805749275905461,0.1994002765461551,0.2093702903734629,,,
2013-11-29,2013-12-02,GLD,below_ma,,,,,,,,,,
2013-11-29,2013-12-02,,regime_topk,2.0,fixed_topk,True,,,,,,,
2013-11-29,2013-12-02,SPY,hysteresis_block,,,,QQQ,0.20073804386378966,0.25241580994765467,0.2650366004450374,,,
2013-12-31,2014-01-02,GLD,below_ma,,,,,,,,,,
2013-12-31,2014-01-02,,regime_topk,2.0,fixed_topk,True,,,,,,,
2013-12-31,2014-01-02,SPY,hysteresis_block,,,,IWM,0.19284716985793623,0.2268638222527436,0.23820701336538078,,,
2014-01-31,2014-02-03,VEA,trend_inconsistent,,,,,,,,,,
2014-01-31,2014-02-03,GLD,below_ma,,,,,,,,,,
2014-01-31,2014-02-03,,regime_topk,2.0,fixed_topk,True,,,,,,,
2014-01-31,2014-02-03,SPY,hysteresis_block,,,,IWM,0.14573347333108497,0.18251037109942003,0.19163588965439105,,,
2014-02-28,2014-03-03,GLD,trend_inconsistent,,,,,,,,,,
2014-02-28,2014-03-03,,regime_topk,2.0,fixed_topk,True,,,,,,,
2014-02-28,2014-03-03,SPY,hysteresis_block,,,,IWM,0.17031636274507278,0.19064468510996774,0.20017691936546614,,,
2014-03-31,2014-04-01,GLD,below_ma,,,,,,,,,,
2014-03-31,2014-04-01,,regime_topk,2.0,fixed_topk,True,,,,,,,
2014-03-31,2014-04-01,SPY,hysteresis_block,,,,IWM,0.13168128381719263,0.14289153867050555,0.15003611560403082,,,
2014-04-30,2014-05-01,GLD,below_ma,,,,,,,,,,
2014-04-30,2014-05-01,,regime_topk,2.0,fixed_topk,True,,,,,,,
2014-04-30,2014-05-01,SPY,hysteresis_replace,,,,,0.1116186513364664,0.07817675585900855,0.08208559365195897,,,IWM
2014-04-30,2014-05-01,VEA,hysteresis_block,,,,SPY,0.07471653498302841,0.1116186513364664,0.11719958390328972,,,
2014-05-30,2014-06-02,IWM,trend_inconsistent,,,,,,,,,,
2014-05-30,2014-06-02,GLD,below_ma,,,,,,,,,,
2014-05-30,2014-06-02,,regime_topk,2.0,fixed_topk,True,,,,,,,
2014-05-30,2014-06-02,VEA,hysteresis_block,,,,SPY,0.09604394735288668,0.10975765217722544,0.11524553478608672,,,
2014-06-30,2014-07-01,,regime_topk,2.0,fixed_topk,True,,,,,,,
2014-06-30,2014-07-01,VEA,hysteresis_block,,,,SPY,0.15564941579656255,0.16275431659980916,0.1708920324297996,,,
2014-07-31,2014-08-01,IWM,below_ma,,,,,,,,,,
2014-07-31,2014-08-01,GLD,trend_inconsistent,,,,,,,,,,
2014-07-31,2014-08-01,,regime_topk,2.0,fixed_topk,True,,,,,,,
2014-07-31,2014-08-01,VEA,hysteresis_block,,,,SPY,0.06815616275573207,0.09443945815570838,0.0991614310634938,,,
2014-08-29,2014-09-02,IWM,trend_inconsistent,,,,,,,,,,
2014-08-29,2014-09-02,VEA,trend_inconsistent,,,,,,,,,,
2014-08-29,2014-09-02,GLD,trend_inconsistent,,,,,,,,,,
2014-08-29,2014-09-02,,regime_topk,2.0,fixed_topk,True,,,,,,,
2014-09-30,2014-10-01,IWM,below_ma,,,,,,,,,,
2014-09-30,2014-10-01,VEA,below_ma,,,,,,,,,,
2014-09-30,2014-10-01,GLD,below_ma,,,,,,,,,,
2014-09-30,2014-10-01,,regime_topk,2.0,fixed_topk,True,,,,,,,
2014-10-31,2014-11-03,VEA,below_ma,,,,,,,,,,
2014-10-31,2014-11-03,GLD,below_ma,,,,,,,,,,
2014-10-31,2014-11-03,,regime_topk,2.0,fixed_topk,True,,,,,,,
2014-10-31,2014-11-03,IWM,hysteresis_block,,,,SPY,0.05634312109665318,0.10171251666741936,0.10679814250079032,,,
2014-11-28,2014-12-01,VEA,below_ma,,,,,,,,,,
2014-11-28,2014-12-01,GLD,below_ma,,,,,,,,,,
2014-11-28,2014-12-01,,regime_topk,2.0,fixed_topk,True,,,,,,,
2014-11-28,2014-12-01,IWM,hysteresis_block,,,,SPY,0.009766793574594734,0.10496840502945051,0.11021682528092304,,,
2014-12-31,2015-01-02,VEA,below_ma,,,,,,,,,,
2014-12-31,2015-01-02,GLD,below_ma,,,,,,,,,,
2014-12-31,2015-01-02,,regime_topk,2.0,fixed_topk,True,,,,,,,
2014-12-31,2015-01-02,IWM,hysteresis_block,,,,SPY,0.06982058968876195,0.09906878693111257,0.1040222262776682,,,
2015-01-30,2015-02-02,SPY,trend_inconsistent,,,,,,,,,,
2015-01-30,2015-02-02,IWM,trend_inconsistent,,,,,,,,,,
2015-01-30,2015-02-02,VEA,below_ma,,,,,,,,,,
2015-01-30,2015-02-02,,regime_topk,2.0,fixed_topk,True,,,,,,,
2015-01-30,2015-02-02,SPY,incumbent_ineligible,,,,,,,,,,
2015-01-30,2015-02-02,GLD,fill_vacancy,,,,,,,,,,
2015-02-27,2015-03-02,VEA,trend_inconsistent,,,,,,,,,,
2015-02-27,2015-03-02,GLD,below_ma,,,,,,,,,,
2015-02-27,2015-03-02,,regime_topk,2.0,fixed_topk,True,,,,,,,
2015-02-27,2015-03-02,GLD,incumbent_ineligible,,,,,,,,,,
2015-02-27,2015-03-02,SPY,fill_vacancy,,,,,,,,,,
2015-02-27,2015-03-02,IWM,hysteresis_block,,,,SPY,0.09772767169499201,0.10624552382889156,0.11155780002033615,,,
2015-03-31,2015-04-01,VEA,trend_inconsistent,,,,,,,,,,
2015-03-31,2015-04-01,GLD,below_ma,,,,,,,,,,
2015-03-31,2015-04-01,,regime_topk,2.0,fixed_topk,True,,,,,,,
2015-03-31,2015-04-01,IWM,hysteresis_replace,,,,,0.07790236746535943,0.07052676918946132,0.0740531076489344,,,SPY
2015-04-30,2015-05-01,GLD,below_ma,,,,,,,,,,
2015-04-30,2015-05-01,,regime_topk,2.0,fixed_topk,True,,,,,,,
2015-04-30,2015-05-01,SPY,hysteresis_block,,,,IWM,0.06116630378083708,0.06599519098747794,0.06929495053685185,,,
2015-05-29,2015-06-01,VEA,trend_inconsistent,,,,,,,,,,
2015-05-29,2015-06-01,GLD,below_ma,,,,,,,,,,
2015-05-29,2015-06-01,,regime_topk,2.0,fixed_topk,True,,,,,,,
2015-05-29,2015-06-01,SPY,hysteresis_block,,,,IWM,0.06600842103515783,0.06830531169828488,0.07172057728319912,,,
2015-06-30,2015-07-01,VEA,trend_inconsistent,,,,,,,,,,
2015-06-30,2015-07-01,GLD,below_ma,,,,,,,,,,
2015-06-30,2015-07-01,,regime_topk,2.0,fixed_topk,True,,,,,,,
2015-06-30,2015-07-01,SPY,hysteresis_block,,,,IWM,0.05401830772859921,0.07549357872159468,0.07926825765767441,,,
2015-07-31,2015-08-03,VEA,trend_inconsistent,,,,,,,,,,
2015-07-31,2015-08-03,GLD,below_ma,,,,,,,,,,
2015-07-31,2015-08-03,,regime_topk,2.0,fixed_topk,True,,,,,,,
2015-07-31,2015-08-03,SPY,hysteresis_block,,,,IWM,0.049790849651239595,0.054721626729020215,0.05745770806547123,,,
2015-08-31,2015-09-01,SPY,below_ma,,,,,,,,,,
2015-08-31,2015-09-01,QQQ,below_ma,,,,,,,,,,
2015-08-31,2015-09-01,IWM,below_ma,,,,,,,,,,
2015-08-31,2015-09-01,VEA,below_ma,,,,,,,,,,
2015-08-31,2015-09-01,GLD,below_ma,,,,,,,,,,
2015-08-31,2015-09-01,,regime_topk,0.0,all_risk_below_ma,False,,,,,,,
2015-09-30,2015-10-01,SPY,below_ma,,,,,,,,,,
2015-09-30,2015-10-01,QQQ,below_ma,,,,,,,,,,
2015-09-30,2015-10-01,IWM,below_ma,,,,,,,,,,
2015-09-30,2015-10-01,VEA,below_ma,,,,,,,,,,
2015-09-30,2015-10-01,GLD,below_ma,,,,,,,,,,
2015-09-30,2015-10-01,,regime_topk,0.0,all_risk_below_ma,False,,,,,,,
2015-10-30,2015-11-02,SPY,trend_inconsistent,,,,,,,,,,
2015-10-30,2015-11-02,IWM,below_ma,,,,,,,,,,
2015-10-30,2015-11-02,VEA,below_ma,,,,,,,,,,
2015-10-30,2015-11-02,GLD,below_ma,,,,,,,,,,
2015-10-30,2015-11-02,,regime_topk,2.0,fixed_topk,True,,,,,,,
2015-10-30,2015-11-02,,cash_fill,,,,,,,,BIL,0.5,
2015-11-30,2015-12-01,SPY,trend_inconsistent,,,,,,,,,,
2015-11-30,2015-12-01,IWM,below_ma,,,,,,,,,,
2015-11-30,2015-12-01,VEA,below_ma,,,,,,,,,,
2015-11-30,2015-12-01,GLD,below_ma,,,,,,,,,,
2015-11-30,2015-12-01,,regime_topk,2.0,fixed_topk,True,,,,,,,
2015-11-30,2015-12-01,,cash_fill,,,,,,,,BIL,0.5,
2015-12-31,2016-01-04,IWM,below_ma,,,,,,,,,,
2015-12-31,2016-01-04,VEA,below_ma,,,,,,,,,,
2015-12-31,2016-01-04,GLD,below_ma,,,,,,,,,,
2015-12-31,2016-01-04,,regime_topk,2.0,fixed_topk,True,,,,,,,
2015-12-31,2016-01-04,SPY,fill_vacancy,,,,,,,,,,
2016-01-29,2016-02-01,SPY,below_ma,,,,,,,,,,
2016-01-29,2016-02-01,QQQ,below_ma,,,,,,,,,,
2016-01-29,2016-02-01,IWM,below_ma,,,,,,,,,,
2016-01-29,2016-02-01,VEA,below_ma,,,,,,,,,,
2016-01-29,2016-02-01,GLD,below_ma,,,,,,,,,,
2016-01-29,2016-02-01,,regime_topk,0.0,all_risk_below_ma,False,,,,,,,
2016-02-29,2016-03-01,SPY,below_ma,,,,,,,,,,
2016-02-29,2016-03-01,QQQ,below_ma,,,,,,,,,,
2016-02-29,2016-03-01,IWM,below_ma,,,,,,,,,,
2016-02-29,2016-03-01,VEA,below_ma,,,,,,,,,,
2016-02-29,2016-03-01,,regime_topk,2.0,fixed_topk,False,,,,,,,
2016-02-29,2016-03-01,,cash_fill,,,,,,,,BIL,0.5,
2016-03-31,2016-04-01,QQQ,trend_inconsistent,,,,,,,,,,
2016-03-31,2016-04-01,IWM,below_ma,,,,,,,,,,
2016-03-31,2016-04-01,VEA,below_ma,,,,,,,,,,
2016-03-31,2016-04-01,,regime_topk,2.0,fixed_topk,True,,,,,,,
2016-03-31,2016-04-01,SPY,fill_vacancy,,,,,,,,,,
2016-04-29,2016-05-02,QQQ,below_ma,,,,,,,,,,
2016-04-29,2016-05-02,IWM,trend_inconsistent,,,,,,,,,,
2016-04-29,2016-05-02,VEA,trend_inconsistent,,,,,,,,,,
2016-04-29,2016-05-02,,regime_topk,2.0,fixed_topk,True,,,,,,,
2016-05-31,2016-06-01,QQQ,trend_inconsistent,,,,,,,,,,
2016-05-31,2016-06-01,IWM,trend_inconsistent,,,,,,,,,,
2016-05-31,2016-06-01,VEA,trend_inconsistent,,,,,,,,,,
2016-05-31,2016-06-01,GLD,trend_inconsistent,,,,,,,,,,
2016-05-31,2016-06-01,,regime_topk,2.0,fixed_topk,True,,,,,,,
2016-05-31,2016-06-01,GLD,incumbent_ineligible,,,,,,,,,,
2016-05-31,2016-06-01,,cash_fill,,,,,,,,BIL,0.5,
2016-06-30,2016-07-01,QQQ,trend_inconsistent,,,,,,,,,,
2016-06-30,2016-07-01,IWM,trend_inconsistent,,,,,,,,,,
2016-06-30,2016-07-01,VEA,below_ma,,,,,,,,,,
2016-06-30,2016-07-01,,regime_topk,2.0,fixed_topk,True,,,,,,,
2016-06-30,2016-07-01,GLD,fill_vacancy,,,,,,,,,,
2016-07-29,2016-08-01,VEA,trend_inconsistent,,,,,,,,,,
2016-07-29,2016-08-01,,regime_topk,2.0,fixed_topk,True,,,,,,,
2016-07-29,2016-08-01,IWM,hysteresis_replace,,,,,0.11320726389370513,0.10154640895926637,0.1066237294072297,,,SPY
2016-07-29,2016-08-01,QQQ,hysteresis_block,,,,IWM,0.09463558292429614,0.11320726389370513,0.11886762708839038,,,
2016-08-31,2016-09-01,,regime_topk,2.0,fixed_topk,True,,,,,,,
2016-08-31,2016-09-01,QQQ,hysteresis_block,,,,GLD,0.09298386168475363,0.09508186530098421,0.09983595856603343,,,
2016-09-30,2016-10-03,GLD,trend_inconsistent,,,,,,,,,,
2016-09-30,2016-10-03,,regime_topk,2.0,fixed_topk,True,,,,,,,
2016-09-30,2016-10-03,GLD,incumbent_ineligible,,,,,,,,,,
2016-09-30,2016-10-03,QQQ,fill_vacancy,,,,,,,,,,
2016-09-30,2016-10-03,SPY,hysteresis_block,,,,IWM,0.09667410952970537,0.13017070305838288,0.13667923821130204,,,
2016-10-31,2016-11-01,SPY,trend_inconsistent,,,,,,,,,,
2016-10-31,2016-11-01,IWM,trend_inconsistent,,,,,,,,,,
2016-10-31,2016-11-01,VEA,trend_inconsistent,,,,,,,,,,
2016-10-31,2016-11-01,GLD,trend_inconsistent,,,,,,,,,,
2016-10-31,2016-11-01,,regime_topk,2.0,fixed_topk,True,,,,,,,
2016-10-31,2016-11-01,IWM,incumbent_ineligible,,,,,,,,,,
2016-10-31,2016-11-01,,cash_fill,,,,,,,,BIL,0.5,
2016-11-30,2016-12-01,VEA,trend_inconsistent,,,,,,,,,,
2016-11-30,2016-12-01,GLD,below_ma,,,,,,,,,,
2016-11-30,2016-12-01,,regime_topk,2.0,fixed_topk,True,,,,,,,
2016-11-30,2016-12-01,IWM,fill_vacancy,,,,,,,,,,
2016-11-30,2016-12-01,SPY,hysteresis_block,,,,QQQ,0.06591036814284404,0.07405258808027083,0.07775521748428438,,,
2016-12-30,2017-01-03,VEA,trend_inconsistent,,,,,,,,,,
2016-12-30,2017-01-03,GLD,below_ma,,,,,,,,,,
2016-12-30,2017-01-03,,regime_topk,2.0,fixed_topk,True,,,,,,,
2016-12-30,2017-01-03,SPY,hysteresis_replace,,,,,0.07248477636401711,0.04868870724359349,0.051123142605773164,,,QQQ
2017-01-31,2017-02-01,GLD,below_ma,,,,,,,,,,
2017-01-31,2017-02-01,,regime_topk,2.0,fixed_topk,True,,,,,,,
2017-01-31,2017-02-01,QQQ,hysteresis_replace,,,,,0.1292513349819637,0.11480884755346246,0.12054928993113559,,,SPY
2017-01-31,2017-02-01,VEA,hysteresis_block,,,,QQQ,0.0730625829307987,0.1292513349819637,0.1357139017310619,,,
2017-02-28,2017-03-01,GLD,below_ma,,,,,,,,,,
2017-02-28,2017-03-01,,regime_topk,2.0,fixed_topk,True,,,,,,,
2017-02-28,2017-03-01,SPY,hysteresis_block,,,,QQQ,0.1589858374065823,0.17209929944048025,0.18070426441250426,,,
2017-03-31,2017-04-03,GLD,below_ma,,,,,,,,,,
2017-03-31,2017-04-03,,regime_topk,2.0,fixed_topk,True,,,,,,,
2017-03-31,2017-04-03,SPY,hysteresis_block,,,,QQQ,0.14058931184744128,0.17223010470306047,0.1808416099382135,,,
2017-04-28,2017-05-01,GLD,trend_inconsistent,,,,,,,,,,
2017-04-28,2017-05-01,,regime_topk,2.0,fixed_topk,True,,,,,,,
2017-04-28,2017-05-01,VEA,hysteresis_block,,,,IWM,0.12954154934996173,0.14052373787889327,0.14754992477283793,,,
2017-05-31,2017-06-01,IWM,trend_inconsistent,,,,,,,,,,
2017-05-31,2017-06-01,,regime_topk,2.0,fixed_topk,True,,,,,,,
2017-05-31,2017-06-01,IWM,incumbent_ineligible,,,,,,,,,,
2017-05-31,2017-06-01,VEA,fill_vacancy,,,,,,,,,,
2017-05-31,2017-06-01,SPY,hysteresis_block,,,,VEA,0.12063552315336827,0.1527020596110738,0.1603371625916275,,,
2017-06-30,2017-07-03,GLD,below_ma,,,,,,,,,,
2017-06-30,2017-07-03,,regime_topk,2.0,fixed_topk,True,,,,,,,
2017-06-30,2017-07-03,IWM,hysteresis_block,,,,VEA,0.12481112458371252,0.14557536788926018,0.15285413628372319,,,
2017-07-31,2017-08-01,GLD,trend_inconsistent,,,,,,,,,,
2017-07-31,2017-08-01,,regime_topk,2.0,fixed_topk,True,,,,,,,
2017-07-31,2017-08-01,SPY,hysteresis_block,,,,VEA,0.09578935660406249,0.15167643764991212,0.15926025953240774,,,
2017-08-31,2017-09-01,,regime_topk,2.0,fixed_topk,True,,,,,,,
2017-08-31,2017-09-01,SPY,hysteresis_block,,,,VEA,0.09763914689396133,0.129932620282703,0.13642925129683817,,,
2017-09-29,2017-10-02,GLD,trend_inconsistent,,,,,,,,,,
2017-09-29,2017-10-02,,regime_topk,2.0,fixed_topk,True,,,,,,,
2017-09-29,2017-10-02,IWM,hysteresis_block,,,,VEA,0.12745066779054198,0.1359446493063491,0.14274188177166658,,,
2017-10-31,2017-11-01,GLD,trend_inconsistent,,,,,,,,,,
2017-10-31,2017-11-01,,regime_topk,2.0,fixed_topk,True,,,,,,,
2017-10-31,2017-11-01,IWM,hysteresis_replace,,,,,0.172180913819576,0.14595680006457212,0.15325464006780073,,,VEA
2017-10-31,2017-11-01,SPY,hysteresis_block,,,,IWM,0.13906958027113356,0.172180913819576,0.18078995951055482,,,
2017-11-30,2017-12-01,GLD,trend_inconsistent,,,,,,,,,,
2017-11-30,2017-12-01,,regime_topk,2.0,fixed_topk,True,,,,,,,
2017-11-30,2017-12-01,VEA,hysteresis_replace,,,,,0.15935069969594806,0.1320546432914675,0.13865737545604087,,,IWM
2017-11-30,2017-12-01,SPY,hysteresis_block,,,,VEA,0.15159512372528822,0.15935069969594806,0.16731823468074547,,,
2017-12-29,2018-01-02,,regime_topk,2.0,fixed_topk,True,,,,,,,
2017-12-29,2018-01-02,SPY,hysteresis_block,,,,VEA,0.14222186673192808,0.14765740227272986,0.15504027238636636,,,
2018-01-31,2018-02-01,,regime_topk,2.0,fixed_topk,True,,,,,,,
2018-01-31,2018-02-01,SPY,hysteresis_replace,,,,,0.195541786828144,0.1832535159602197,0.1924161917582307,,,VEA
2018-01-31,2018-02-01,IWM,hysteresis_block,,,,SPY,0.14431877390311382,0.195541786828144,0.2053188761695512,,,
2018-02-28,2018-03-01,IWM,trend_inconsistent,,,,,,,,,,
2018-02-28,2018-03-01,GLD,trend_inconsistent,,,,,,,,,,
2018-02-28,2018-03-01,,regime_topk,2.0,fixed_topk,True,,,,,,,
2018-02-28,2018-03-01,VEA,hysteresis_block,,,,SPY,0.10210554115789315,0.12052611547125397,0.12655242124481667,,,
2018-03-29,2018-04-02,SPY,trend_inconsistent,,,,,,,,,,
2018-03-29,2018-04-02,IWM,trend_inconsistent,,,,,,,,,,
2018-03-29,2018-04-02,VEA,trend_inconsistent,,,,,,,,,,
2018-03-29,2018-04-02,,regime_topk,2.0,fixed_topk,True,,,,,,,
2018-03-29,2018-04-02,SPY,incumbent_ineligible,,,,,,,,,,
2018-03-29,2018-04-02,GLD,fill_vacancy,,,,,,,,,,
2018-04-30,2018-05-01,SPY,trend_inconsistent,,,,,,,,,,
2018-04-30,2018-05-01,QQQ,trend_inconsistent,,,,,,,,,,
2018-04-30,2018-05-01,IWM,trend_inconsistent,,,,,,,,,,
2018-04-30,2018-05-01,VEA,trend_inconsistent,,,,,,,,,,
2018-04-30,2018-05-01,GLD,trend_inconsistent,,,,,,,,,,
2018-04-30,2018-05-01,,regime_topk,0.0,all_risk_below_ma,True,,,,,,,
2018-05-31,2018-06-01,VEA,trend_inconsistent,,,,,,,,,,
2018-05-31,2018-06-01,GLD,below_ma,,,,,,,,,,
2018-05-31,2018-06-01,,regime_topk,2.0,fixed_topk,True,,,,,,,
2018-06-29,2018-07-02,VEA,below_ma,,,,,,,,,,
2018-06-29,2018-07-02,GLD,below_ma,,,,,,,,,,
2018-06-29,2018-07-02,,regime_topk,2.0,fixed_topk,True,,,,,,,
2018-06-29,2018-07-02,SPY,hysteresis_block,,,,IWM,0.0394708845590406,0.1007413824473002,0.10577845156966521,,,
2018-07-31,2018-08-01,VEA,below_ma,,,,,,,,,,
2018-07-31,2018-08-01,GLD,below_ma,,,,,,,,,,
2018-07-31,2018-08-01,,regime_topk,2.0,fixed_topk,True,,,,,,,
2018-07-31,2018-08-01,SPY,hysteresis_block,,,,QQQ,0.09121728340580634,0.13228939769304207,0.13890386757769418,,,
2018-08-31,2018-09-04,VEA,below_ma,,,,,,,,,,
2018-08-31,2018-09-04,GLD,below_ma,,,,,,,,,,
2018-08-31,2018-09-04,,regime_topk,2.0,fixed_topk,True,,,,,,,
2018-08-31,2018-09-04,SPY,hysteresis_block,,,,IWM,0.14287931726091313,0.18755298524130973,0.19693063450337522,,,
2018-09-28,2018-10-01,VEA,below_ma,,,,,,,,,,
2018-09-28,2018-10-01,GLD,below_ma,,,,,,,,,,
2018-09-28,2018-10-01,,regime_topk,2.0,fixed_topk,True,,,,,,,
2018-09-28,2018-10-01,SPY,hysteresis_replace,,,,,0.13673904907385453,0.12438905251832963,0.13060850514424613,,,IWM
2018-10-31,2018-11-01,SPY,below_ma,,,,,,,,,,
2018-10-31,2018-11-01,QQQ,below_ma,,,,,,,,,,
2018-10-31,2018-11-01,IWM,below_ma,,,,,,,,,,
2018-10-31,2018-11-01,VEA,below_ma,,,,,,,,,,
2018-10-31,2018-11-01,GLD,below_ma,,,,,,,,,,
2018-10-31,2018-11-01,,regime_topk,0.0,all_risk_below_ma,False,,,,,,,
2018-11-30,2018-12-03,SPY,trend_inconsistent,,,,,,,,,,
2018-11-30,2018-12-03,QQQ,below_ma,,,,,,,,,,
2018-11-30,2018-12-03,IWM,below_ma,,,,,,,,,,
2018-11-30,2018-12-03,VEA,below_ma,,,,,,,,,,
2018-11-30,2018-12-03,GLD,below_ma,,,,,,,,,,
2018-11-30,2018-12-03,,regime_topk,0.0,all_risk_below_ma,True,,,,,,,
2018-12-31,2019-01-02,SPY,below_ma,,,,,,,,,,
2018-12-31,2019-01-02,QQQ,below_ma,,,,,,,,,,
2018-12-31,2019-01-02,IWM,below_ma,,,,,,,,,,
2018-12-31,2019-01-02,VEA,below_ma,,,,,,,,,,
2018-12-31,2019-01-02,GLD,trend_inconsistent,,,,,,,,,,
2018-12-31,2019-01-02,,regime_topk,0.0,all_risk_below_ma,False,,,,,,,
2019-01-31,2019-02-01,SPY,below_ma,,,,,,,,,,
2019-01-31,2019-02-01,QQQ,below_ma,,,,,,,,,,
2019-01-31,2019-02-01,IWM,below_ma,,,,,,,,,,
2019-01-31,2019-02-01,VEA,below_ma,,,,,,,,,,
2019-01-31,2019-02-01,GLD,trend_inconsistent,,,,,,,,,,
2019-01-31,2019-02-01,,regime_topk,0.0,all_risk_below_ma,False,,,,,,,
2019-02-28,2019-03-01,SPY,trend_inconsistent,,,,,,,,,,
2019-02-28,2019-03-01,QQQ,trend_inconsistent,,,,,,,,,,
2019-02-28,2019-03-01,IWM,below_ma,,,,,,,,,,
2019-02-28,2019-03-01,VEA,below_ma,,,,,,,,,,
2019-02-28,2019-03-01,GLD,trend_inconsistent,,,,,,,,,,
2019-02-28,2019-03-01,,regime_topk,0.0,all_risk_below_ma,True,,,,,,,
2019-03-29,2019-04-01,SPY,trend_inconsistent,,,,,,,,,,
2019-03-29,2019-04-01,QQQ,trend_inconsistent,,,,,,,,,,
2019-03-29,2019-04-01,IWM,below_ma,,,,,,,,,,
2019-03-29,2019-04-01,VEA,trend_inconsistent,,,,,,,,,,
2019-03-29,2019-04-01,GLD,trend_inconsistent,,,,,,,,,,
2019-03-29,2019-04-01,,regime_topk,0.0,all_risk_below_ma,True,,,,,,,
2019-04-30,2019-05-01,VEA,trend_inconsistent,,,,,,,,,,
2019-04-30,2019-05-01,GLD,trend_inconsistent,,,,,,,,,,
2019-04-30,2019-05-01,,regime_topk,2.0,fixed_topk,True,,,,,,,
2019-05-31,2019-06-03,SPY,below_ma,,,,,,,,,,
2019-05-31,2019-06-03,QQQ,below_ma,,,,,,,,,,
2019-05-31,2019-06-03,IWM,below_ma,,,,,,,,,,
2019-05-31,2019-06-03,VEA,below_ma,,,,,,,,,,
2019-05-31,2019-06-03,GLD,trend_inconsistent,,,,,,,,,,
2019-05-31,2019-06-03,,regime_topk,0.0,all_risk_below_ma,False,,,,,,,
2019-06-28,2019-07-01,IWM,trend_inconsistent,,,,,,,,,,
2019-06-28,2019-07-01,,regime_topk,2.0,fixed_topk,True,,,,,,,
2019-07-31,2019-08-01,IWM,trend_inconsistent,,,,,,,,,,
2019-07-31,2019-08-01,VEA,trend_inconsistent,,,,,,,,,,
2019-07-31,2019-08-01,,regime_topk,2.0,fixed_topk,True,,,,,,,
2019-07-31,2019-08-01,GLD,hysteresis_replace,,,,,0.10400100623208983,0.07757339151736278,0.08145206109323093,,,SPY
2019-08-30,2019-09-03,IWM,below_ma,,,,,,,,,,
2019-08-30,2019-09-03,VEA,trend_inconsistent,,,,,,,,,,
2019-08-30,2019-09-03,,regime_topk,2.0,fixed_topk,True,,,,,,,
2019-08-30,2019-09-03,SPY,hysteresis_replace,,,,,0.03511665863503337,0.03272745256066875,0.03436382518870219,,,QQQ
2019-09-30,2019-10-01,IWM,trend_inconsistent,,,,,,,,,,
2019-09-30,2019-10-01,VEA,trend_inconsistent,,,,,,,,,,
2019-09-30,2019-10-01,,regime_topk,2.0,fixed_topk,True,,,,,,,
2019-09-30,2019-10-01,QQQ,hysteresis_block,,,,SPY,0.010353941882240392,0.027805674151731852,0.029195957859318444,,,
2019-10-31,2019-11-01,IWM,trend_inconsistent,,,,,,,,,,
2019-10-31,2019-11-01,,regime_topk,2.0,fixed_topk,True,,,,,,,
2019-10-31,2019-11-01,QQQ,hysteresis_replace,,,,,0.1510168545917026,0.1246860536365677,0.1309203563183961,,,SPY
2019-10-31,2019-11-01,VEA,hysteresis_block,,,,QQQ,0.09297361167713558,0.1510168545917026,0.15856769732128775,,,
2019-11-29,2019-12-02,GLD,trend_inconsistent,,,,,,,,,,
2019-11-29,2019-12-02,,regime_topk,2.0,fixed_topk,True,,,,,,,
2019-11-29,2019-12-02,GLD,incumbent_ineligible,,,,,,,,,,
2019-11-29,2019-12-02,SPY,fill_vacancy,,,,,,,,,,
2019-11-29,2019-12-02,VEA,hysteresis_block,,,,SPY,0.06894898505194033,0.11177400496578499,0.11736270521407424,,,
2019-12-31,2020-01-02,,regime_topk,2.0,fixed_topk,True,,,,,,,
2019-12-31,2020-01-02,VEA,hysteresis_block,,,,SPY,0.1483287420627457,0.18038273971636265,0.18940187670218078,,,
2020-01-31,2020-02-03,,regime_topk,2.0,fixed_topk,True,,,,,,,
2020-01-31,2020-02-03,GLD,hysteresis_block,,,,SPY,0.10210407555089801,0.15216882221718675,0.1597772633280461,,,
2020-02-28,2020-03-02,SPY,below_ma,,,,,,,,,,
2020-02-28,2020-03-02,IWM,below_ma,,,,,,,,,,
2020-02-28,2020-03-02,VEA,below_ma,,,,,,,,,,
2020-02-28,2020-03-02,,regime_topk,2.0,fixed_topk,False,,,,,,,
2020-02-28,2020-03-02,SPY,incumbent_ineligible,,,,,,,,,,
2020-02-28,2020-03-02,GLD,fill_vacancy,,,,,,,,,,
2020-03-31,2020-04-01,SPY,below_ma,,,,,,,,,,
2020-03-31,2020-04-01,QQQ,below_ma,,,,,,,,,,
2020-03-31,2020-04-01,IWM,below_ma,,,,,,,,,,
2020-03-31,2020-04-01,VEA,below_ma,,,,,,,,,,
2020-03-31,2020-04-01,,regime_topk,2.0,fixed_topk,False,,,,,,,
2020-03-31,2020-04-01,QQQ,incumbent_ineligible,,,,,,,,,,
2020-03-31,2020-04-01,,cash_fill,,,,,,,,BIL,0.5,
2020-04-30,2020-05-01,SPY,below_ma,,,,,,,,,,
2020-04-30,2020-05-01,IWM,below_ma,,,,,,,,,,
2020-04-30,2020-05-01,VEA,below_ma,,,,,,,,,,
2020-04-30,2020-05-01,,regime_topk,2.0,fixed_topk,False,,,,,,,
2020-04-30,2020-05-01,QQQ,fill_vacancy,,,,,,,,,,
2020-05-29,2020-06-01,SPY,trend_inconsistent,,,,,,,,,,
2020-05-29,2020-06-01,IWM,below_ma,,,,,,,,,,
2020-05-29,2020-06-01,VEA,below_ma,,,,,,,,,,
2020-05-29,2020-06-01,,regime_topk,2.0,fixed_topk,True,,,,,,,
2020-06-30,2020-07-01,SPY,trend_inconsistent,,,,,,,,,,
2020-06-30,2020-07-01,IWM,below_ma,,,,,,,,,,
2020-06-30,2020-07-01,VEA,below_ma,,,,,,,,,,
2020-06-30,2020-07-01,,regime_topk,2.0,fixed_topk,True,,,,,,,
2020-07-31,2020-08-03,IWM,trend_inconsistent,,,,,,,,,,
2020-07-31,2020-08-03,VEA,trend_inconsistent,,,,,,,,,,
2020-07-31,2020-08-03,,regime_topk,2.0,fixed_topk,True,,,,,,,
2020-07-31,2020-08-03,SPY,hysteresis_block,,,,GLD,0.11598760897576912,0.30662297509421427,0.32195412384892497,,,
2020-08-31,2020-09-01,,regime_topk,2.0,fixed_topk,True,,,,,,,
2020-08-31,2020-09-01,SPY,hysteresis_replace,,,,,0.30402294048414696,0.2633673130527229,0.27653567870535906,,,GLD
2020-08-31,2020-09-01,IWM,hysteresis_block,,,,SPY,0.24129164511679146,0.30402294048414696,0.31922408750835435,,,
2020-09-30,2020-10-01,,regime_topk,2.0,fixed_topk,True,,,,,,,
2020-09-30,2020-10-01,GLD,hysteresis_replace,,,,,0.17939409993877764,0.1576647996108329,0.16554803959137457,,,SPY
2020-09-30,2020-10-01,VEA,hysteresis_block,,,,GLD,0.10319859226478147,0.17939409993877764,0.18836380493571653,,,
2020-10-30,2020-11-02,IWM,trend_inconsistent,,,,,,,,,,
2020-10-30,2020-11-02,VEA,trend_inconsistent,,,,,,,,,,
2020-10-30,2020-11-02,GLD,trend_inconsistent,,,,,,,,,,
2020-10-30,2020-11-02,,regime_topk,2.0,fixed_topk,True,,,,,,,
2020-10-30,2020-11-02,GLD,incumbent_ineligible,,,,,,,,,,
2020-10-30,2020-11-02,SPY,fill_vacancy,,,,,,,,,,
2020-11-30,2020-12-01,GLD,below_ma,,,,,,,,,,
2020-11-30,2020-12-01,,regime_topk,2.0,fixed_topk,True,,,,,,,
2020-11-30,2020-12-01,IWM,hysteresis_replace,,,,,0.21568809931598776,0.1769867632843257,0.18583610144854198,,,SPY
2020-11-30,2020-12-01,VEA,hysteresis_block,,,,IWM,0.1314216485481242,0.21568809931598776,0.22647250428178717,,,
2020-12-31,2021-01-04,,regime_topk,2.0,fixed_topk,True,,,,,,,
2020-12-31,2021-01-04,SPY,hysteresis_block,,,,IWM,0.1660439080736441,0.2839563007076198,0.29815411574300077,,,
2021-01-29,2021-02-01,GLD,below_ma,,,,,,,,,,
2021-01-29,2021-02-01,,regime_topk,2.0,fixed_topk,True,,,,,,,
2021-01-29,2021-02-01,VEA,hysteresis_block,,,,QQQ,0.13034279908221597,0.21882880564219595,0.22977024592430575,,,
2021-02-26,2021-03-01,GLD,below_ma,,,,,,,,,,
2021-02-26,2021-03-01,,regime_topk,2.0,fixed_topk,True,,,,,,,
2021-02-26,2021-03-01,VEA,hysteresis_block,,,,QQQ,0.20873972751405456,0.2936700431081899,0.3083535452635994,,,
2021-03-31,2021-04-01,GLD,below_ma,,,,,,,,,,
2021-03-31,2021-04-01,,regime_topk,2.0,fixed_topk,True,,,,,,,
2021-03-31,2021-04-01,VEA,hysteresis_block,,,,QQQ,0.36047774011801836,0.3866721841911014,0.40600579340065646,,,
2021-04-30,2021-05-03,GLD,below_ma,,,,,,,,,,
2021-04-30,2021-05-03,,regime_topk,2.0,fixed_topk,True,,,,,,,
2021-04-30,2021-05-03,SPY,hysteresis_block,,,,QQQ,0.28061543949220097,0.2994858989347981,0.314460193881538,,,
2021-05-28,2021-06-01,,regime_topk,2.0,fixed_topk,True,,,,,,,
2021-05-28,2021-06-01,VEA,hysteresis_replace,,,,,0.23937734285000944,0.21456452626874842,0.22529275258218584,,,QQQ
2021-05-28,2021-06-01,SPY,hysteresis_block,,,,VEA,0.23724194131274395,0.23937734285000944,0.25134620999250995,,,
2021-06-30,2021-07-01,GLD,below_ma,,,,,,,,,,
2021-06-30,2021-07-01,,regime_topk,2.0,fixed_topk,True,,,,,,,
2021-06-30,2021-07-01,SPY,hysteresis_replace,,,,,0.2621145827451424,0.21368079123819617,0.224364830800106,,,VEA
2021-06-30,2021-07-01,QQQ,hysteresis_block,,,,SPY,0.2527015836843467,0.2621145827451424,0.2752203118823995,,,
2021-07-30,2021-08-02,IWM,trend_inconsistent,,,,,,,,,,
2021-07-30,2021-08-02,GLD,trend_inconsistent,,,,,,,,,,
2021-07-30,2021-08-02,,regime_topk,2.0,fixed_topk,True,,,,,,,
2021-07-30,2021-08-02,IWM,incumbent_ineligible,,,,,,,,,,
2021-07-30,2021-08-02,QQQ,fill_vacancy,,,,,,,,,,
2021-07-30,2021-08-02,VEA,hysteresis_block,,,,SPY,0.18981204401001173,0.2414585249008215,0.2535314511458626,,,
2021-08-31,2021-09-01,GLD,trend_inconsistent,,,,,,,,,,
2021-08-31,2021-09-01,,regime_topk,2.0,fixed_topk,True,,,,,,,
2021-08-31,2021-09-01,IWM,hysteresis_block,,,,SPY,0.2018715025594295,0.2106385196597675,0.22117044564275587,,,
2021-09-30,2021-10-01,IWM,trend_inconsistent,,,,,,,,,,
2021-09-30,2021-10-01,VEA,trend_inconsistent,,,,,,,,,,
2021-09-30,2021-10-01,GLD,below_ma,,,,,,,,,,
2021-09-30,2021-10-01,,regime_topk,2.0,fixed_topk,True,,,,,,,
2021-10-29,2021-11-01,GLD,below_ma,,,,,,,,,,
2021-10-29,2021-11-01,,regime_topk,2.0,fixed_topk,True,,,,,,,
2021-10-29,2021-11-01,IWM,hysteresis_block,,,,SPY,0.21109620256845543,0.23075355586995067,0.2422912336634482,,,
2021-11-30,2021-12-01,IWM,below_ma,,,,,,,,,,
2021-11-30,2021-12-01,VEA,below_ma,,,,,,,,,,
2021-11-30,2021-12-01,GLD,below_ma,,,,,,,,,,
2021-11-30,2021-12-01,,regime_topk,2.0,fixed_topk,True,,,,,,,
2021-12-31,2022-01-03,IWM,trend_inconsistent,,,,,,,,,,
2021-12-31,2022-01-03,GLD,trend_inconsistent,,,,,,,,,,
2021-12-31,2022-01-03,,regime_topk,2.0,fixed_topk,True,,,,,,,
2021-12-31,2022-01-03,VEA,hysteresis_block,,,,QQQ,0.04979023217770586,0.1660135331320008,0.17431420978860085,,,
2022-01-31,2022-02-01,SPY,trend_inconsistent,,,,,,,,,,
2022-01-31,2022-02-01,QQQ,below_ma,,,,,,,,,,
2022-01-31,2022-02-01,IWM,below_ma,,,,,,,,,,
2022-01-31,2022-02-01,VEA,below_ma,,,,,,,,,,
2022-01-31,2022-02-01,GLD,below_ma,,,,,,,,,,
2022-01-31,2022-02-01,,regime_topk,0.0,all_risk_below_ma,True,,,,,,,
2022-02-28,2022-03-01,SPY,below_ma,,,,,,,,,,
2022-02-28,2022-03-01,QQQ,below_ma,,,,,,,,,,
2022-02-28,2022-03-01,IWM,below_ma,,,,,,,,,,
2022-02-28,2022-03-01,VEA,below_ma,,,,,,,,,,
2022-02-28,2022-03-01,,regime_topk,2.0,fixed_topk,False,,,,,,,
2022-02-28,2022-03-01,,cash_fill,,,,,,,,SGOV,0.5,
2022-03-31,2022-04-01,SPY,trend_inconsistent,,,,,,,,,,
2022-03-31,2022-04-01,QQQ,below_ma,,,,,,,,,,
2022-03-31,2022-04-01,IWM,below_ma,,,,,,,,,,
2022-03-31,2022-04-01,VEA,below_ma,,,,,,,,,,
2022-03-31,2022-04-01,,regime_topk,2.0,fixed_topk,True,,,,,,,
2022-03-31,2022-04-01,,cash_fill,,,,,,,,SGOV,0.5,
2022-04-29,2022-05-02,SPY,below_ma,,,,,,,,,,
2022-04-29,2022-05-02,QQQ,below_ma,,,,,,,,,,
2022-04-29,2022-05-02,IWM,below_ma,,,,,,,,,,
2022-04-29,2022-05-02,VEA,below_ma,,,,,,,,,,
2022-04-29,2022-05-02,,regime_topk,2.0,fixed_topk,False,,,,,,,
2022-04-29,2022-05-02,,cash_fill,,,,,,,,SGOV,0.5,
2022-05-31,2022-06-01,SPY,below_ma,,,,,,,,,,
2022-05-31,2022-06-01,QQQ,below_ma,,,,,,,,,,
2022-05-31,2022-06-01,IWM,below_ma,,,,,,,,,,
2022-05-31,2022-06-01,VEA,below_ma,,,,,,,,,,
2022-05-31,2022-06-01,GLD,below_ma,,,,,,,,,,
2022-05-31,2022-06-01,,regime_topk,0.0,all_risk_below_ma,False,,,,,,,
2022-06-30,2022-07-01,SPY,below_ma,,,,,,,,,,
2022-06-30,2022-07-01,QQQ,below_ma,,,,,,,,,,
2022-06-30,2022-07-01,IWM,below_ma,,,,,,,,,,
2022-06-30,2022-07-01,VEA,below_ma,,,,,,,,,,
2022-06-30,2022-07-01,GLD,below_ma,,,,,,,,,,
2022-06-30,2022-07-01,,regime_topk,0.0,all_risk_below_ma,False,,,,,,,
2022-07-29,2022-08-01,SPY,below_ma,,,,,,,,,,
2022-07-29,2022-08-01,QQQ,below_ma,,,,,,,,,,
2022-07-29,2022-08-01,IWM,below_ma,,,,,,,,,,
2022-07-29,2022-08-01,VEA,below_ma,,,,,,,,,,
2022-07-29,2022-08-01,GLD,below_ma,,,,,,,,,,
2022-07-29,2022-08-01,,regime_topk,0.0,all_risk_below_ma,False,,,,,,,
2022-08-31,2022-09-01,SPY,below_ma,,,,,,,,,,
2022-08-31,2022-09-01,QQQ,below_ma,,,,,,,,,,
2022-08-31,2022-09-01,IWM,below_ma,,,,,,,,,,
2022-08-31,2022-09-01,VEA,below_ma,,,,,,,,,,
2022-08-31,2022-09-01,GLD,below_ma,,,,,,,,,,
2022-08-31,2022-09-01,,regime_topk,0.0,all_risk_below_ma,False,,,,,,,
2022-09-30,2022-10-03,SPY,below_ma,,,,,,,,,,
2022-09-30,2022-10-03,QQQ,below_ma,,,,,,,,,,
2022-09-30,2022-10-03,IWM,below_ma,,,,,,,,,,
2022-09-30,2022-10-03,VEA,below_ma,,,,,,,,,,
2022-09-30,2022-10-03,GLD,below_ma,,,,,,,,,,
2022-09-30,2022-10-03,,regime_topk,0.0,all_risk_below_ma,False,,,,,,,
2022-10-31,2022-11-01,SPY,below_ma,,,,,,,,,,
2022-10-31,2022-11-01,QQQ,below_ma,,,,,,,,,,
2022-10-31,2022-11-01,IWM,below_ma,,,,,,,,,,
2022-10-31,2022-11-01,VEA,below_ma,,,,,,,,,,
2022-10-31,2022-11-01,GLD,below_ma,,,,,,,,,,
2022-10-31,2022-11-01,,regime_topk,0.0,all_risk_below_ma,False,,,,,,,
2022-11-30,2022-12-01,SPY,trend_inconsistent,,,,,,,,,,
2022-11-30,2022-12-01,QQQ,below_ma,,,,,,,,,,
2022-11-30,2022-12-01,IWM,trend_inconsistent,,,,,,,,,,
2022-11-30,2022-12-01,VEA,trend_inconsistent,,,,,,,,,,
2022-11-30,2022-12-01,GLD,below_ma,,,,,,,,,,
2022-11-30,2022-12-01,,regime_topk,0.0,all_risk_below_ma,True,,,,,,,
2022-12-30,2023-01-03,SPY,below_ma,,,,,,,,,,
2022-12-30,2023-01-03,QQQ,below_ma,,,,,,,,,,
2022-12-30,2023-01-03,IWM,below_ma,,,,,,,,,,
2022-12-30,2023-01-03,VEA,trend_inconsistent,,,,,,,,,,
2022-12-30,2023-01-03,GLD,trend_inconsistent,,,,,,,,,,
2022-12-30,2023-01-03,,regime_topk,0.0,all_risk_below_ma,False,,,,,,,
2023-01-31,2023-02-01,SPY,trend_inconsistent,,,,,,,,,,
2023-01-31,2023-02-01,QQQ,trend_inconsistent,,,,,,,,,,
2023-01-31,2023-02-01,IWM,trend_inconsistent,,,,,,,,,,
2023-01-31,2023-02-01,VEA,trend_inconsistent,,,,,,,,,,
2023-01-31,2023-02-01,,regime_topk,2.0,fixed_topk,True,,,,,,,
2023-01-31,2023-02-01,,cash_fill,,,,,,,,SGOV,0.5,
2023-02-28,2023-03-01,SPY,trend_inconsistent,,,,,,,,,,
2023-02-28,2023-03-01,QQQ,trend_inconsistent,,,,,,,,,,
2023-02-28,2023-03-01,IWM,trend_inconsistent,,,,,,,,,,
2023-02-28,2023-03-01,VEA,trend_inconsistent,,,,,,,,,,
2023-02-28,2023-03-01,GLD,trend_inconsistent,,,,,,,,,,
2023-02-28,2023-03-01,,regime_topk,0.0,all_risk_below_ma,True,,,,,,,
2023-03-31,2023-04-03,SPY,trend_inconsistent,,,,,,,,,,
2023-03-31,2023-04-03,QQQ,trend_inconsistent,,,,,,,,,,
2023-03-31,2023-04-03,IWM,below_ma,,,,,,,,,,
2023-03-31,2023-04-03,VEA,trend_inconsistent,,,,,,,,,,
2023-03-31,2023-04-03,,regime_topk,2.0,fixed_topk,True,,,,,,,
2023-03-31,2023-04-03,,cash_fill,,,,,,,,SGOV,0.5,
2023-04-28,2023-05-01,IWM,below_ma,,,,,,,,,,
2023-04-28,2023-05-01,,regime_topk,2.0,fixed_topk,True,,,,,,,
2023-04-28,2023-05-01,VEA,fill_vacancy,,,,,,,,,,
2023-04-28,2023-05-01,QQQ,hysteresis_block,,,,VEA,0.07737786962992987,0.07820535167581699,0.08211561925960785,,,
2023-05-31,2023-06-01,IWM,below_ma,,,,,,,,,,
2023-05-31,2023-06-01,,regime_topk,2.0,fixed_topk,True,,,,,,,
2023-05-31,2023-06-01,QQQ,hysteresis_replace,,,,,0.24032228577003031,0.045256292217847396,0.04751910682873977,,,VEA
2023-05-31,2023-06-01,SPY,hysteresis_block,,,,GLD,0.06969696661417832,0.07097861335790556,0.07452754402580085,,,
2023-06-30,2023-07-03,GLD,trend_inconsistent,,,,,,,,,,
2023-06-30,2023-07-03,,regime_topk,2.0,fixed_topk,True,,,,,,,
2023-06-30,2023-07-03,GLD,incumbent_ineligible,,,,,,,,,,
2023-06-30,2023-07-03,SPY,fill_vacancy,,,,,,,,,,
2023-06-30,2023-07-03,VEA,hysteresis_block,,,,SPY,0.07884023870368236,0.13694434659247495,0.14379156392209871,,,
2023-07-31,2023-08-01,GLD,trend_inconsistent,,,,,,,,,,
2023-07-31,2023-08-01,,regime_topk,2.0,fixed_topk,True,,,,,,,
2023-07-31,2023-08-01,VEA,hysteresis_block,,,,SPY,0.11135161589990927,0.15012145567849888,0.15762752846242384,,,
2023-08-31,2023-09-01,GLD,trend_inconsistent,,,,,,,,,,
2023-08-31,2023-09-01,,regime_topk,2.0,fixed_topk,True,,,,,,,
2023-08-31,2023-09-01,VEA,hysteresis_block,,,,SPY,0.07830063360189046,0.12576924160390415,0.13205770368409936,,,
2023-09-29,2023-10-02,SPY,trend_inconsistent,,,,,,,,,,
2023-09-29,2023-10-02,QQQ,trend_inconsistent,,,,,,,,,,
2023-09-29,2023-10-02,IWM,below_ma,,,,,,,,,,
2023-09-29,2023-10-02,VEA,below_ma,,,,,,,,,,
2023-09-29,2023-10-02,GLD,below_ma,,,,,,,,,,
2023-09-29,2023-10-02,,regime_topk,0.0,all_risk_below_ma,True,,,,,,,
2023-10-31,2023-11-01,SPY,below_ma,,,,,,,,,,
2023-10-31,2023-11-01,QQQ,trend_inconsistent,,,,,,,,,,
2023-10-31,2023-11-01,IWM,below_ma,,,,,,,,,,
2023-10-31,2023-11-01,VEA,below_ma,,,,,,,,,,
2023-10-31,2023-11-01,GLD,trend_inconsistent,,,,,,,,,,
2023-10-31,2023-11-01,,regime_topk,0.0,all_risk_below_ma,False,,,,,,,
2023-11-30,2023-12-01,IWM,below_ma,,,,,,,,,,
2023-11-30,2023-12-01,,regime_topk,2.0,fixed_topk,True,,,,,,,
2023-12-29,2024-01-02,,regime_topk,2.0,fixed_topk,True,,,,,,,
2023-12-29,2024-01-02,SPY,hysteresis_replace,,,,,0.13239786812880103,0.07978741216504526,0.08377678277329752,,,GLD
2023-12-29,2024-01-02,VEA,hysteresis_block,,,,SPY,0.08722544467995888,0.13239786812880103,0.1390177615352411,,,
2024-01-31,2024-02-01,IWM,trend_inconsistent,,,,,,,,,,
2024-01-31,2024-02-01,,regime_topk,2.0,fixed_topk,True,,,,,,,
2024-01-31,2024-02-01,VEA,hysteresis_block,,,,SPY,0.06179385688455321,0.1306307534971808,0.13716229117203985,,,
2024-02-29,2024-03-01,,regime_topk,2.0,fixed_topk,True,,,,,,,
2024-02-29,2024-03-01,IWM,hysteresis_block,,,,SPY,0.13366799574340094,0.23668982014346449,0.24852431115063772,,,
2024-03-28,2024-04-01,,regime_topk,2.0,fixed_topk,True,,,,,,,
2024-03-28,2024-04-01,IWM,hysteresis_block,,,,SPY,0.24972718189259613,0.274316209756604,0.2880320202444342,,,
2024-04-30,2024-05-01,,regime_topk,2.0,fixed_topk,True,,,,,,,
2024-04-30,2024-05-01,GLD,hysteresis_block,,,,SPY,0.1320870796646588,0.15440072849579356,0.16212076492058325,,,
2024-05-31,2024-06-03,,regime_topk,2.0,fixed_topk,True,,,,,,,
2024-05-31,2024-06-03,GLD,hysteresis_block,,,,SPY,0.14808994060700292,0.17993752158817497,0.18893439766758371,,,
2024-06-28,2024-07-01,IWM,trend_inconsistent,,,,,,,,,,
2024-06-28,2024-07-01,VEA,trend_inconsistent,,,,,,,,,,
2024-06-28,2024-07-01,,regime_topk,2.0,fixed_topk,True,,,,,,,
2024-06-28,2024-07-01,GLD,hysteresis_block,,,,SPY,0.1670002676549065,0.17846056554885348,0.18738359382629616,,,
2024-07-31,2024-08-01,,regime_topk,2.0,fixed_topk,True,,,,,,,
2024-07-31,2024-08-01,GLD,hysteresis_replace,,,,,0.21498504180420727,0.14020391575461788,0.14721411154234879,,,QQQ
2024-07-31,2024-08-01,IWM,hysteresis_block,,,,SPY,0.11963026376756783,0.14259568047854523,0.1497254645024725,,,
2024-08-30,2024-09-03,,regime_topk,2.0,fixed_topk,True,,,,,,,
2024-08-30,2024-09-03,QQQ,hysteresis_block,,,,SPY,0.15209739428558164,0.15633109761687347,0.16414765249771715,,,
2024-09-30,2024-10-01,,regime_topk,2.0,fixed_topk,True,,,,,,,
2024-09-30,2024-10-01,QQQ,hysteresis_block,,,,SPY,0.24042830396399312,0.23425563001191482,0.2459684115125106,,,
2024-10-31,2024-11-01,IWM,trend_inconsistent,,,,,,,,,,
2024-10-31,2024-11-01,VEA,trend_inconsistent,,,,,,,,,,
2024-10-31,2024-11-01,,regime_topk,2.0,fixed_topk,True,,,,,,,
2024-10-31,2024-11-01,QQQ,hysteresis_block,,,,SPY,0.2014309202924007,0.2022794559085778,0.21239342870400668,,,
2024-11-29,2024-12-02,VEA,trend_inconsistent,,,,,,,,,,
2024-11-29,2024-12-02,,regime_topk,2.0,fixed_topk,True,,,,,,,
2024-11-29,2024-12-02,IWM,hysteresis_replace,,,,,0.2629345368639349,0.20157675253285462,0.21165559015949736,,,SPY
2024-11-29,2024-12-02,QQQ,hysteresis_block,,,,GLD,0.16723556963004207,0.20579119445581978,0.21608075417861078,,,
2024-12-31,2025-01-02,VEA,below_ma,,,,,,,,,,
2024-12-31,2025-01-02,GLD,trend_inconsistent,,,,,,,,,,
2024-12-31,2025-01-02,,regime_topk,2.0,fixed_topk,True,,,,,,,
2024-12-31,2025-01-02,GLD,incumbent_ineligible,,,,,,,,,,
2024-12-31,2025-01-02,QQQ,fill_vacancy,,,,,,,,,,
2024-12-31,2025-01-02,SPY,hysteresis_replace,,,,,0.14207910520029854,0.04154945046059704,0.043626922983626894,,,IWM
2025-01-31,2025-02-03,VEA,trend_inconsistent,,,,,,,,,,
2025-01-31,2025-02-03,,regime_topk,2.0,fixed_topk,True,,,,,,,
2025-01-31,2025-02-03,GLD,hysteresis_replace,,,,,0.21955638394186616,0.1496453379360044,0.15712760483280463,,,SPY
2025-01-31,2025-02-03,IWM,hysteresis_block,,,,QQQ,0.0966001642134036,0.1639737126695695,0.17217239830304798,,,
2025-02-28,2025-03-03,SPY,trend_inconsistent,,,,,,,,,,
2025-02-28,2025-03-03,QQQ,trend_inconsistent,,,,,,,,,,
2025-02-28,2025-03-03,IWM,below_ma,,,,,,,,,,
2025-02-28,2025-03-03,VEA,trend_inconsistent,,,,,,,,,,
2025-02-28,2025-03-03,,regime_topk,2.0,fixed_topk,True,,,,,,,
2025-02-28,2025-03-03,QQQ,incumbent_ineligible,,,,,,,,,,
2025-02-28,2025-03-03,,cash_fill,,,,,,,,SGOV,0.5,
2025-03-31,2025-04-01,SPY,below_ma,,,,,,,,,,
2025-03-31,2025-04-01,QQQ,below_ma,,,,,,,,,,
2025-03-31,2025-04-01,IWM,below_ma,,,,,,,,,,
2025-03-31,2025-04-01,VEA,trend_inconsistent,,,,,,,,,,
2025-03-31,2025-04-01,,regime_topk,2.0,fixed_topk,False,,,,,,,
2025-03-31,2025-04-01,,cash_fill,,,,,,,,SGOV,0.5,
2025-04-30,2025-05-01,SPY,below_ma,,,,,,,,,,
2025-04-30,2025-05-01,QQQ,below_ma,,,,,,,,,,
2025-04-30,2025-05-01,IWM,below_ma,,,,,,,,,,
2025-04-30,2025-05-01,,regime_topk,2.0,fixed_topk,False,,,,,,,
2025-04-30,2025-05-01,VEA,fill_vacancy,,,,,,,,,,
2025-05-30,2025-06-02,SPY,trend_inconsistent,,,,,,,,,,
2025-05-30,2025-06-02,IWM,below_ma,,,,,,,,,,
2025-05-30,2025-06-02,,regime_topk,2.0,fixed_topk,True,,,,,,,
2025-05-30,2025-06-02,QQQ,hysteresis_block,,,,VEA,0.07367708193456002,0.15295084320179556,0.16059838536188534,,,
2025-06-30,2025-07-01,IWM,trend_inconsistent,,,,,,,,,,
2025-06-30,2025-07-01,,regime_topk,2.0,fixed_topk,True,,,,,,,
2025-06-30,2025-07-01,QQQ,hysteresis_block,,,,VEA,0.09852798758824305,0.16913816674349053,0.17759507508066505,,,
2025-07-31,2025-08-01,IWM,trend_inconsistent,,,,,,,,,,
2025-07-31,2025-08-01,GLD,trend_inconsistent,,,,,,,,,,
2025-07-31,2025-08-01,,regime_topk,2.0,fixed_topk,True,,,,,,,
2025-07-31,2025-08-01,GLD,incumbent_ineligible,,,,,,,,,,
2025-07-31,2025-08-01,QQQ,fill_vacancy,,,,,,,,,,
2025-07-31,2025-08-01,SPY,hysteresis_block,,,,VEA,0.10681957728545224,0.12407801488253117,0.13028191562665772,,,
2025-08-29,2025-09-02,,regime_topk,2.0,fixed_topk,True,,,,,,,
2025-08-29,2025-09-02,GLD,hysteresis_replace,,,,,0.21240386671997738,0.1605017444667666,0.16852683169010493,,,VEA
2025-08-29,2025-09-02,SPY,hysteresis_block,,,,GLD,0.15736727456433852,0.21240386671997738,0.22302406005597625,,,
2025-09-30,2025-10-01,,regime_topk,2.0,fixed_topk,True,,,,,,,
2025-09-30,2025-10-01,SPY,hysteresis_block,,,,QQQ,0.1950044579321638,0.2540342159603416,0.26673592675835867,,,
2025-10-31,2025-11-03,,regime_topk,2.0,fixed_topk,True,,,,,,,
2025-10-31,2025-11-03,SPY,hysteresis_block,,,,QQQ,0.18393788606317574,0.2516154431286193,0.2641962152850503,,,
2025-11-28,2025-12-01,,regime_topk,2.0,fixed_topk,True,,,,,,,
2025-11-28,2025-12-01,VEA,hysteresis_block,,,,QQQ,0.15673221393020334,0.162874439368275,0.17101816133668876,,,
2025-12-31,2026-01-02,,regime_topk,2.0,fixed_topk,True,,,,,,,
2025-12-31,2026-01-02,VEA,hysteresis_replace,,,,,0.22189288312393263,0.13704097191650058,0.1438930205123256,,,QQQ
2025-12-31,2026-01-02,IWM,hysteresis_block,,,,VEA,0.12801608095896355,0.22189288312393263,0.23298752728012928,,,
2026-01-30,2026-02-02,QQQ,trend_inconsistent,,,,,,,,,,
2026-01-30,2026-02-02,,regime_topk,2.0,fixed_topk,True,,,,,,,
2026-01-30,2026-02-02,IWM,hysteresis_block,,,,VEA,0.1303045161013074,0.2399109395907732,0.2519064865703119,,,
2026-02-27,2026-03-02,QQQ,trend_inconsistent,,,,,,,,,,
2026-02-27,2026-03-02,,regime_topk,2.0,fixed_topk,True,,,,,,,
2026-02-27,2026-03-02,IWM,hysteresis_block,,,,VEA,0.1430204060492521,0.2844623382790117,0.2986854551929623,,,
2026-03-31,2026-04-01,SPY,below_ma,,,,,,,,,,
2026-03-31,2026-04-01,QQQ,below_ma,,,,,,,,,,
2026-03-31,2026-04-01,,regime_topk,2.0,fixed_topk,False,,,,,,,
2026-03-31,2026-04-01,IWM,hysteresis_block,,,,VEA,0.1100449816715055,0.16249883698131642,0.17062377883038227,,,
2026-04-30,2026-05-01,GLD,trend_inconsistent,,,,,,,,,,
2026-04-30,2026-05-01,,regime_topk,2.0,fixed_topk,True,,,,,,,
2026-04-30,2026-05-01,GLD,incumbent_ineligible,,,,,,,,,,
2026-04-30,2026-05-01,IWM,fill_vacancy,,,,,,,,,,
2026-04-30,2026-05-01,QQQ,hysteresis_block,,,,VEA,0.21310369148215855,0.2199662148987508,0.23096452564368833,,,
2026-05-29,2026-06-01,GLD,trend_inconsistent,,,,,,,,,,
2026-05-29,2026-06-01,,regime_topk,2.0,fixed_topk,True,,,,,,,
2026-05-29,2026-06-01,QQQ,hysteresis_replace,,,,,0.2936789536481761,0.22336989155193832,0.23453838612953523,,,VEA
2026-05-29,2026-06-01,SPY,hysteresis_block,,,,IWM,0.186704697689893,0.28176871811236,0.295857154017978,,,
2026-06-30,2026-07-01,GLD,below_ma,,,,,,,,,,
2026-06-30,2026-07-01,,regime_topk,2.0,fixed_topk,True,,,,,,,
2026-06-30,2026-07-01,VEA,hysteresis_block,,,,QQQ,0.16464184660239828,0.24872304335545256,0.2611591955232252,,,
2026-07-31,2026-08-03,GLD,below_ma,,,,,,,,,,
2026-07-31,2026-08-03,,regime_topk,2.0,fixed_topk,True,,,,,,,
2026-07-31,2026-08-03,SPY,hysteresis_block,,,,QQQ,0.13484297139403872,0.17074607151728072,0.17928337509314476,,,
