signal_date,symbol,factor,weight,vix
2015-02-27,MRK,0.007940430149791355,0.3,13.90999984741211
2015-02-27,PG,0.009067806025902047,0.3,13.90999984741211
2015-02-27,WMT,0.010325886025512298,0.3,13.90999984741211
2015-02-27,MMM,0.010983394449845817,0.3,13.90999984741211
2015-02-27,SPY,0.011442085669281666,0.3,13.90999984741211
2015-03-31,PM,0.0077664766244109895,0.3,14.510000228881836
2015-03-31,LIN,0.008834248407350077,0.3,14.510000228881836
2015-03-31,KO,0.010634627391085427,0.3,14.510000228881836
2015-03-31,SPY,0.010927915680786304,0.3,14.510000228881836
2015-03-31,CSCO,0.011438453696945983,0.3,14.510000228881836
2015-04-30,PG,0.005263836660599619,0.3,13.390000343322754
2015-04-30,SPY,0.0061456680859678595,0.3,13.390000343322754
2015-04-30,BRK-B,0.006343615290738703,0.3,13.390000343322754
2015-04-30,WMT,0.006589347341807272,0.3,13.390000343322754
2015-04-30,TMO,0.007875721798692448,0.3,13.390000343322754
2015-05-29,CVX,0.004667399620030599,0.3,13.3100004196167
2015-05-29,KO,0.0076979652365499526,0.3,13.3100004196167
2015-05-29,PG,0.008056277562868664,0.3,13.3100004196167
2015-05-29,WMT,0.008236741711015672,0.3,13.3100004196167
2015-05-29,XOM,0.008967842694258054,0.3,13.3100004196167
2015-06-30,WMT,0.005177428050687283,0.27433333079020183,18.850000381469727
2015-06-30,KO,0.006353545446407871,0.27433333079020183,18.850000381469727
2015-06-30,LIN,0.006609278720609879,0.27433333079020183,18.850000381469727
2015-06-30,PFE,0.006802248294304603,0.27433333079020183,18.850000381469727
2015-06-30,SPY,0.007238195767189292,0.27433333079020183,18.850000381469727
2015-07-31,JNJ,0.008190089079447738,0.3,12.130000114440918
2015-07-31,PG,0.008885742198188318,0.3,12.130000114440918
2015-07-31,ADBE,0.00927517574918162,0.3,12.130000114440918
2015-07-31,MMM,0.009612714705263103,0.3,12.130000114440918
2015-07-31,GS,0.009961276222118265,0.3,12.130000114440918
2015-08-31,LIN,0.010795198653440608,0.22633333841959632,26.049999237060547
2015-08-31,PM,0.011310127786780954,0.22633333841959632,26.049999237060547
2015-08-31,PG,0.011637074566354433,0.22633333841959632,26.049999237060547
2015-08-31,KO,0.011706669807088278,0.22633333841959632,26.049999237060547
2015-08-31,IBM,0.01446724817616225,0.22633333841959632,26.049999237060547
2015-09-30,PEP,0.012141200188963319,0.2211333338419596,26.829999923706055
2015-09-30,KO,0.012209498810258878,0.2211333338419596,26.829999923706055
2015-09-30,COST,0.015012138249773566,0.2211333338419596,26.829999923706055
2015-09-30,BRK-B,0.015264285049541559,0.2211333338419596,26.829999923706055
2015-09-30,JNJ,0.015551511274777986,0.2211333338419596,26.829999923706055
2015-10-30,WMT,0.009696936783118958,0.3,14.609999656677246
2015-10-30,HD,0.010631534024181998,0.3,14.609999656677246
2015-10-30,PG,0.015000056422231279,0.3,14.609999656677246
2015-10-30,SPY,0.015271099093050734,0.3,14.609999656677246
2015-10-30,KO,0.015962560941211467,0.3,14.609999656677246
2015-11-30,MCD,0.008406952371842368,0.29920000076293946,15.119999885559082
2015-11-30,MRK,0.008531479298829182,0.29920000076293946,15.119999885559082
2015-11-30,PG,0.009254876984759441,0.29920000076293946,15.119999885559082
2015-11-30,JNJ,0.009263523036442668,0.29920000076293946,15.119999885559082
2015-11-30,MA,0.009446746109565796,0.29920000076293946,15.119999885559082
2015-12-31,LIN,0.010619718588827976,0.2847333272298177,17.290000915527344
2015-12-31,PFE,0.010731861364376183,0.2847333272298177,17.290000915527344
2015-12-31,MCD,0.012336656973531613,0.2847333272298177,17.290000915527344
2015-12-31,SPY,0.013537594500018412,0.2847333272298177,17.290000915527344
2015-12-31,CMCSA,0.013615298573805968,0.2847333272298177,17.290000915527344
2016-01-29,PFE,0.010198492335681042,0.250533332824707,22.420000076293945
2016-01-29,KO,0.011784150652829384,0.250533332824707,22.420000076293945
2016-01-29,IBM,0.01309626346548005,0.250533332824707,22.420000076293945
2016-01-29,TSLA,0.013827459107713436,0.250533332824707,22.420000076293945
2016-01-29,COST,0.014494092560313598,0.250533332824707,22.420000076293945
2016-02-29,KO,0.01047285582579267,0.26793333689371746,19.809999465942383
2016-02-29,MCD,0.010658635214238998,0.26793333689371746,19.809999465942383
2016-02-29,PM,0.01077216106388037,0.26793333689371746,19.809999465942383
2016-02-29,PEP,0.012550555783214045,0.26793333689371746,19.809999465942383
2016-02-29,JNJ,0.014939903651454456,0.26793333689371746,19.809999465942383
2016-03-31,JNJ,0.007423083379922746,0.3,13.5600004196167
2016-03-31,SPY,0.00849161723957983,0.3,13.5600004196167
2016-03-31,PEP,0.009207308952405891,0.3,13.5600004196167
2016-03-31,PG,0.00995562119266218,0.3,13.5600004196167
2016-03-31,MMM,0.01055944715492263,0.3,13.5600004196167
2016-04-29,MMM,0.006829255922297372,0.29853333155314127,15.220000267028809
2016-04-29,PG,0.008038686653019943,0.29853333155314127,15.220000267028809
2016-04-29,SPY,0.008834727132040365,0.29853333155314127,15.220000267028809
2016-04-29,INTC,0.008863626563564164,0.29853333155314127,15.220000267028809
2016-04-29,MCD,0.008880292913416011,0.29853333155314127,15.220000267028809
2016-05-31,LIN,0.007280847179494998,0.3,13.119999885559082
2016-05-31,JNJ,0.0073309595714263764,0.3,13.119999885559082
2016-05-31,PEP,0.0077399238197305206,0.3,13.119999885559082
2016-05-31,KO,0.008289618466919136,0.3,13.119999885559082
2016-05-31,PG,0.008576606426572875,0.3,13.119999885559082
2016-06-30,WMT,0.00768287650029773,0.2890666707356771,16.639999389648438
2016-06-30,COST,0.008012328207513431,0.2890666707356771,16.639999389648438
2016-06-30,MCD,0.009871742583826348,0.2890666707356771,16.639999389648438
2016-06-30,KO,0.01006227212087345,0.2890666707356771,16.639999389648438
2016-06-30,DIS,0.010169468848649643,0.2890666707356771,16.639999389648438
2016-07-29,WMT,0.006110164672817664,0.3,12.720000267028809
2016-07-29,DIS,0.007233397494312355,0.3,12.720000267028809
2016-07-29,PG,0.008503068999114082,0.3,12.720000267028809
2016-07-29,UNH,0.008762156714441627,0.3,12.720000267028809
2016-07-29,ORCL,0.008974269394435953,0.3,12.720000267028809
2016-08-31,LLY,0.003474377576914156,0.3,13.119999885559082
2016-08-31,UNH,0.0036345510702235017,0.3,13.119999885559082
2016-08-31,PEP,0.004019079801597147,0.3,13.119999885559082
2016-08-31,COST,0.004342505422445386,0.3,13.119999885559082
2016-08-31,HON,0.004516601267356091,0.3,13.119999885559082
2016-09-30,JNJ,0.008419597261401401,0.3,14.020000457763672
2016-09-30,JPM,0.008646677378755418,0.3,14.020000457763672
2016-09-30,DIS,0.00901518838518931,0.3,14.020000457763672
2016-09-30,HD,0.00919090695728344,0.3,14.020000457763672
2016-09-30,BRK-B,0.009373025380720934,0.3,14.020000457763672
2016-10-31,MMM,0.003970674687170783,0.29206666310628254,16.190000534057617
2016-10-31,PFE,0.004407869704156475,0.29206666310628254,16.190000534057617
2016-10-31,SPY,0.004563175562735555,0.29206666310628254,16.190000534057617
2016-10-31,BRK-B,0.005888027031388976,0.29206666310628254,16.190000534057617
2016-10-31,AMGN,0.005943785488877351,0.29206666310628254,16.190000534057617
2016-11-30,PEP,0.009832963228636204,0.3,12.899999618530273
2016-11-30,PG,0.010501020911473091,0.3,12.899999618530273
2016-11-30,SPY,0.01063080463552537,0.3,12.899999618530273
2016-11-30,KO,0.011178030202223965,0.3,12.899999618530273
2016-11-30,PM,0.011331574645014797,0.3,12.899999618530273
2016-12-30,SPY,0.007184236371598196,0.3,13.369999885559082
2016-12-30,MCD,0.007227358407185936,0.3,13.369999885559082
2016-12-30,WMT,0.008793040654407714,0.3,13.369999885559082
2016-12-30,CMCSA,0.008963801133433601,0.3,13.369999885559082
2016-12-30,MRK,0.009128026149812651,0.3,13.369999885559082
2017-01-31,MMM,0.005067087507585111,0.3,11.880000114440918
2017-01-31,CVX,0.005656934949534209,0.3,11.880000114440918
2017-01-31,SPY,0.006468101955664407,0.3,11.880000114440918
2017-01-31,PEP,0.006893991866465754,0.3,11.880000114440918
2017-01-31,HON,0.007313023073938618,0.3,11.880000114440918
2017-02-28,SPY,0.005888736615400037,0.3,12.09000015258789
2017-02-28,GOOG,0.006003438259131277,0.3,12.09000015258789
2017-02-28,CMCSA,0.006331068231215519,0.3,12.09000015258789
2017-02-28,LIN,0.006562013325501592,0.3,12.09000015258789
2017-02-28,BRK-B,0.007150001257450711,0.3,12.09000015258789
2017-03-31,BRK-B,0.003586429449106543,0.3,11.539999961853027
2017-03-31,MCD,0.003654733837533497,0.3,11.539999961853027
2017-03-31,PG,0.0041025906689710736,0.3,11.539999961853027
2017-03-31,CSCO,0.004179820951252111,0.3,11.539999961853027
2017-03-31,IBM,0.004713921135591726,0.3,11.539999961853027
2017-04-28,PFE,0.003193784799321353,0.3,10.359999656677246
2017-04-28,IBM,0.003806454341201038,0.3,10.359999656677246
2017-04-28,QCOM,0.005243878324776663,0.3,10.359999656677246
2017-04-28,MRK,0.00541266081951326,0.3,10.359999656677246
2017-04-28,PG,0.00594663600152332,0.3,10.359999656677246
2017-05-31,PG,0.005146890731730647,0.3,10.380000114440918
2017-05-31,SPY,0.005182620882425137,0.3,10.380000114440918
2017-05-31,PFE,0.006258870024875485,0.3,10.380000114440918
2017-05-31,BRK-B,0.006464570979000106,0.3,10.380000114440918
2017-05-31,AMGN,0.0064938294658435595,0.3,10.380000114440918
2017-06-30,KO,0.005052297870267708,0.3,11.4399995803833
2017-06-30,SPY,0.00547166002574877,0.3,11.4399995803833
2017-06-30,PG,0.005614560638870181,0.3,11.4399995803833
2017-06-30,PEP,0.0058351791130598855,0.3,11.4399995803833
2017-06-30,MCD,0.007710230424432973,0.3,11.4399995803833
2017-07-31,SPY,0.005301766988717027,0.3,10.289999961853027
2017-07-31,PFE,0.005521404893558434,0.3,10.289999961853027
2017-07-31,IBM,0.005790594679946537,0.3,10.289999961853027
2017-07-31,CSCO,0.006948930863074132,0.3,10.289999961853027
2017-07-31,MMM,0.007126420791061116,0.3,10.289999961853027
2017-08-31,XOM,0.004190906521822057,0.3,11.220000267028809
2017-08-31,KO,0.004692040874489845,0.3,11.220000267028809
2017-08-31,PG,0.005481889912210746,0.3,11.220000267028809
2017-08-31,IBM,0.005718782711886794,0.3,11.220000267028809
2017-08-31,MMM,0.006152431577119799,0.3,11.220000267028809
2017-09-29,PEP,0.005365617119251498,0.3,9.550000190734863
2017-09-29,KO,0.005441700625737766,0.3,9.550000190734863
2017-09-29,SPY,0.00550102995997368,0.3,9.550000190734863
2017-09-29,PM,0.006814820000075583,0.3,9.550000190734863
2017-09-29,PG,0.007142513695275765,0.3,9.550000190734863
2017-10-31,MRK,0.004184817564989496,0.3,10.5
2017-10-31,XOM,0.004196432423901797,0.3,10.5
2017-10-31,SPY,0.0048080328101874235,0.3,10.5
2017-10-31,HON,0.005350507656623149,0.3,10.5
2017-10-31,BRK-B,0.005655159907876461,0.3,10.5
2017-11-30,PM,0.006562375607881555,0.3,10.699999809265137
2017-11-30,ORCL,0.006961646598450865,0.3,10.699999809265137
2017-11-30,PFE,0.007443689481905347,0.3,10.699999809265137
2017-11-30,SPY,0.007456451310035783,0.3,10.699999809265137
2017-11-30,JNJ,0.007459631492932051,0.3,10.699999809265137
2017-12-29,SPY,0.005380399302059935,0.3,10.180000305175781
2017-12-29,KO,0.006850801890631031,0.3,10.180000305175781
2017-12-29,JNJ,0.007085569711193429,0.3,10.180000305175781
2017-12-29,QCOM,0.00756341121477302,0.3,10.180000305175781
2017-12-29,XOM,0.007653182758223265,0.3,10.180000305175781
2018-01-31,PG,0.008722293425061478,0.3,14.789999961853027
2018-01-31,SPY,0.00873876726606202,0.3,14.789999961853027
2018-01-31,PEP,0.008759485307623249,0.3,14.789999961853027
2018-01-31,MCD,0.009028059447064241,0.3,14.789999961853027
2018-01-31,KO,0.010196519233440737,0.3,14.789999961853027
2018-02-28,PEP,0.011259676934136476,0.27606666564941407,18.59000015258789
2018-02-28,KO,0.011262740652292224,0.27606666564941407,18.59000015258789
2018-02-28,MCD,0.0135757788912108,0.27606666564941407,18.59000015258789
2018-02-28,HON,0.01363436064101795,0.27606666564941407,18.59000015258789
2018-02-28,MRK,0.013923264572066163,0.27606666564941407,18.59000015258789
2018-03-29,KO,0.009581714886118675,0.247533327738444,22.8700008392334
2018-03-29,PFE,0.011294505500198015,0.247533327738444,22.8700008392334
2018-03-29,PEP,0.011703793797507033,0.247533327738444,22.8700008392334
2018-03-29,PG,0.012378599508077005,0.247533327738444,22.8700008392334
2018-03-29,MRK,0.012965924917138327,0.247533327738444,22.8700008392334
2018-04-30,PG,0.007591450420096546,0.29726666768391924,15.40999984741211
2018-04-30,WMT,0.0117174583848914,0.29726666768391924,15.40999984741211
2018-04-30,BRK-B,0.011956944269478686,0.29726666768391924,15.40999984741211
2018-04-30,SPY,0.012056127704804886,0.29726666768391924,15.40999984741211
2018-04-30,PEP,0.012942929497618706,0.29726666768391924,15.40999984741211
2018-05-31,V,0.007960235959393902,0.3,14.9399995803833
2018-05-31,PFE,0.009100664960998772,0.3,14.9399995803833
2018-05-31,AMZN,0.009882468331564809,0.3,14.9399995803833
2018-05-31,IBM,0.010168687314807023,0.3,14.9399995803833
2018-05-31,BKNG,0.010244041589488972,0.3,14.9399995803833
2018-06-29,SPY,0.006320704005896261,0.28766666412353514,16.850000381469727
2018-06-29,PFE,0.0064731490289702265,0.28766666412353514,16.850000381469727
2018-06-29,HON,0.007698566116192884,0.28766666412353514,16.850000381469727
2018-06-29,BKNG,0.008443462905355493,0.28766666412353514,16.850000381469727
2018-06-29,BRK-B,0.008543548150922398,0.28766666412353514,16.850000381469727
2018-07-31,HD,0.008105986835689638,0.3,14.260000228881836
2018-07-31,MCD,0.008284119804256296,0.3,14.260000228881836
2018-07-31,SPY,0.008641810775184089,0.3,14.260000228881836
2018-07-31,XOM,0.010241501421717869,0.3,14.260000228881836
2018-07-31,COST,0.011546935976905325,0.3,14.260000228881836
2018-08-31,KO,0.005852318393116817,0.3,13.529999732971191
2018-08-31,SPY,0.006753324301234187,0.3,13.529999732971191
2018-08-31,ORCL,0.0073847183289665885,0.3,13.529999732971191
2018-08-31,PG,0.007701166852715646,0.3,13.529999732971191
2018-08-31,CVX,0.008192879179112822,0.3,13.529999732971191
2018-09-28,SPY,0.005107215959132416,0.3,12.40999984741211
2018-09-28,UNH,0.007771264377575226,0.3,12.40999984741211
2018-09-28,WMT,0.008195317860696872,0.3,12.40999984741211
2018-09-28,BRK-B,0.009042604864640235,0.3,12.40999984741211
2018-09-28,GS,0.009223230180565256,0.3,12.40999984741211
2018-10-31,XOM,0.011345080487581205,0.2443333307902018,23.350000381469727
2018-10-31,CVX,0.011767540937463438,0.2443333307902018,23.350000381469727
2018-10-31,MMM,0.011878598552453833,0.2443333307902018,23.350000381469727
2018-10-31,IBM,0.01194040893663435,0.2443333307902018,23.350000381469727
2018-10-31,HD,0.013350049424200483,0.2443333307902018,23.350000381469727
2018-11-30,HON,0.0103899559468263,0.2747333272298177,18.790000915527344
2018-11-30,PM,0.012171654276049004,0.2747333272298177,18.790000915527344
2018-11-30,PG,0.01278455992653913,0.2747333272298177,18.790000915527344
2018-11-30,WMT,0.013593661988211148,0.2747333272298177,18.790000915527344
2018-11-30,DIS,0.014104965726240825,0.2747333272298177,18.790000915527344
2018-12-31,PM,0.008299414278990103,0.21106666564941406,28.34000015258789
2018-12-31,CMCSA,0.01201593600369275,0.21106666564941406,28.34000015258789
2018-12-31,MCD,0.013688037928622077,0.21106666564941406,28.34000015258789
2018-12-31,JNJ,0.014227549422505037,0.21106666564941406,28.34000015258789
2018-12-31,KO,0.014811082921787167,0.21106666564941406,28.34000015258789
2019-01-31,WMT,0.011815257545417967,0.2822666676839193,17.65999984741211
2019-01-31,MCD,0.01184206268972714,0.2822666676839193,17.65999984741211
2019-01-31,KO,0.013035563545870899,0.2822666676839193,17.65999984741211
2019-01-31,QCOM,0.01310177072819525,0.2822666676839193,17.65999984741211
2019-01-31,DIS,0.014226651200365481,0.2822666676839193,17.65999984741211
2019-02-28,SPY,0.011081064847493449,0.3,14.699999809265137
2019-02-28,COST,0.011124259374228673,0.3,14.699999809265137
2019-02-28,DIS,0.011158132794886245,0.3,14.699999809265137
2019-02-28,IBM,0.011178707216786422,0.3,14.699999809265137
2019-02-28,ORCL,0.011292336158787863,0.3,14.699999809265137
2019-03-29,WMT,0.007538735598828117,0.3,14.430000305175781
2019-03-29,MRK,0.008869720833110684,0.3,14.430000305175781
2019-03-29,SPY,0.009234951149035808,0.3,14.430000305175781
2019-03-29,JNJ,0.009714622455190502,0.3,14.430000305175781
2019-03-29,DIS,0.010415743054174564,0.3,14.430000305175781
2019-04-30,SPY,0.007422759629855414,0.3,13.109999656677246
2019-04-30,V,0.009066300596758125,0.3,13.109999656677246
2019-04-30,JNJ,0.009345002781448074,0.3,13.109999656677246
2019-04-30,ORCL,0.009413310896589921,0.3,13.109999656677246
2019-04-30,WMT,0.010380939236000896,0.3,13.109999656677246
2019-05-31,XOM,0.004018461262509154,0.2846666717529297,17.299999237060547
2019-05-31,BRK-B,0.0063905653257622765,0.2846666717529297,17.299999237060547
2019-05-31,JNJ,0.006531616024177245,0.2846666717529297,17.299999237060547
2019-05-31,MMM,0.0066604812598887175,0.2846666717529297,17.299999237060547
2019-05-31,AMGN,0.007760322358355376,0.2846666717529297,17.299999237060547
2019-06-28,PFE,0.009371255808009415,0.29453333536783854,15.819999694824219
2019-06-28,PEP,0.010552689670887938,0.29453333536783854,15.819999694824219
2019-06-28,MCD,0.010696267374027046,0.29453333536783854,15.819999694824219
2019-06-28,WMT,0.011286908707013321,0.29453333536783854,15.819999694824219
2019-06-28,BRK-B,0.012048116519357822,0.29453333536783854,15.819999694824219
2019-07-31,SPY,0.006264559635817424,0.3,13.9399995803833
2019-07-31,BRK-B,0.006419023145833647,0.3,13.9399995803833
2019-07-31,CVX,0.007104652557362323,0.3,13.9399995803833
2019-07-31,WMT,0.007473581011511942,0.3,13.9399995803833
2019-07-31,XOM,0.007863544360181995,0.3,13.9399995803833
2019-08-30,JNJ,0.010175383494149415,0.2808000055948893,17.8799991607666
2019-08-30,LIN,0.012382387062575929,0.2808000055948893,17.8799991607666
2019-08-30,PFE,0.013369053585106715,0.2808000055948893,17.8799991607666
2019-08-30,IBM,0.013493513853405404,0.2808000055948893,17.8799991607666
2019-08-30,BRK-B,0.013564345732763484,0.2808000055948893,17.8799991607666
2019-09-30,KO,0.006409007418252832,0.2852000045776367,17.219999313354492
2019-09-30,DIS,0.008340050496872742,0.2852000045776367,17.219999313354492
2019-09-30,SPY,0.008373859642059677,0.2852000045776367,17.219999313354492
2019-09-30,AMGN,0.008428622190528224,0.2852000045776367,17.219999313354492
2019-09-30,MCD,0.008987769332393824,0.2852000045776367,17.219999313354492
2019-10-31,WMT,0.009296286206276472,0.3,12.329999923706055
2019-10-31,NKE,0.009583266555893744,0.3,12.329999923706055
2019-10-31,SPY,0.010297706426529408,0.3,12.329999923706055
2019-10-31,BKNG,0.010527793547788633,0.3,12.329999923706055
2019-10-31,IBM,0.010663262444322363,0.3,12.329999923706055
2019-11-29,SPY,0.0065451521438713465,0.3,11.75
2019-11-29,PEP,0.006902362981464805,0.3,11.75
2019-11-29,ORCL,0.007512405113341591,0.3,11.75
2019-11-29,COST,0.008663885707637186,0.3,11.75
2019-11-29,HD,0.009593297118095867,0.3,11.75
2019-12-31,WMT,0.006084483845515099,0.3,14.819999694824219
2019-12-31,COST,0.0064187206033088804,0.3,14.819999694824219
2019-12-31,MCD,0.006627990633861991,0.3,14.819999694824219
2019-12-31,SPY,0.0072233202294923245,0.3,14.819999694824219
2019-12-31,DIS,0.00792019206184542,0.3,14.819999694824219
2020-01-31,CVX,0.006402638592358257,0.2967333348592122,15.489999771118164
2020-01-31,JNJ,0.006666249964380944,0.2967333348592122,15.489999771118164
2020-01-31,TMO,0.007990922344945028,0.2967333348592122,15.489999771118164
2020-01-31,PG,0.007995043921423806,0.2967333348592122,15.489999771118164
2020-01-31,BKNG,0.008044087173720271,0.2967333348592122,15.489999771118164
2020-02-28,PEP,0.008156452392796965,0.2,39.15999984741211
2020-02-28,MCD,0.00823375886726616,0.2,39.15999984741211
2020-02-28,JNJ,0.009078111081050767,0.2,39.15999984741211
2020-02-28,PG,0.009406185876513984,0.2,39.15999984741211
2020-02-28,SPY,0.009625183957469429,0.2,39.15999984741211
2020-03-31,AMZN,0.051503177911308165,0.2,57.08000183105469
2020-03-31,KO,0.05433057314984335,0.2,57.08000183105469
2020-03-31,COST,0.0577980228988658,0.2,57.08000183105469
2020-03-31,ABBV,0.06052469857613909,0.2,57.08000183105469
2020-03-31,MRK,0.060852823914135844,0.2,57.08000183105469
2020-04-30,BRK-B,0.026118934722938913,0.2,31.229999542236328
2020-04-30,ORCL,0.026365654047214138,0.2,31.229999542236328
2020-04-30,ABBV,0.027943441430990656,0.2,31.229999542236328
2020-04-30,PFE,0.03161569245372462,0.2,31.229999542236328
2020-04-30,PG,0.032044191026575276,0.2,31.229999542236328
2020-05-29,COST,0.011518323727032431,0.2093999989827474,28.59000015258789
2020-05-29,JNJ,0.012249719069191211,0.2093999989827474,28.59000015258789
2020-05-29,WMT,0.012767969798025192,0.2093999989827474,28.59000015258789
2020-05-29,PEP,0.013483105102522642,0.2093999989827474,28.59000015258789
2020-05-29,MSFT,0.014394690987727632,0.2093999989827474,28.59000015258789
2020-06-30,WMT,0.011326149201308321,0.2,31.780000686645508
2020-06-30,COST,0.011735562025274015,0.2,31.780000686645508
2020-06-30,JNJ,0.012955841123894096,0.2,31.780000686645508
2020-06-30,PEP,0.013173948124401402,0.2,31.780000686645508
2020-06-30,PFE,0.014813434734296704,0.2,31.780000686645508
2020-07-31,ABBV,0.00995667437862111,0.2349333318074544,24.760000228881836
2020-07-31,ORCL,0.01071516185865331,0.2349333318074544,24.760000228881836
2020-07-31,PEP,0.010911336604026012,0.2349333318074544,24.760000228881836
2020-07-31,SPY,0.012018557058242197,0.2349333318074544,24.760000228881836
2020-07-31,JNJ,0.01274986659326056,0.2349333318074544,24.760000228881836
2020-08-31,PFE,0.008553540388896996,0.24693333943684898,22.959999084472656
2020-08-31,SPY,0.00954756183606258,0.24693333943684898,22.959999084472656
2020-08-31,JNJ,0.010691835405820749,0.24693333943684898,22.959999084472656
2020-08-31,PEP,0.01092148868921754,0.24693333943684898,22.959999084472656
2020-08-31,CSCO,0.011362899957293626,0.24693333943684898,22.959999084472656
2020-09-30,BRK-B,0.011701939220744828,0.22486666361490887,26.270000457763672
2020-09-30,MCD,0.011773204147088333,0.22486666361490887,26.270000457763672
2020-09-30,ABBV,0.012641392283496566,0.22486666361490887,26.270000457763672
2020-09-30,CSCO,0.012710358053903682,0.22486666361490887,26.270000457763672
2020-09-30,PM,0.012727721233603394,0.22486666361490887,26.270000457763672
2020-10-30,BRK-B,0.008144187537377601,0.2,37.59000015258789
2020-10-30,MRK,0.008622315651052004,0.2,37.59000015258789
2020-10-30,PG,0.008891026522030599,0.2,37.59000015258789
2020-10-30,ORCL,0.009662567771759046,0.2,37.59000015258789
2020-10-30,WMT,0.009993069408751554,0.2,37.59000015258789
2020-11-30,ORCL,0.011418560837062141,0.26106666564941405,20.84000015258789
2020-11-30,PEP,0.014839172688069401,0.26106666564941405,20.84000015258789
2020-11-30,PG,0.015270068432837647,0.26106666564941405,20.84000015258789
2020-11-30,JNJ,0.01642268897977539,0.26106666564941405,20.84000015258789
2020-11-30,MCD,0.016847358750544973,0.26106666564941405,20.84000015258789
2020-12-31,WMT,0.005546485262618273,0.24819999694824219,22.770000457763672
2020-12-31,SPY,0.008280134375663861,0.24819999694824219,22.770000457763672
2020-12-31,PG,0.008311036071175382,0.24819999694824219,22.770000457763672
2020-12-31,ABT,0.008532828024280726,0.24819999694824219,22.770000457763672
2020-12-31,PEP,0.00863963158427854,0.24819999694824219,22.770000457763672
2021-01-29,CSCO,0.009604311487211702,0.2,30.209999084472656
2021-01-29,ORCL,0.009753358454381456,0.2,30.209999084472656
2021-01-29,COST,0.010110395146678285,0.2,30.209999084472656
2021-01-29,PEP,0.010312944719272998,0.2,30.209999084472656
2021-01-29,SPY,0.010407136150879648,0.2,30.209999084472656
2021-02-26,PFE,0.004401074811909256,0.2074000040690104,28.889999389648438
2021-02-26,AMGN,0.007668816476299423,0.2074000040690104,28.889999389648438
2021-02-26,PG,0.008265517494853958,0.2074000040690104,28.889999389648438
2021-02-26,COST,0.008878408998413745,0.2074000040690104,28.889999389648438
2021-02-26,MRK,0.00916176826668238,0.2074000040690104,28.889999389648438
2021-03-31,JNJ,0.01306421318257911,0.26926666259765625,19.610000610351562
2021-03-31,SPY,0.013382635022151002,0.26926666259765625,19.610000610351562
2021-03-31,WMT,0.01564436695261424,0.26926666259765625,19.610000610351562
2021-03-31,MRK,0.015696830567868726,0.26926666259765625,19.610000610351562
2021-03-31,PM,0.015759272626406327,0.26926666259765625,19.610000610351562
2021-04-30,KO,0.008068920584516137,0.2825999959309896,17.610000610351562
2021-04-30,CSCO,0.010160144929358595,0.2825999959309896,17.610000610351562
2021-04-30,PG,0.010382897132122615,0.2825999959309896,17.610000610351562
2021-04-30,MRK,0.010535117494442225,0.2825999959309896,17.610000610351562
2021-04-30,CAT,0.010661784779304994,0.2825999959309896,17.610000610351562
2021-05-28,KO,0.009036021046534292,0.2884000015258789,16.739999771118164
2021-05-28,MCD,0.009160863727958901,0.2884000015258789,16.739999771118164
2021-05-28,ABT,0.009533991323622804,0.2884000015258789,16.739999771118164
2021-05-28,UNH,0.010829955892977194,0.2884000015258789,16.739999771118164
2021-05-28,SPY,0.011261133687686397,0.2884000015258789,16.739999771118164
2021-06-30,SPY,0.00787443158638781,0.29319999694824217,16.020000457763672
2021-06-30,KO,0.007923493835023354,0.29319999694824217,16.020000457763672
2021-06-30,BRK-B,0.008255063694196308,0.29319999694824217,16.020000457763672
2021-06-30,PEP,0.0084177551519097,0.29319999694824217,16.020000457763672
2021-06-30,JNJ,0.008778412887786979,0.29319999694824217,16.020000457763672
2021-07-30,WMT,0.006079921874491889,0.28199999491373695,17.700000762939453
2021-07-30,MRK,0.008168654953113164,0.28199999491373695,17.700000762939453
2021-07-30,AMGN,0.009133915363263866,0.28199999491373695,17.700000762939453
2021-07-30,ABBV,0.009653307149088918,0.28199999491373695,17.700000762939453
2021-07-30,IBM,0.009711386140095613,0.28199999491373695,17.700000762939453
2021-08-31,KO,0.0068510649029259515,0.29206666310628254,16.190000534057617
2021-08-31,MCD,0.00783293980352906,0.29206666310628254,16.190000534057617
2021-08-31,SPY,0.008032574729451226,0.29206666310628254,16.190000534057617
2021-08-31,PG,0.008723401067476244,0.29206666310628254,16.190000534057617
2021-08-31,MA,0.008993468477404187,0.29206666310628254,16.190000534057617
2021-09-30,WMT,0.0036013196410053182,0.24960000356038411,22.559999465942383
2021-09-30,JNJ,0.005622381996517234,0.24960000356038411,22.559999465942383
2021-09-30,QCOM,0.006074628504110091,0.24960000356038411,22.559999465942383
2021-09-30,ABT,0.00687916161366231,0.24960000356038411,22.559999465942383
2021-09-30,SPY,0.007178663868435997,0.24960000356038411,22.559999465942383
2021-10-29,MMM,0.011140760155018947,0.2897999954223633,16.530000686645508
2021-10-29,SPY,0.01148087042931345,0.2897999954223633,16.530000686645508
2021-10-29,PG,0.011524271781919015,0.2897999954223633,16.530000686645508
2021-10-29,BRK-B,0.011760826256217705,0.2897999954223633,16.530000686645508
2021-10-29,JNJ,0.011909698196622109,0.2897999954223633,16.530000686645508
2021-11-30,SPY,0.006934860131970444,0.24693333943684898,22.959999084472656
2021-11-30,PM,0.007304054592171649,0.24693333943684898,22.959999084472656
2021-11-30,KO,0.007825194016276571,0.24693333943684898,22.959999084472656
2021-11-30,BRK-B,0.008838315660971707,0.24693333943684898,22.959999084472656
2021-11-30,WMT,0.00896508649597716,0.24693333943684898,22.959999084472656
2021-12-31,MRK,0.01315682070864126,0.284466667175293,17.329999923706055
2021-12-31,PEP,0.01493276200795921,0.284466667175293,17.329999923706055
2021-12-31,PG,0.015054814599556243,0.284466667175293,17.329999923706055
2021-12-31,WMT,0.015304489567457048,0.284466667175293,17.329999923706055
2021-12-31,JNJ,0.015330049527319112,0.284466667175293,17.329999923706055
2022-01-31,PEP,0.009199508024100477,0.2156000010172526,27.65999984741211
2022-01-31,CSCO,0.01056160275129927,0.2156000010172526,27.65999984741211
2022-01-31,UNH,0.011250365675012919,0.2156000010172526,27.65999984741211
2022-01-31,LLY,0.011903007211161132,0.2156000010172526,27.65999984741211
2022-01-31,KO,0.012059818720732451,0.2156000010172526,27.65999984741211
2022-02-28,IBM,0.013208932525211247,0.21606666564941407,27.59000015258789
2022-02-28,CAT,0.01361495334738616,0.21606666564941407,27.59000015258789
2022-02-28,MRK,0.014457965486033907,0.21606666564941407,27.59000015258789
2022-02-28,PEP,0.015269886671441357,0.21606666564941407,27.59000015258789
2022-02-28,HD,0.015973591394018705,0.21606666564941407,27.59000015258789
2022-03-31,MRK,0.010842139977181909,0.2711333338419596,19.329999923706055
2022-03-31,KO,0.011674137544670237,0.2711333338419596,19.329999923706055
2022-03-31,CMCSA,0.012963589074253079,0.2711333338419596,19.329999923706055
2022-03-31,IBM,0.013062674404163976,0.2711333338419596,19.329999923706055
2022-03-31,AMGN,0.013182960353930984,0.2711333338419596,19.329999923706055
2022-04-29,BRK-B,0.0082884671360532,0.20006666819254554,29.989999771118164
2022-04-29,AMGN,0.011647309969070863,0.20006666819254554,29.989999771118164
2022-04-29,KO,0.01202458794567729,0.20006666819254554,29.989999771118164
2022-04-29,SPY,0.013443971341801841,0.20006666819254554,29.989999771118164
2022-04-29,MMM,0.013962522146465739,0.20006666819254554,29.989999771118164
2022-05-31,JNJ,0.012578380970511737,0.22853333791097005,25.719999313354492
2022-05-31,AMGN,0.013595478818501849,0.22853333791097005,25.719999313354492
2022-05-31,ABBV,0.014456367641714252,0.22853333791097005,25.719999313354492
2022-05-31,UNH,0.014616805388215947,0.22853333791097005,25.719999313354492
2022-05-31,PG,0.015353104924790672,0.22853333791097005,25.719999313354492
2022-06-30,MMM,0.010659014492867769,0.21226666768391927,28.15999984741211
2022-06-30,CMCSA,0.011867265336376987,0.21226666768391927,28.15999984741211
2022-06-30,AMGN,0.01253007544959579,0.21226666768391927,28.15999984741211
2022-06-30,BAC,0.01255780791085046,0.21226666768391927,28.15999984741211
2022-06-30,KO,0.01398933977478638,0.21226666768391927,28.15999984741211
2022-07-29,JNJ,0.00868287144372304,0.2511333338419596,22.329999923706055
2022-07-29,ABBV,0.009543407122047976,0.2511333338419596,22.329999923706055
2022-07-29,MRK,0.011091662515414935,0.2511333338419596,22.329999923706055
2022-07-29,AMGN,0.011426901635537367,0.2511333338419596,22.329999923706055
2022-07-29,IBM,0.012508293745045718,0.2511333338419596,22.329999923706055
2022-08-31,KO,0.008625043631007356,0.22526667277018228,26.209999084472656
2022-08-31,ABBV,0.009147277688400467,0.22526667277018228,26.209999084472656
2022-08-31,PEP,0.00915362745106596,0.22526667277018228,26.209999084472656
2022-08-31,MCD,0.009565906821133207,0.22526667277018228,26.209999084472656
2022-08-31,JNJ,0.00958784996203601,0.22526667277018228,26.209999084472656
2022-09-30,KO,0.009332279480580085,0.2,31.84000015258789
2022-09-30,IBM,0.010234815350651339,0.2,31.84000015258789
2022-09-30,MCD,0.010558668175142883,0.2,31.84000015258789
2022-09-30,V,0.010562262340625317,0.2,31.84000015258789
2022-09-30,MA,0.01136003676069457,0.2,31.84000015258789
2022-10-31,JNJ,0.01621453026450772,0.22833333333333333,25.75
2022-10-31,PG,0.017784988143743165,0.22833333333333333,25.75
2022-10-31,UNH,0.019955601967649006,0.22833333333333333,25.75
2022-10-31,KO,0.020569472473625262,0.22833333333333333,25.75
2022-10-31,WMT,0.021619799329322165,0.22833333333333333,25.75
2022-11-30,MCD,0.009405338879282032,0.25406667073567707,21.889999389648438
2022-11-30,JNJ,0.011019019058955592,0.25406667073567707,21.889999389648438
2022-11-30,PEP,0.014082493405242013,0.25406667073567707,21.889999389648438
2022-11-30,KO,0.016951284308163884,0.25406667073567707,21.889999389648438
2022-11-30,ABBV,0.01761292491490818,0.25406667073567707,21.889999389648438
2022-12-30,AMGN,0.005037082889920552,0.25706666310628257,21.440000534057617
2022-12-30,PEP,0.00650953454504184,0.25706666310628257,21.440000534057617
2022-12-30,COST,0.007727284708274817,0.25706666310628257,21.440000534057617
2022-12-30,JNJ,0.008453090529429908,0.25706666310628257,21.440000534057617
2022-12-30,MCD,0.00872751699953458,0.25706666310628257,21.440000534057617
2023-01-31,JNJ,0.0087219654726717,0.2670666631062826,19.940000534057617
2023-01-31,IBM,0.00918720147515999,0.2670666631062826,19.940000534057617
2023-01-31,KO,0.009624653628361911,0.2670666631062826,19.940000534057617
2023-01-31,PG,0.010096852907369946,0.2670666631062826,19.940000534057617
2023-01-31,PEP,0.010579999198024437,0.2670666631062826,19.940000534057617
2023-02-28,V,0.005824432686633063,0.2603333282470703,20.950000762939453
2023-02-28,MA,0.00697607174172501,0.2603333282470703,20.950000762939453
2023-02-28,JNJ,0.007987470143390362,0.2603333282470703,20.950000762939453
2023-02-28,BAC,0.008529664934474556,0.2603333282470703,20.950000762939453
2023-02-28,IBM,0.009432920602351614,0.2603333282470703,20.950000762939453
2023-03-31,JNJ,0.010099357172782365,0.2731999969482422,19.020000457763672
2023-03-31,MCD,0.01128809419442649,0.2731999969482422,19.020000457763672
2023-03-31,KO,0.011803802010663712,0.2731999969482422,19.020000457763672
2023-03-31,WMT,0.01216577643847252,0.2731999969482422,19.020000457763672
2023-03-31,PFE,0.012522101914416783,0.2731999969482422,19.020000457763672
2023-04-28,KO,0.007334018788513896,0.28646666208902993,17.030000686645508
2023-04-28,IBM,0.007787000640574471,0.28646666208902993,17.030000686645508
2023-04-28,LIN,0.008742424722062126,0.28646666208902993,17.030000686645508
2023-04-28,ABBV,0.010263569671730898,0.28646666208902993,17.030000686645508
2023-04-28,MCD,0.010292457141969136,0.28646666208902993,17.030000686645508
2023-05-31,KO,0.003425439840911748,0.28360000610351566,17.459999084472656
2023-05-31,MCD,0.0036782466547713,0.28360000610351566,17.459999084472656
2023-05-31,PM,0.004307839131164126,0.28360000610351566,17.459999084472656
2023-05-31,PG,0.00442557150803915,0.28360000610351566,17.459999084472656
2023-05-31,ABT,0.004597027361576078,0.28360000610351566,17.459999084472656
2023-06-30,KO,0.009243664041807608,0.3,13.539999961853027
2023-06-30,PEP,0.010902582528401705,0.3,13.539999961853027
2023-06-30,SPY,0.011824776105254786,0.3,13.539999961853027
2023-06-30,JNJ,0.011880570520780776,0.3,13.539999961853027
2023-06-30,MCD,0.012127791378554553,0.3,13.539999961853027
2023-07-31,SPY,0.009000886789496353,0.3,13.329999923706055
2023-07-31,V,0.00921052544645593,0.3,13.329999923706055
2023-07-31,MCD,0.010107876552718187,0.3,13.329999923706055
2023-07-31,BRK-B,0.010274022804249671,0.3,13.329999923706055
2023-07-31,HON,0.011048208533796533,0.3,13.329999923706055
2023-08-31,KO,0.005154881638104447,0.3,13.880000114440918
2023-08-31,JPM,0.006309489365128052,0.3,13.880000114440918
2023-08-31,PG,0.007025174642916054,0.3,13.880000114440918
2023-08-31,MCD,0.007420783938724096,0.3,13.880000114440918
2023-08-31,ABBV,0.008032614024040407,0.3,13.880000114440918
2023-09-29,KO,0.005111734087059183,0.28439999898274737,17.34000015258789
2023-09-29,SPY,0.005413370168871223,0.28439999898274737,17.34000015258789
2023-09-29,BRK-B,0.006107450799384661,0.28439999898274737,17.34000015258789
2023-09-29,MA,0.006492483304885876,0.28439999898274737,17.34000015258789
2023-09-29,TMO,0.006626598229774894,0.28439999898274737,17.34000015258789
2023-10-31,JNJ,0.007864230439739961,0.26833333333333337,19.75
2023-10-31,BRK-B,0.009420909692575474,0.26833333333333337,19.75
2023-10-31,SPY,0.009834285133307618,0.26833333333333337,19.75
2023-10-31,CSCO,0.009916588368509283,0.26833333333333337,19.75
2023-10-31,AAPL,0.010276056740916894,0.26833333333333337,19.75
2023-11-30,KO,0.007393769238553194,0.3,12.979999542236328
2023-11-30,PEP,0.008907035176838019,0.3,12.979999542236328
2023-11-30,BRK-B,0.010242632451212685,0.3,12.979999542236328
2023-11-30,MRK,0.010382048812409162,0.3,12.979999542236328
2023-11-30,PG,0.010766521989406063,0.3,12.979999542236328
2023-12-29,KO,0.007223854966608689,0.3,12.470000267028809
2023-12-29,BRK-B,0.007991823830590184,0.3,12.470000267028809
2023-12-29,SPY,0.008579842113089731,0.3,12.470000267028809
2023-12-29,MSFT,0.009457954181829997,0.3,12.470000267028809
2023-12-29,V,0.009614763686395512,0.3,12.470000267028809
2024-01-31,LIN,0.005130154969651546,0.3,13.3100004196167
2024-01-31,KO,0.008587587442154865,0.3,13.3100004196167
2024-01-31,JNJ,0.00886030348082958,0.3,13.3100004196167
2024-01-31,PM,0.009260954832308066,0.3,13.3100004196167
2024-01-31,SPY,0.009841940074529276,0.3,13.3100004196167
2024-02-29,CSCO,0.007789878627756197,0.3,13.84000015258789
2024-02-29,PG,0.008972400419636007,0.3,13.84000015258789
2024-02-29,AAPL,0.010235445565002754,0.3,13.84000015258789
2024-02-29,HON,0.010242627176663133,0.3,13.84000015258789
2024-02-29,JNJ,0.011337796680110835,0.3,13.84000015258789
2024-03-28,PG,0.007042010465030346,0.3,12.779999732971191
2024-03-28,V,0.008051947551029049,0.3,12.779999732971191
2024-03-28,JNJ,0.00856424336582351,0.3,12.779999732971191
2024-03-28,KO,0.008755126235698496,0.3,12.779999732971191
2024-03-28,MA,0.008757848801274015,0.3,12.779999732971191
2024-04-30,LIN,0.0061745072878880425,0.3,14.670000076293945
2024-04-30,V,0.007351657273087042,0.3,14.670000076293945
2024-04-30,MA,0.007540332181335119,0.3,14.670000076293945
2024-04-30,BRK-B,0.007722936991322493,0.3,14.670000076293945
2024-04-30,JNJ,0.007808245114912493,0.3,14.670000076293945
2024-05-31,KO,0.007280609225504176,0.3,14.470000267028809
2024-05-31,PG,0.00805653427535744,0.3,14.470000267028809
2024-05-31,ABT,0.008621693263564722,0.3,14.470000267028809
2024-05-31,MA,0.009298961417581486,0.3,14.470000267028809
2024-05-31,LIN,0.00994911198840045,0.3,14.470000267028809
2024-06-28,MA,0.00684211674021804,0.3,12.239999771118164
2024-06-28,SPY,0.008203212276499361,0.3,12.239999771118164
2024-06-28,JNJ,0.00877331128417529,0.3,12.239999771118164
2024-06-28,TMO,0.008868626691058746,0.3,12.239999771118164
2024-06-28,V,0.009338750809593588,0.3,12.239999771118164
2024-07-31,SPY,0.01087784303655397,0.2820666631062826,17.690000534057617
2024-07-31,PG,0.011852437351481226,0.2820666631062826,17.690000534057617
2024-07-31,WMT,0.012547041313042628,0.2820666631062826,17.690000534057617
2024-07-31,HON,0.012687322146843894,0.2820666631062826,17.690000534057617
2024-07-31,MSFT,0.012935645396709416,0.2820666631062826,17.690000534057617
2024-08-30,PEP,0.009910082354742177,0.29566666920979817,15.649999618530273
2024-08-30,PFE,0.010098588444278845,0.29566666920979817,15.649999618530273
2024-08-30,HON,0.010277649640035014,0.29566666920979817,15.649999618530273
2024-08-30,ABT,0.010289399338956385,0.29566666920979817,15.649999618530273
2024-08-30,LIN,0.010507193514679169,0.29566666920979817,15.649999618530273
2024-09-30,JNJ,0.009111064764363163,0.28693333943684896,16.959999084472656
2024-09-30,KO,0.009473366078941715,0.28693333943684896,16.959999084472656
2024-09-30,BRK-B,0.010067389465691745,0.28693333943684896,16.959999084472656
2024-09-30,PEP,0.01021274705384383,0.28693333943684896,16.959999084472656
2024-09-30,MCD,0.010265245883626716,0.28693333943684896,16.959999084472656
2024-10-31,KO,0.006908566239103298,0.2643333307902018,20.350000381469727
2024-10-31,SPY,0.007927581164492903,0.2643333307902018,20.350000381469727
2024-10-31,PG,0.008042068005464476,0.2643333307902018,20.350000381469727
2024-10-31,CVX,0.008243993615258072,0.2643333307902018,20.350000381469727
2024-10-31,TMO,0.008276310553864708,0.2643333307902018,20.350000381469727
2024-11-29,KO,0.008339283219568783,0.3,14.100000381469727
2024-11-29,JNJ,0.008852213271576481,0.3,14.100000381469727
2024-11-29,PEP,0.009833548830621508,0.3,14.100000381469727
2024-11-29,LIN,0.011252787780199735,0.3,14.100000381469727
2024-11-29,SPY,0.011253968784255797,0.3,14.100000381469727
2024-12-31,PG,0.0058976519122289515,0.2840000025431315,17.399999618530273
2024-12-31,XOM,0.005980745592830461,0.2840000025431315,17.399999618530273
2024-12-31,BRK-B,0.006315232792243108,0.2840000025431315,17.399999618530273
2024-12-31,LIN,0.006354488728785501,0.2840000025431315,17.399999618530273
2024-12-31,DIS,0.006811417623396698,0.2840000025431315,17.399999618530273
2025-01-31,CMCSA,0.01126882235775235,0.2943999989827474,15.84000015258789
2025-01-31,SPY,0.011695845283257445,0.2943999989827474,15.84000015258789
2025-01-31,CSCO,0.011850807035083788,0.2943999989827474,15.84000015258789
2025-01-31,MCD,0.012076536078910838,0.2943999989827474,15.84000015258789
2025-01-31,DIS,0.013232579419501978,0.2943999989827474,15.84000015258789
2025-02-28,MSFT,0.008126831812555491,0.25913333892822266,21.1299991607666
2025-02-28,SPY,0.009005930413003816,0.25913333892822266,21.1299991607666
2025-02-28,CAT,0.009359910764814839,0.25913333892822266,21.1299991607666
2025-02-28,CRM,0.010861795565096699,0.25913333892822266,21.1299991607666
2025-02-28,PG,0.01481114557272023,0.25913333892822266,21.1299991607666
2025-03-31,NKE,0.010008771501093517,0.2556666692097982,21.649999618530273
2025-03-31,JNJ,0.010028553444241783,0.2556666692097982,21.649999618530273
2025-03-31,LIN,0.011118245954121387,0.2556666692097982,21.649999618530273
2025-03-31,HON,0.011134827904880806,0.2556666692097982,21.649999618530273
2025-03-31,DIS,0.011618294379854444,0.2556666692097982,21.649999618530273
2025-04-30,ABT,0.019130296176354956,0.23886666615804036,24.170000076293945
2025-04-30,KO,0.01930418421206568,0.23886666615804036,24.170000076293945
2025-04-30,PEP,0.020138641867560113,0.23886666615804036,24.170000076293945
2025-04-30,PG,0.02022542129529161,0.23886666615804036,24.170000076293945
2025-04-30,JNJ,0.0206769863868403,0.23886666615804036,24.170000076293945
2025-05-30,BRK-B,0.012486418732502936,0.2721333312988281,19.18000030517578
2025-05-30,MCD,0.012497845204258163,0.2721333312988281,19.18000030517578
2025-05-30,XOM,0.012502203171844606,0.2721333312988281,19.18000030517578
2025-05-30,V,0.012977382048381525,0.2721333312988281,19.18000030517578
2025-05-30,PEP,0.013507502961050254,0.2721333312988281,19.18000030517578
2025-06-30,BRK-B,0.00751078498137101,0.29120000203450525,16.31999969482422
2025-06-30,PG,0.008420813380766834,0.29120000203450525,16.31999969482422
2025-06-30,MCD,0.009156273760176869,0.29120000203450525,16.31999969482422
2025-06-30,JNJ,0.009324009711434256,0.29120000203450525,16.31999969482422
2025-06-30,SPY,0.009706355950470336,0.29120000203450525,16.31999969482422
2025-07-31,SPY,0.006607704274400073,0.2968000030517578,15.479999542236328
2025-07-31,LIN,0.007057597557275886,0.2968000030517578,15.479999542236328
2025-07-31,COST,0.007324569478355159,0.2968000030517578,15.479999542236328
2025-07-31,BRK-B,0.0076629617144881035,0.2968000030517578,15.479999542236328
2025-07-31,HON,0.007837030827589908,0.2968000030517578,15.479999542236328
2025-08-29,LIN,0.00871159429778956,0.3,14.430000305175781
2025-08-29,SPY,0.01133196765740343,0.3,14.430000305175781
2025-08-29,MSFT,0.011466056015849223,0.3,14.430000305175781
2025-08-29,KO,0.011866490020629028,0.3,14.430000305175781
2025-08-29,PG,0.012028149818303246,0.3,14.430000305175781
2025-09-30,CMCSA,0.003798146169293215,0.292533327738444,16.1200008392334
2025-09-30,NKE,0.0065281006419980695,0.292533327738444,16.1200008392334
2025-09-30,SPY,0.006628028549045295,0.292533327738444,16.1200008392334
2025-09-30,MCD,0.006920317521077602,0.292533327738444,16.1200008392334
2025-09-30,KO,0.007176033693809858,0.292533327738444,16.1200008392334
2025-10-31,BRK-B,0.006566009327199973,0.2872666676839193,16.90999984741211
2025-10-31,LIN,0.0069365530665836065,0.2872666676839193,16.90999984741211
2025-10-31,JNJ,0.009201988157557928,0.2872666676839193,16.90999984741211
2025-10-31,ABT,0.010097998503876982,0.2872666676839193,16.90999984741211
2025-10-31,ABBV,0.010136212627251062,0.2872666676839193,16.90999984741211
2025-11-28,SPY,0.011318696650022674,0.2853999964396159,17.190000534057617
2025-11-28,LIN,0.011394756355353631,0.2853999964396159,17.190000534057617
2025-11-28,BAC,0.011952009121412033,0.2853999964396159,17.190000534057617
2025-11-28,V,0.01242401892489311,0.2853999964396159,17.190000534057617
2025-11-28,PEP,0.01256187593633915,0.2853999964396159,17.190000534057617
2025-12-31,SPY,0.006214869027273551,0.3,14.329999923706055
2025-12-31,AAPL,0.006515652543048667,0.3,14.329999923706055
2025-12-31,KO,0.0077537110654064545,0.3,14.329999923706055
2025-12-31,IBM,0.007808749941514615,0.3,14.329999923706055
2025-12-31,NFLX,0.009624064916411124,0.3,14.329999923706055
2026-01-30,BRK-B,0.006985409359982553,0.287466672261556,16.8799991607666
2026-01-30,SPY,0.007196994516635291,0.287466672261556,16.8799991607666
2026-01-30,NFLX,0.010215470828642381,0.287466672261556,16.8799991607666
2026-01-30,AAPL,0.01131655131144238,0.287466672261556,16.8799991607666
2026-01-30,MCD,0.011423988359237658,0.287466672261556,16.8799991607666
2026-02-27,SPY,0.009432216389565618,0.2758000055948893,18.6299991607666
2026-02-27,TMO,0.011977325713836428,0.2758000055948893,18.6299991607666
2026-02-27,BRK-B,0.015417819971612446,0.2758000055948893,18.6299991607666
2026-02-27,JNJ,0.01581365249232536,0.2758000055948893,18.6299991607666
2026-02-27,HD,0.016672060600078354,0.2758000055948893,18.6299991607666
2026-03-31,PG,0.008917984772312782,0.2,30.610000610351562
2026-03-31,MCD,0.008937267932199733,0.2,30.610000610351562
2026-03-31,KO,0.008978397461017317,0.2,30.610000610351562
2026-03-31,V,0.009601820942054706,0.2,30.610000610351562
2026-03-31,JNJ,0.010471405078539586,0.2,30.610000610351562
2026-04-30,BRK-B,0.008949199466677004,0.2746000035603841,18.809999465942383
2026-04-30,MCD,0.010652712440749256,0.2746000035603841,18.809999465942383
2026-04-30,JNJ,0.012621513750156544,0.2746000035603841,18.809999465942383
2026-04-30,ABT,0.013855765967787415,0.2746000035603841,18.809999465942383
2026-04-30,SPY,0.013963288957239329,0.2746000035603841,18.809999465942383
2026-05-29,CMCSA,0.008027474644337307,0.29506666819254557,15.739999771118164
2026-05-29,SPY,0.010075270865353314,0.29506666819254557,15.739999771118164
2026-05-29,KO,0.010991834432460212,0.29506666819254557,15.739999771118164
2026-05-29,PFE,0.011123489340660342,0.29506666819254557,15.739999771118164
2026-05-29,BRK-B,0.01136302692317348,0.29506666819254557,15.739999771118164
2026-06-30,COST,0.010735039190068995,0.28233333587646486,17.649999618530273
2026-06-30,PEP,0.012472765515283868,0.28233333587646486,17.649999618530273
2026-06-30,CVX,0.013164787783138765,0.28233333587646486,17.649999618530273
2026-06-30,SPY,0.01333862949188509,0.28233333587646486,17.649999618530273
2026-06-30,BRK-B,0.01443752718304352,0.28233333587646486,17.649999618530273
2026-07-31,SPY,0.009899915513056624,0.2860666656494141,17.09000015258789
2026-07-31,LIN,0.013075125167960121,0.2860666656494141,17.09000015258789
2026-07-31,BRK-B,0.014216077752406653,0.2860666656494141,17.09000015258789
2026-07-31,BAC,0.016856459940263236,0.2860666656494141,17.09000015258789
2026-07-31,JPM,0.01759280543220294,0.2860666656494141,17.09000015258789
